request_id,purchase_type,amount,department,request_date,approval_route,total_time_hours,return_count,rejection_reason,clarification_count,final_status
11840,IT,122395.11,Operations,2026-01-01,Manager → IT → Finance → Procurement,32.58,0,,0,Одобрена
14836,IT,74122.32,IT,2026-01-01,Manager → IT → Finance → Procurement,20.05,0,,0,Одобрена
10051,Простая,21221.29,Marketing,2026-01-01,Manager → Procurement,2.06,0,,0,Одобрена
10323,Простая,45692.7,Operations,2026-01-01,Manager → Procurement,8.47,0,,0,Одобрена
11909,IT,72543.36,Administration,2026-01-01,Manager → IT → Finance → Procurement,14.88,0,,1,Одобрена
10329,IT,131882.94,Sales,2026-01-01,Manager → IT → Finance → Procurement,25.64,0,,0,Одобрена
13819,IT,242572.94,Operations,2026-01-01,Manager → IT → Finance → Procurement,43.39,1,,3,Одобрена
10231,Простая,6002.31,Operations,2026-01-01,Manager → Procurement,10.27,0,Недостаточно бюджета,0,Отклонена
10436,Простая,12140.94,IT,2026-01-01,Manager → Procurement,2.7,0,,0,Одобрена
10102,IT,123163.84,Marketing,2026-01-01,Manager → IT → Finance → Procurement,42.42,0,,0,Одобрена
10885,Простая,36287.98,Sales,2026-01-01,Manager → Procurement,16.4,0,,0,Одобрена
11355,Юридическая,364573.83,Marketing,2026-01-01,Manager → Finance → Legal → Procurement,92.63,0,,0,Одобрена
13554,IT,150740.69,Finance,2026-01-01,Manager → IT → Finance → Procurement,42.47,0,,1,Одобрена
14982,Простая,3914.68,IT,2026-01-01,Manager → Procurement,10.68,0,,1,Одобрена
10390,Юридическая,2000000.0,Administration,2026-01-01,Manager → Finance → Legal → Procurement,1.0,0,,0,Одобрена
11997,Простая,18787.95,Finance,2026-01-01,Manager → Procurement,4.5,0,,0,Одобрена
13350,Простая,6470.39,IT,2026-01-02,Manager → Procurement,14.59,0,Некорректные данные,1,Отклонена
10484,Простая,6525.92,Sales,2026-01-02,Manager → Procurement,10.42,0,,0,Одобрена
11395,IT,95072.2,HR,2026-01-02,Manager → IT → Finance → Procurement,48.01,0,,0,Одобрена
10652,Юридическая,181693.35,Sales,2026-01-02,Manager → Finance → Legal → Procurement,65.7,0,Юридические риски,1,Отклонена
14793,Простая,16116.46,IT,2026-01-02,Manager → Procurement,6.96,0,,0,Одобрена
12413,Простая,8440.55,IT,2026-01-02,Manager → Procurement,5.18,0,,1,Одобрена
13748,Юридическая,496620.38,Operations,2026-01-02,Manager → Finance → Legal → Procurement,87.48,0,Юридические риски,0,Отклонена
12255,Юридическая,180610.16,Sales,2026-01-02,Manager → Finance → Legal → Procurement,23.52,0,,0,Одобрена
10426,IT,78798.57,HR,2026-01-02,Manager → IT → Finance → Procurement,37.97,0,,0,Одобрена
10862,IT,116890.5,IT,2026-01-02,Manager → IT → Finance → Procurement,19.83,0,,0,Одобрена
13629,IT,132235.03,Sales,2026-01-02,Manager → IT → Finance → Procurement,37.33,0,,1,В процессе
13220,Простая,39724.47,Operations,2026-01-02,Manager → Procurement,11.11,0,,0,Одобрена
12920,IT,78373.21,Sales,2026-01-02,Manager → IT → Finance → Procurement,52.4,1,,1,Одобрена
11437,Простая,13345.17,Sales,2026-01-02,Manager → Procurement,9.38,0,,1,Одобрена
11441,Простая,36785.75,Sales,2026-01-02,Manager → Procurement,3.09,0,,0,Одобрена
14516,Простая,39433.64,Administration,2026-01-02,Manager → Procurement,6.89,0,,0,Одобрена
12635,IT,86698.44,IT,2026-01-02,Manager → IT → Finance → Procurement,16.08,0,,0,Одобрена
13016,IT,119044.2,Marketing,2026-01-02,Manager → IT → Finance → Procurement,7.72,0,,0,Одобрена
14167,Простая,24140.67,HR,2026-01-02,Manager → Procurement,13.22,0,,1,Одобрена
14219,Юридическая,414225.36,Operations,2026-01-02,Manager → Finance → Legal → Procurement,65.71,0,,0,Одобрена
14725,Простая,18832.23,HR,2026-01-03,Manager → Procurement,31.45,2,Недостаточно бюджета,4,Отклонена
13572,Простая,20982.51,Administration,2026-01-03,Manager → Procurement,6.49,0,,0,В процессе
12517,Простая,19720.58,Operations,2026-01-03,Manager → Procurement,9.2,0,,0,Одобрена
10282,Простая,9687.87,Marketing,2026-01-03,Manager → Procurement,6.13,0,,0,Одобрена
11581,Юридическая,115326.01,Operations,2026-01-03,Manager → Finance → Legal → Procurement,34.25,0,,1,Одобрена
13473,IT,50810.58,Sales,2026-01-03,Manager → IT → Finance → Procurement,28.56,0,,1,Одобрена
11401,Простая,13992.98,IT,2026-01-03,Manager → Procurement,1.0,0,,0,Одобрена
13501,Простая,9670.61,IT,2026-01-03,Manager → Procurement,16.24,0,,0,Одобрена
10668,Юридическая,1043233.96,Operations,2026-01-03,Manager → Finance → Legal → Procurement,62.06,0,,1,Одобрена
14367,Простая,19699.03,Finance,2026-01-03,Manager → Procurement,40.04,2,,4,Одобрена
12334,Простая,13045.78,Finance,2026-01-04,Manager → Procurement,3.49,0,,0,Одобрена
13567,Юридическая,211311.3,Operations,2026-01-04,Manager → Finance → Legal → Procurement,83.72,0,,0,Одобрена
11299,IT,50634.64,Marketing,2026-01-04,Manager → IT → Finance → Procurement,61.85,1,,3,Одобрена
10294,Простая,21873.22,Finance,2026-01-04,Manager → Procurement,11.74,0,Недостаточно бюджета,0,Отклонена
10157,Простая,6498.7,Marketing,2026-01-04,Manager → Procurement,5.26,0,,0,Одобрена
14415,Простая,9062.39,Operations,2026-01-04,Manager → Procurement,12.01,0,,0,Одобрена
11239,Простая,17716.19,Operations,2026-01-04,Manager → Procurement,8.15,0,,0,Одобрена
12618,Юридическая,268450.48,Finance,2026-01-04,Manager → Finance → Legal → Procurement,125.07,3,,3,Одобрена
10230,Простая,40368.99,Marketing,2026-01-04,Manager → Procurement,1.0,0,,0,Одобрена
11689,IT,63508.85,HR,2026-01-04,Manager → IT → Finance → Procurement,73.15,2,,4,Одобрена
14627,IT,219876.39,Marketing,2026-01-04,Manager → IT → Finance → Procurement,44.46,1,Недостаточно бюджета,3,Отклонена
10422,Простая,50000.0,Sales,2026-01-04,Manager → Procurement,11.3,0,,0,Одобрена
14848,IT,30000.0,Sales,2026-01-04,Manager → IT → Finance → Procurement,35.94,0,,0,Одобрена
13535,IT,234129.82,Finance,2026-01-04,Manager → IT → Finance → Procurement,66.18,0,,0,Одобрена
14715,IT,100132.41,IT,2026-01-04,Manager → IT → Finance → Procurement,45.13,0,,0,Одобрена
12381,IT,293056.36,Sales,2026-01-04,Manager → IT → Finance → Procurement,1.0,0,,0,Одобрена
14277,Простая,13916.61,Operations,2026-01-05,Manager → Procurement,19.53,2,,3,Одобрена
10945,Простая,25308.42,IT,2026-01-05,Manager → Procurement,16.87,0,,1,Одобрена
13780,Юридическая,1500433.86,Marketing,2026-01-05,Manager → Finance → Legal → Procurement,81.94,0,,0,Одобрена
13538,IT,136007.14,Administration,2026-01-05,Manager → IT → Finance → Procurement,25.83,0,,0,Одобрена
14615,Простая,13865.57,IT,2026-01-05,Manager → Procurement,7.65,0,,0,Одобрена
14748,IT,135559.55,Operations,2026-01-05,Manager → IT → Finance → Procurement,32.63,0,,0,Одобрена
12947,Простая,17708.38,Administration,2026-01-05,Manager → Procurement,2.58,0,,0,Одобрена
10254,Простая,50000.0,Operations,2026-01-05,Manager → Procurement,7.89,0,,1,Одобрена
14374,Простая,28890.11,Administration,2026-01-05,Manager → Procurement,5.02,0,,0,Одобрена
12311,Юридическая,2000000.0,Sales,2026-01-05,Manager → Finance → Legal → Procurement,38.54,1,,3,Одобрена
14454,IT,247237.45,Finance,2026-01-05,Manager → IT → Finance → Procurement,40.48,0,,0,Одобрена
12979,IT,211584.92,Administration,2026-01-05,Manager → IT → Finance → Procurement,10.29,0,,0,Одобрена
11411,IT,71567.34,IT,2026-01-05,Manager → IT → Finance → Procurement,17.15,0,,0,Одобрена
12994,IT,246147.58,Operations,2026-01-06,Manager → IT → Finance → Procurement,39.54,0,,0,Одобрена
10760,Простая,5277.89,IT,2026-01-06,Manager → Procurement,11.77,0,,1,Одобрена
10926,Простая,11755.83,IT,2026-01-06,Manager → Procurement,22.75,1,Не согласовано руководителем,3,Отклонена
10114,IT,142851.57,Administration,2026-01-06,Manager → IT → Finance → Procurement,19.6,0,,0,Одобрена
13680,Простая,5468.61,Finance,2026-01-06,Manager → Procurement,13.7,0,,0,Одобрена
14645,Простая,19992.98,Operations,2026-01-06,Manager → Procurement,13.91,0,,0,Одобрена
10301,IT,256890.98,HR,2026-01-06,Manager → IT → Finance → Procurement,17.26,0,,0,Одобрена
11635,Юридическая,187160.75,Operations,2026-01-06,Manager → Finance → Legal → Procurement,47.25,0,,0,Одобрена
13048,IT,195650.19,Administration,2026-01-06,Manager → IT → Finance → Procurement,21.29,0,,0,Одобрена
13365,Простая,11523.11,HR,2026-01-06,Manager → Procurement,3.92,0,,0,Одобрена
10809,IT,104645.13,IT,2026-01-06,Manager → IT → Finance → Procurement,18.34,0,,1,В процессе
10082,Простая,25079.42,HR,2026-01-06,Manager → Procurement,13.66,0,,0,Одобрена
12636,Простая,15653.56,IT,2026-01-06,Manager → Procurement,12.5,0,,0,Одобрена
10838,Юридическая,333165.45,Sales,2026-01-07,Manager → Finance → Legal → Procurement,85.6,0,,0,Одобрена
14149,Простая,50000.0,Sales,2026-01-07,Manager → Procurement,4.98,0,,0,Одобрена
10427,Простая,8393.12,Administration,2026-01-07,Manager → Procurement,9.27,0,,0,В процессе
11018,IT,174029.28,Operations,2026-01-07,Manager → IT → Finance → Procurement,13.11,0,Недостаточно бюджета,0,Отклонена
14220,IT,182936.72,IT,2026-01-07,Manager → Finance → IT → Procurement,46.55,0,,0,Одобрена
10686,Простая,14083.17,IT,2026-01-07,Manager → Procurement,19.16,0,,0,Одобрена
11046,Простая,7578.4,Sales,2026-01-07,Manager → Procurement,8.25,0,,0,Одобрена
14323,IT,87626.92,IT,2026-01-07,Manager → IT → Finance → Procurement,26.72,0,,0,Одобрена
10241,IT,61877.31,IT,2026-01-07,Manager → IT → Finance → Procurement,59.44,0,,0,Одобрена
13725,IT,90916.5,Sales,2026-01-07,Manager → IT → Finance → Procurement,56.52,0,,0,Одобрена
12364,Юридическая,154925.65,Operations,2026-01-07,Manager → Finance → Legal → Procurement,48.78,0,,0,Одобрена
13573,Простая,29230.32,Operations,2026-01-07,Manager → Procurement,9.73,0,,1,Одобрена
11438,IT,184461.13,Marketing,2026-01-07,Manager → IT → Finance → Procurement,42.11,0,,1,Одобрена
12394,Простая,14419.79,Finance,2026-01-07,Manager → Procurement,3.23,0,,0,Одобрена
14876,IT,44701.21,Sales,2026-01-07,Manager → IT → Finance → Procurement,19.9,0,,0,Одобрена
11453,Юридическая,1607051.0,Sales,2026-01-08,Manager → Finance → Legal → Procurement,21.02,0,,0,Одобрена
10766,Простая,32489.67,Sales,2026-01-08,Manager → Procurement,4.13,0,,0,Одобрена
10744,Простая,21264.84,Operations,2026-01-08,Manager → Procurement,15.65,0,,1,Одобрена
12912,Простая,5241.36,IT,2026-01-08,Manager → Procurement,1.0,0,,0,Одобрена
14048,Простая,12844.58,Sales,2026-01-08,Manager → Procurement,11.37,0,,0,Одобрена
12157,Простая,12454.43,Operations,2026-01-08,Manager → Finance → Procurement,25.76,0,,1,Одобрена
10025,IT,75205.75,HR,2026-01-08,Manager → IT → Finance → Procurement,44.35,0,Некорректные данные,0,Отклонена
11941,Простая,18020.51,Finance,2026-01-08,Manager → Procurement,6.03,0,,0,В процессе
12054,IT,116142.82,Sales,2026-01-08,Manager → IT → Finance → Procurement,26.86,0,,0,Одобрена
10527,Юридическая,1726646.33,Marketing,2026-01-09,Manager → Finance → Legal → Procurement,83.17,0,,0,Одобрена
10104,Юридическая,241966.36,HR,2026-01-09,Manager → Finance → Legal → Procurement,41.24,0,,1,Одобрена
13925,Простая,8882.97,Sales,2026-01-09,Manager → Procurement,14.72,0,,0,Одобрена
12952,IT,56248.79,HR,2026-01-09,Manager → IT → Finance → Procurement,33.2,0,,0,Одобрена
11613,IT,70799.39,Sales,2026-01-09,Manager → IT → Finance → Procurement,30.64,0,,0,В процессе
14763,Юридическая,1679614.28,Finance,2026-01-09,Manager → Finance → Legal → Procurement,81.87,0,,0,Одобрена
13323,IT,207345.49,IT,2026-01-09,Manager → IT → Finance → Procurement,27.06,0,Технические требования не соблюдены,0,Отклонена
11816,IT,69013.64,IT,2026-01-09,Manager → IT → Finance → Procurement,39.41,0,Недостаточно бюджета,1,Отклонена
10824,IT,167290.45,IT,2026-01-09,Manager → IT → Finance → Procurement,24.12,0,,0,В процессе
13051,Юридическая,291345.09,Sales,2026-01-09,Manager → Finance → Legal → Procurement,58.73,0,Недостаточно бюджета,0,Отклонена
11783,Простая,11670.23,HR,2026-01-09,Manager → Procurement,3.74,0,,0,Одобрена
14322,IT,62823.7,Marketing,2026-01-09,Manager → IT → Finance → Procurement,33.45,0,,0,Одобрена
11798,Простая,24662.56,IT,2026-01-09,Manager → Procurement,7.53,0,,1,Одобрена
14508,Простая,23288.44,IT,2026-01-10,Manager → Finance → Procurement,24.56,0,,0,Одобрена
13559,IT,40195.04,Marketing,2026-01-10,Manager → IT → Finance → Procurement,37.93,0,,0,Одобрена
12288,IT,58825.41,IT,2026-01-10,Manager → IT → Finance → Procurement,25.82,0,,0,Одобрена
10737,Простая,31920.2,HR,2026-01-10,Manager → Procurement,8.41,0,,0,Одобрена
12892,Юридическая,1746595.52,Administration,2026-01-10,Manager → Legal → Finance → Procurement,82.12,1,,3,Одобрена
13552,IT,100404.35,HR,2026-01-10,Manager → IT → Finance → Procurement,47.5,0,,1,Одобрена
13249,Юридическая,563086.34,Sales,2026-01-10,Manager → Finance → Legal → Procurement,104.36,0,,0,Одобрена
12984,IT,236566.85,Administration,2026-01-10,Manager → IT → Finance → Procurement,27.98,0,,1,Одобрена
10622,Простая,23010.97,Marketing,2026-01-10,Manager → Procurement,14.58,0,,0,Одобрена
12986,Простая,15163.53,Marketing,2026-01-11,Manager → Procurement,5.35,0,,0,Одобрена
13443,Простая,27107.4,Marketing,2026-01-11,Manager → Procurement,3.42,0,,1,Одобрена
11486,Простая,4929.42,Operations,2026-01-11,Manager → Procurement,6.06,0,,0,Одобрена
13817,Простая,50000.0,Operations,2026-01-11,Manager → Procurement,5.21,0,,0,Одобрена
11477,Простая,17634.6,Operations,2026-01-11,Manager → Procurement,1.56,0,,1,Одобрена
14852,IT,246578.03,Finance,2026-01-11,Manager → IT → Finance → Procurement,33.09,0,,0,Одобрена
13503,Простая,49283.15,IT,2026-01-11,Manager → Procurement,8.69,0,Недостаточно бюджета,1,Отклонена
10695,Юридическая,1302674.11,Finance,2026-01-11,Manager → Finance → Procurement → Legal,45.27,0,,0,Одобрена
11336,Юридическая,381279.24,Sales,2026-01-12,Manager → Finance → Legal → Procurement,120.54,0,,0,Одобрена
13263,Простая,17292.75,Operations,2026-01-12,Manager → Procurement,7.75,0,,0,Одобрена
14321,IT,155362.25,Finance,2026-01-12,Manager → IT → Finance → Procurement,13.69,0,,1,В процессе
11578,IT,116013.35,Operations,2026-01-12,Manager → IT → Finance → Procurement,23.05,0,,0,Одобрена
13269,Юридическая,533457.23,Finance,2026-01-12,Manager → Finance → Legal → Procurement,28.16,0,,0,Одобрена
14261,Юридическая,862576.97,Administration,2026-01-12,Manager → Finance → Legal → Procurement,104.45,2,,3,Одобрена
11108,Простая,14085.27,IT,2026-01-12,Manager → Procurement,2.3,0,,1,Одобрена
14948,IT,180564.1,Marketing,2026-01-12,Manager → IT → Finance → Procurement,65.65,0,,1,Одобрена
13563,Юридическая,309034.93,Operations,2026-01-12,Manager → Finance → Legal → Procurement,99.13,0,,0,Одобрена
13103,Юридическая,233715.25,Finance,2026-01-13,Manager → Finance → Legal → Procurement,43.77,0,,0,Одобрена
11464,Простая,18372.39,Marketing,2026-01-13,Manager → Procurement,32.5,2,,4,Одобрена
12672,Простая,11727.35,IT,2026-01-13,Manager → Procurement,8.11,0,,1,Одобрена
11542,Простая,14088.69,Marketing,2026-01-13,Manager → Procurement,13.12,0,,0,Одобрена
12335,Простая,20485.25,Sales,2026-01-13,Manager → Procurement,6.21,0,,0,Одобрена
14215,IT,90611.71,IT,2026-01-13,Manager → IT → Finance → Procurement,33.92,0,,0,Одобрена
12312,Простая,7690.93,Marketing,2026-01-13,Manager → Procurement,3.18,0,,1,Одобрена
12864,Простая,16469.4,Sales,2026-01-13,Manager → Procurement,28.18,1,,3,Одобрена
14765,Простая,12304.39,Sales,2026-01-13,Manager → Procurement,2.89,0,,1,Одобрена
13790,IT,34347.62,Operations,2026-01-13,Manager → IT → Finance → Procurement,12.87,0,,1,Одобрена
13157,Простая,9717.48,Operations,2026-01-13,Manager → Procurement,2.35,0,,0,В процессе
11446,IT,98759.72,IT,2026-01-13,Manager → IT → Finance → Procurement,41.7,0,,0,Одобрена
10001,IT,36633.04,Marketing,2026-01-13,Manager → Finance → IT → Procurement,34.17,0,,0,Одобрена
10099,Простая,11613.33,Operations,2026-01-13,Manager → Procurement,7.57,0,,0,Одобрена
11385,Юридическая,327812.57,IT,2026-01-13,Manager → Finance → Legal → Procurement,84.4,0,,0,В процессе
11734,Простая,7210.35,Operations,2026-01-13,Manager → Procurement,12.24,0,,1,Одобрена
10194,IT,139711.37,Finance,2026-01-14,Manager → IT → Finance → Procurement,37.31,2,,3,В процессе
10008,IT,97385.7,Finance,2026-01-14,Manager → IT → Finance → Procurement,47.24,2,,6,Одобрена
14302,IT,64169.18,Sales,2026-01-14,Manager → IT → Finance → Procurement,32.23,0,,0,В процессе
11901,IT,223825.2,Sales,2026-01-14,Manager → IT → Finance → Procurement,42.83,0,,0,Одобрена
10677,Юридическая,248272.98,IT,2026-01-14,Manager → Finance → Legal → Procurement,56.81,0,,0,Одобрена
10433,IT,150880.03,Finance,2026-01-14,Manager → IT → Finance → Procurement,47.68,0,,1,Одобрена
10498,IT,109488.9,Marketing,2026-01-14,Manager → IT → Finance → Procurement,73.8,2,,6,Одобрена
12085,IT,107925.31,HR,2026-01-14,Manager → IT → Finance → Procurement,90.58,0,,0,Одобрена
12019,IT,181536.37,IT,2026-01-14,Manager → IT → Finance → Procurement,1.0,0,,0,Одобрена
10892,Юридическая,100000.0,HR,2026-01-14,Manager → Finance → Legal → Procurement,97.76,0,,0,Одобрена
14413,IT,236508.12,Marketing,2026-01-14,Manager → Finance → IT → Procurement,86.08,2,,6,Одобрена
11991,Простая,9041.52,IT,2026-01-15,Manager → Procurement,6.86,0,Не согласовано руководителем,0,Отклонена
14315,Простая,14329.48,IT,2026-01-15,Manager → Procurement,4.57,0,,0,В процессе
14562,Простая,5411.72,IT,2026-01-15,Manager → Procurement,1.55,0,,0,Одобрена
12475,Простая,17586.71,Sales,2026-01-15,Manager → Procurement,5.84,0,,0,Одобрена
10413,Простая,50000.0,Marketing,2026-01-15,Manager → Procurement,1.0,0,,0,Одобрена
11021,Юридическая,466872.79,Administration,2026-01-15,Manager → Finance → Legal → Procurement,57.75,0,,1,Одобрена
10501,IT,50253.32,IT,2026-01-15,Manager → IT → Finance → Procurement,46.33,1,,1,В процессе
14596,Юридическая,951566.21,Sales,2026-01-15,Manager → Finance → Legal → Procurement,91.54,0,,0,Одобрена
13756,Простая,14013.52,Marketing,2026-01-15,Manager → Procurement,12.46,0,,0,В процессе
12706,Простая,10074.35,Sales,2026-01-15,Manager → Procurement,5.9,0,,1,Одобрена
12237,Простая,8733.96,Sales,2026-01-15,Manager → Procurement,5.69,0,,0,В процессе
12004,IT,133089.08,Sales,2026-01-15,Manager → IT → Finance → Procurement,36.27,1,,2,В процессе
14637,Простая,26653.86,HR,2026-01-15,Manager → Procurement,1.0,0,,0,Одобрена
13742,Простая,45263.04,Finance,2026-01-15,Manager → Procurement,9.21,0,,1,Одобрена
12946,Простая,26860.69,Marketing,2026-01-15,Manager → Procurement,5.53,0,,0,Одобрена
11627,Простая,39555.2,HR,2026-01-15,Manager → Procurement,10.69,0,,0,Одобрена
12821,Простая,4197.32,HR,2026-01-16,Manager → Procurement,10.25,0,,1,Одобрена
14148,IT,120435.41,Sales,2026-01-16,Manager → IT → Finance → Procurement,50.07,0,Некорректные данные,0,Отклонена
14137,IT,46585.2,Sales,2026-01-16,Manager → IT → Finance → Procurement,48.24,0,,0,Одобрена
10689,IT,90097.89,Operations,2026-01-16,Manager → IT → Finance → Procurement,41.78,0,,1,Одобрена
14829,IT,89728.72,Sales,2026-01-16,Manager → IT → Finance → Procurement,30.1,0,,0,В процессе
11501,IT,48076.97,Administration,2026-01-16,Manager → IT → Finance → Procurement,44.4,0,,0,Одобрена
13409,IT,208756.55,Operations,2026-01-16,Manager → IT → Finance → Procurement,33.75,0,,0,Одобрена
14355,Юридическая,337106.12,Finance,2026-01-16,Manager → Finance → Legal → Procurement,63.92,2,,3,Одобрена
11664,Простая,20925.83,Operations,2026-01-16,Manager → Finance → Procurement,21.82,0,,0,Одобрена
11269,Простая,8744.57,IT,2026-01-16,Manager → Procurement,15.79,0,Не согласовано руководителем,0,Отклонена
12709,Простая,6393.59,Sales,2026-01-16,Manager → Procurement,10.63,0,,0,Одобрена
12190,Юридическая,457355.52,Finance,2026-01-16,Manager → Finance → Legal → Procurement,73.34,1,Некорректные данные,3,Отклонена
14123,Юридическая,523415.66,Operations,2026-01-17,Manager → Finance → Legal → Procurement,33.51,0,,0,Одобрена
13562,IT,30000.0,Marketing,2026-01-17,Manager → IT → Finance → Procurement,22.87,0,,0,Одобрена
11661,Простая,11209.58,Marketing,2026-01-17,Manager → Procurement,8.55,0,,0,Одобрена
10280,Юридическая,379684.95,Finance,2026-01-17,Manager → Finance → Legal → Procurement,35.51,0,,0,Одобрена
14538,Юридическая,1005254.07,Marketing,2026-01-17,Manager → Finance → Legal → Procurement,108.59,0,,0,Одобрена
13383,Юридическая,168093.44,IT,2026-01-17,Manager → Finance → Legal → Procurement,49.21,0,,0,Одобрена
10026,Простая,10890.24,HR,2026-01-17,Manager → Procurement,2.1,0,,1,Одобрена
12656,Юридическая,709911.25,Operations,2026-01-17,Manager → Finance → Legal → Procurement,36.81,1,,3,Одобрена
10439,IT,68008.58,Administration,2026-01-17,Manager → IT → Finance → Procurement,59.22,0,,0,Одобрена
14035,Простая,50000.0,Sales,2026-01-17,Manager → Procurement,6.58,0,,1,Одобрена
13921,Простая,13665.71,Sales,2026-01-17,Manager → Procurement,8.94,0,,0,Одобрена
13661,Простая,16220.8,Marketing,2026-01-17,Manager → Procurement,11.71,0,,0,Одобрена
11529,Простая,29920.58,Sales,2026-01-17,Manager → Procurement,13.54,0,,0,Одобрена
13967,Простая,20913.95,Sales,2026-01-17,Manager → Procurement,6.28,0,,0,Одобрена
10370,Юридическая,772844.98,Marketing,2026-01-17,Manager → Finance → Legal → Procurement,74.76,0,Недостаточно бюджета,0,Отклонена
10558,Простая,50000.0,Marketing,2026-01-17,Manager → Procurement,1.0,0,,0,Одобрена
11231,Простая,39663.37,Administration,2026-01-17,Manager → Procurement,11.47,0,,0,Одобрена
10306,Простая,25424.09,HR,2026-01-17,Manager → Procurement,1.0,0,,0,Одобрена
12296,Простая,28639.31,Administration,2026-01-18,Manager → Procurement,4.32,0,,0,В процессе
12623,Простая,50000.0,IT,2026-01-18,Manager → Procurement,11.45,0,,0,Одобрена
12121,Простая,37098.81,Sales,2026-01-18,Manager → Procurement,2.71,0,Недостаточно бюджета,0,Отклонена
13758,Простая,47221.67,IT,2026-01-18,Manager → Procurement,11.07,0,,0,Одобрена
13450,IT,88670.04,Operations,2026-01-18,Manager → IT → Finance → Procurement,32.36,2,,3,Одобрена
10898,Простая,8304.81,Operations,2026-01-18,Manager → Procurement,2.42,0,,0,Одобрена
13638,Простая,2332.57,Sales,2026-01-18,Manager → Finance → Procurement,24.16,0,,0,В процессе
13643,IT,95221.11,IT,2026-01-18,Manager → IT → Finance → Procurement,46.72,0,Недостаточно бюджета,0,Отклонена
10494,Простая,17574.07,Marketing,2026-01-18,Manager → Procurement,10.96,0,,0,Одобрена
12685,Простая,5772.94,IT,2026-01-18,Manager → Procurement,4.45,0,,0,Одобрена
12931,IT,54554.01,Marketing,2026-01-18,Manager → Finance → IT → Procurement,25.43,0,,0,В процессе
12547,Юридическая,287046.56,Sales,2026-01-18,Manager → Legal → Finance → Procurement,70.05,0,,0,Одобрена
10368,IT,86108.75,Operations,2026-01-18,Manager → IT → Finance → Procurement,39.68,1,,2,Одобрена
13947,Простая,6168.28,IT,2026-01-18,Manager → Procurement,3.57,0,,0,Одобрена
11753,Юридическая,1572853.33,Operations,2026-01-19,Manager → Finance → Legal → Procurement,43.24,0,,0,Одобрена
13441,Простая,8501.33,Operations,2026-01-19,Manager → Procurement,33.04,0,,0,Одобрена
13325,IT,87899.7,Operations,2026-01-19,Manager → IT → Finance → Procurement,41.17,0,,0,Одобрена
12131,Простая,26369.58,Sales,2026-01-19,Manager → Procurement,2.91,0,,0,Одобрена
10964,Простая,8779.64,Marketing,2026-01-19,Manager → Procurement,10.73,0,,0,Одобрена
10845,Простая,10245.89,Sales,2026-01-19,Manager → Procurement,8.24,0,,1,Одобрена
13084,IT,112198.81,HR,2026-01-19,Manager → IT → Finance → Procurement,18.57,0,,0,Одобрена
10399,Простая,7672.83,Finance,2026-01-19,Manager → Procurement,5.3,0,,0,Одобрена
13064,Юридическая,167467.47,Operations,2026-01-19,Manager → Finance → Legal → Procurement,1.0,0,,0,Одобрена
12888,Юридическая,334414.24,Marketing,2026-01-19,Manager → Finance → Legal → Procurement,97.59,0,,0,Одобрена
11736,IT,94227.79,Administration,2026-01-19,Manager → IT → Finance → Procurement,30.07,0,,0,Одобрена
12194,Простая,19354.36,Sales,2026-01-19,Manager → Procurement,13.53,0,,0,Одобрена
10247,IT,53621.12,Sales,2026-01-19,Manager → IT → Finance → Procurement,49.6,2,,3,Одобрена
12512,Простая,26296.12,Sales,2026-01-19,Manager → Procurement,10.66,0,,0,Одобрена
14722,IT,108345.86,Administration,2026-01-19,Manager → IT → Finance → Procurement,21.17,0,,1,Одобрена
12538,Простая,7714.37,Operations,2026-01-19,Manager → Procurement,8.93,0,,0,Одобрена
14803,Простая,28898.89,Finance,2026-01-20,Manager → Procurement,10.82,0,,0,Одобрена
12466,IT,39720.67,IT,2026-01-20,Manager → IT → Finance → Procurement,4.4,0,,0,Одобрена
11004,Простая,17161.59,IT,2026-01-20,Manager → Procurement,13.56,0,,0,Одобрена
14088,IT,60719.32,Operations,2026-01-20,Manager → IT → Finance → Procurement,47.13,0,,0,Одобрена
12519,IT,94497.51,Sales,2026-01-20,Manager → IT → Finance → Procurement,38.47,0,,0,В процессе
12950,Юридическая,517920.97,Administration,2026-01-20,Manager → Finance → Legal → Procurement,1.0,0,,0,Одобрена
12702,IT,64714.66,Sales,2026-01-20,Manager → IT → Finance → Procurement,23.82,0,,0,Одобрена
13069,IT,139357.98,IT,2026-01-20,Manager → IT → Finance → Procurement,25.19,1,,3,Одобрена
14287,Юридическая,454318.45,Operations,2026-01-20,Manager → Finance → Legal → Procurement,122.18,2,,5,Одобрена
14032,Простая,19156.71,Administration,2026-01-20,Manager → Procurement,2.75,0,,1,Одобрена
14024,Юридическая,305845.41,Sales,2026-01-20,Manager → Finance → Legal → Procurement,33.44,0,,0,Одобрена
14510,Простая,24046.29,IT,2026-01-20,Manager → Procurement,2.32,0,,1,Одобрена
14539,Простая,10489.47,Finance,2026-01-20,Manager → Procurement,6.84,0,,0,Одобрена
11696,IT,109569.95,Marketing,2026-01-20,Manager → Finance → IT → Procurement,51.01,2,Недостаточно бюджета,3,Отклонена
14788,IT,248047.32,Sales,2026-01-20,Manager → IT → Finance → Procurement,7.66,0,,0,Одобрена
10747,Простая,31302.07,IT,2026-01-20,Manager → Procurement,13.64,0,,0,Одобрена
10794,Простая,10400.82,IT,2026-01-20,Manager → Finance → Procurement,26.73,0,,1,Одобрена
12916,Простая,9694.89,Administration,2026-01-20,Manager → Procurement,5.88,0,,0,Одобрена
13452,IT,67470.76,IT,2026-01-20,Manager → IT → Finance → Procurement,66.2,1,,3,Одобрена
13424,Простая,50000.0,Administration,2026-01-20,Manager → Procurement,2.81,0,,0,Одобрена
13589,IT,133395.95,Sales,2026-01-21,Manager → IT → Finance → Procurement,43.66,2,,5,В процессе
10296,Юридическая,249764.98,HR,2026-01-21,Manager → Finance → Legal → Procurement,63.79,0,Юридические риски,0,Отклонена
12696,Простая,11067.93,HR,2026-01-21,Manager → Procurement,17.27,0,,1,Одобрена
11601,Юридическая,277663.24,IT,2026-01-21,Manager → Finance → Legal → Procurement,91.88,0,,0,В процессе
12393,Простая,29146.35,Marketing,2026-01-21,Manager → Procurement,12.89,0,,1,Одобрена
10881,Простая,21123.99,Marketing,2026-01-21,Manager → Procurement,16.39,2,,3,Одобрена
12825,Юридическая,981861.83,Administration,2026-01-21,Manager → Finance → Legal → Procurement,30.43,0,,0,Одобрена
10419,Простая,26193.99,IT,2026-01-21,Manager → Procurement,7.97,0,,0,Одобрена
14292,Простая,37467.16,Operations,2026-01-21,Manager → Procurement,8.67,0,Недостаточно бюджета,0,Отклонена
14424,Простая,10789.78,Marketing,2026-01-21,Manager → Procurement,9.42,0,,1,Одобрена
14121,Юридическая,1374827.58,HR,2026-01-21,Manager → Finance → Legal → Procurement,44.42,0,,0,Одобрена
11157,Простая,24736.66,Sales,2026-01-21,Manager → Procurement,6.39,0,,0,Одобрена
13044,Простая,16162.71,Sales,2026-01-21,Manager → Procurement,8.01,0,,0,Одобрена
12759,IT,78075.75,Marketing,2026-01-21,Manager → IT → Finance → Procurement,71.06,3,,4,Одобрена
14345,IT,133125.41,HR,2026-01-22,Manager → IT → Finance → Procurement,50.13,0,,1,Одобрена
10583,Простая,20374.79,Marketing,2026-01-22,Manager → Procurement,7.1,0,,0,Одобрена
13994,Простая,34489.48,Sales,2026-01-22,Manager → Procurement,18.99,0,,1,Одобрена
13066,Простая,31839.06,IT,2026-01-22,Manager → Procurement,8.82,0,,1,Одобрена
10739,Простая,5715.96,Administration,2026-01-22,Manager → Procurement,15.06,0,,0,В процессе
14863,Простая,17030.63,IT,2026-01-22,Manager → Procurement,2.12,0,,0,Одобрена
10438,IT,104109.36,Marketing,2026-01-22,Manager → IT → Finance → Procurement,44.35,0,,1,Одобрена
14861,IT,75900.97,IT,2026-01-22,Manager → IT → Finance → Procurement,5.66,0,,1,Одобрена
10663,Простая,41285.61,Sales,2026-01-22,Manager → Procurement,10.07,0,Недостаточно бюджета,0,Отклонена
12883,IT,67972.64,Marketing,2026-01-22,Manager → IT → Finance → Procurement,81.93,2,,6,Одобрена
10621,IT,35745.3,Sales,2026-01-22,Manager → IT → Finance → Procurement,33.93,0,,1,Одобрена
12527,Юридическая,2000000.0,Operations,2026-01-22,Manager → Finance → Legal → Procurement,80.43,3,,3,Одобрена
13700,Простая,33297.93,IT,2026-01-22,Manager → Procurement,9.24,0,,1,Одобрена
11608,Простая,18284.6,Marketing,2026-01-23,Manager → Procurement,16.45,0,,1,В процессе
12462,IT,57978.91,HR,2026-01-23,Manager → IT → Finance → Procurement,32.59,1,,2,Одобрена
12530,IT,30495.63,IT,2026-01-23,Manager → IT → Finance → Procurement,36.38,1,,2,Одобрена
12103,IT,121206.58,HR,2026-01-23,Manager → IT → Finance → Procurement,30.83,0,,1,Одобрена
12917,Простая,8452.9,Operations,2026-01-23,Manager → Procurement,2.33,0,,0,Одобрена
11780,Простая,11180.29,Finance,2026-01-23,Manager → Procurement,9.86,0,,1,Одобрена
14761,IT,203670.22,Operations,2026-01-23,Manager → IT → Finance → Procurement,33.99,0,,0,Одобрена
12219,Юридическая,204739.77,Marketing,2026-01-23,Manager → Finance → Legal → Procurement,1.0,0,,0,Одобрена
14993,IT,72159.8,Sales,2026-01-23,Manager → IT → Finance → Procurement,72.68,2,,6,Одобрена
14447,Простая,14654.0,Sales,2026-01-23,Manager → Procurement,6.86,0,,0,Одобрена
12550,Простая,18174.65,IT,2026-01-23,Manager → Procurement,7.54,0,,0,Одобрена
11034,Юридическая,404048.88,IT,2026-01-23,Manager → Finance → Legal → Procurement,85.39,0,,0,Одобрена
12279,Юридическая,265773.82,HR,2026-01-23,Manager → Finance → Legal → Procurement,49.79,0,,0,Одобрена
12750,Простая,10316.26,Operations,2026-01-23,Manager → Finance → Procurement,28.82,0,,0,Одобрена
14028,IT,124881.27,Operations,2026-01-23,Manager → Finance → IT → Procurement,61.14,2,,6,Одобрена
14425,IT,97152.33,HR,2026-01-23,Manager → IT → Finance → Procurement,33.29,0,,1,Одобрена
11095,IT,56805.02,Administration,2026-01-23,Manager → IT → Finance → Procurement,11.73,0,,0,Одобрена
10590,Простая,50000.0,HR,2026-01-23,Manager → Procurement,5.87,0,,0,Одобрена
11064,IT,300000.0,Sales,2026-01-24,Manager → IT → Finance → Procurement,43.98,1,,2,Одобрена
13641,Простая,15984.29,Marketing,2026-01-24,Manager → Finance → Procurement,14.5,0,,0,Одобрена
12752,IT,96354.98,Marketing,2026-01-24,Manager → IT → Finance → Procurement,3.09,0,,1,Одобрена
10047,Простая,10499.7,Marketing,2026-01-24,Manager → Procurement,5.65,0,,0,Одобрена
11256,Юридическая,677991.61,Administration,2026-01-24,Manager → Finance → Legal → Procurement,31.76,0,,1,Одобрена
10167,IT,168411.71,Sales,2026-01-24,Manager → IT → Finance → Procurement,33.18,0,,0,Одобрена
10458,Простая,7771.22,HR,2026-01-24,Manager → Procurement,9.43,0,,1,Одобрена
11182,Простая,20990.0,Sales,2026-01-24,Manager → Procurement,2.49,0,,0,Одобрена
13152,IT,87042.1,Sales,2026-01-25,Manager → IT → Finance → Procurement,46.31,1,,2,Одобрена
12370,IT,79355.58,Administration,2026-01-25,Manager → IT → Finance → Procurement,31.62,0,,0,Одобрена
14450,Простая,42748.16,Marketing,2026-01-25,Manager → Procurement,9.67,0,,1,В процессе
10526,Простая,5436.52,Administration,2026-01-25,Manager → Procurement,9.65,0,,0,Одобрена
10952,Простая,21762.8,Sales,2026-01-25,Manager → Procurement,6.06,0,,0,Одобрена
11812,Простая,20542.39,Marketing,2026-01-25,Manager → Procurement,13.07,0,,0,Одобрена
13532,Простая,12444.53,IT,2026-01-25,Manager → Procurement,12.82,0,,0,Одобрена
12693,Юридическая,921978.18,Sales,2026-01-25,Manager → Finance → Legal → Procurement,61.23,0,,1,Одобрена
13215,Простая,10303.85,Marketing,2026-01-25,Manager → Procurement,7.16,0,,0,В процессе
13481,Простая,8294.5,IT,2026-01-25,Manager → Procurement,14.94,0,,0,Одобрена
10771,Простая,17084.16,Operations,2026-01-25,Manager → Procurement,3.15,0,,0,Одобрена
11191,Простая,4742.3,Operations,2026-01-25,Manager → Finance → Procurement,27.21,0,,0,Одобрена
11077,IT,104869.21,HR,2026-01-26,Manager → IT → Finance → Procurement,31.32,0,,1,Одобрена
11386,Простая,16149.36,Operations,2026-01-26,Manager → Procurement,5.15,0,,0,Одобрена
14432,Юридическая,316927.16,Marketing,2026-01-26,Manager → Finance → Legal → Procurement,47.67,0,Некорректные данные,0,Отклонена
14082,Простая,24220.58,Sales,2026-01-26,Manager → Procurement,1.76,0,,1,Одобрена
14330,Юридическая,133177.22,HR,2026-01-26,Manager → Finance → Legal → Procurement,54.78,0,,0,Одобрена
11575,Простая,12296.26,Sales,2026-01-26,Manager → Procurement,16.63,0,,0,Одобрена
14213,Простая,18064.28,IT,2026-01-26,Manager → Procurement,13.51,0,,0,Одобрена
11961,IT,220027.24,Sales,2026-01-26,Manager → IT → Finance → Procurement,32.87,1,,2,Одобрена
10976,IT,74969.37,Marketing,2026-01-26,Manager → IT → Finance → Procurement,43.16,0,,0,Одобрена
11577,IT,66157.25,Sales,2026-01-26,Manager → IT → Finance → Procurement,33.54,0,,0,Одобрена
13526,Простая,14039.37,Operations,2026-01-26,Manager → Procurement,3.14,0,,0,Одобрена
11198,IT,123004.45,IT,2026-01-26,Manager → IT → Finance → Procurement,10.21,0,,0,Одобрена
10128,Простая,13308.46,Marketing,2026-01-26,Manager → Procurement,6.72,0,Некорректные данные,1,Отклонена
10242,IT,63998.19,Marketing,2026-01-27,Manager → IT → Finance → Procurement,44.42,0,,0,Одобрена
12087,Простая,10636.42,Finance,2026-01-27,Manager → Procurement,1.0,0,,0,Одобрена
14871,Простая,5891.74,IT,2026-01-27,Manager → Procurement,13.03,0,,1,Одобрена
11272,Простая,21952.19,Marketing,2026-01-27,Manager → Procurement,7.29,0,,0,Одобрена
10475,Простая,34834.84,Finance,2026-01-27,Manager → Procurement,3.7,0,,0,Одобрена
11116,Простая,4437.12,Operations,2026-01-27,Manager → Procurement,1.41,0,,0,Одобрена
14178,Юридическая,652545.31,Sales,2026-01-27,Manager → Finance → Legal → Procurement,74.7,0,,0,Одобрена
11773,IT,115286.06,Sales,2026-01-27,Manager → IT → Finance → Procurement,28.71,1,,2,Одобрена
14238,Юридическая,657312.44,Finance,2026-01-27,Manager → Finance → Legal → Procurement,119.5,2,,6,В процессе
13649,Простая,32330.58,Sales,2026-01-27,Manager → Procurement,13.31,0,,0,Одобрена
14790,IT,65605.87,Administration,2026-01-27,Manager → IT → Finance → Procurement,37.54,0,,0,Одобрена
11632,Юридическая,459620.49,IT,2026-01-27,Manager → Finance → Legal → Procurement,32.54,0,,0,Одобрена
12342,Простая,18737.42,Marketing,2026-01-27,Manager → Procurement,11.32,0,,0,Одобрена
13954,IT,53976.14,Administration,2026-01-27,Manager → IT → Finance → Procurement,35.86,0,,1,Одобрена
11455,Простая,29094.25,Finance,2026-01-28,Manager → Procurement,3.5,0,,0,Одобрена
12973,Простая,37414.49,Sales,2026-01-28,Manager → Procurement,10.49,0,,0,Одобрена
14468,IT,100094.8,HR,2026-01-28,Manager → IT → Finance → Procurement,55.66,1,,1,Одобрена
11347,Простая,15289.96,Administration,2026-01-28,Manager → Procurement,8.32,0,,1,Одобрена
13284,Простая,7284.4,Sales,2026-01-28,Manager → Procurement,21.27,1,,1,Одобрена
12819,Простая,11627.47,Administration,2026-01-28,Manager → Procurement,5.89,0,,0,Одобрена
12824,Юридическая,251805.86,Marketing,2026-01-28,Manager → Finance → Legal → Procurement,64.26,0,Некорректные данные,0,Отклонена
11551,Простая,17768.23,Operations,2026-01-28,Manager → Procurement,2.02,0,,1,Одобрена
10456,Простая,50000.0,Sales,2026-01-28,Manager → Procurement,6.14,0,,0,В процессе
12858,Простая,12580.66,Marketing,2026-01-28,Manager → Procurement,1.0,0,,0,В процессе
12446,IT,93676.84,Finance,2026-01-28,Manager → IT → Finance → Procurement,19.01,0,Некорректные данные,0,Отклонена
13054,IT,101341.15,Finance,2026-01-28,Manager → IT → Finance → Procurement,14.72,0,Недостаточно бюджета,1,Отклонена
14006,Простая,11333.26,Finance,2026-01-28,Manager → Procurement,7.69,0,,0,Одобрена
11197,Простая,9793.79,Operations,2026-01-28,Manager → Finance → Procurement,21.09,0,,1,Одобрена
12850,Простая,16003.7,Finance,2026-01-29,Manager → Procurement,9.3,0,,1,Одобрена
13222,IT,120947.4,Operations,2026-01-29,Manager → IT → Finance → Procurement,26.16,0,Технические требования не соблюдены,0,Отклонена
10730,IT,42551.44,Marketing,2026-01-29,Manager → IT → Finance → Procurement,45.12,0,,1,Одобрена
10023,Юридическая,907333.3,Operations,2026-01-29,Manager → Finance → Legal → Procurement,84.31,0,,0,Одобрена
12568,Простая,27970.11,HR,2026-01-29,Manager → Procurement,12.11,0,,0,Одобрена
13859,IT,127700.15,Marketing,2026-01-29,Manager → IT → Finance → Procurement,62.65,1,,3,Одобрена
12484,Простая,50000.0,Operations,2026-01-29,Manager → Procurement,5.11,0,Не согласовано руководителем,0,Отклонена
11672,IT,137558.9,Marketing,2026-01-29,Manager → IT → Finance → Procurement,27.65,0,,0,Одобрена
14263,Простая,12807.8,Finance,2026-01-29,Manager → Procurement,13.31,0,,0,Одобрена
10315,Простая,12567.71,Marketing,2026-01-29,Manager → Finance → Procurement,13.46,0,,1,Одобрена
12248,IT,56191.09,IT,2026-01-29,Manager → Finance → IT → Procurement,17.08,0,,0,Одобрена
14928,Простая,39666.12,IT,2026-01-29,Manager → Procurement,16.07,0,,0,Одобрена
14019,Простая,12342.9,Finance,2026-01-29,Manager → Procurement,14.22,0,,1,Одобрена
14754,Простая,9873.73,IT,2026-01-29,Manager → Procurement,13.13,0,,1,Одобрена
12948,IT,78738.42,Sales,2026-01-30,Manager → IT → Finance → Procurement,31.74,0,,0,Одобрена
12428,IT,156832.0,IT,2026-01-30,Manager → IT → Finance → Procurement,33.6,0,,1,Одобрена
12120,Простая,13915.16,Finance,2026-01-30,Manager → Procurement,6.37,0,,0,Одобрена
11389,Юридическая,1009976.88,Administration,2026-01-30,Manager → Finance → Legal → Procurement,66.03,0,Некорректные данные,0,Отклонена
12115,Простая,25544.44,Operations,2026-01-30,Manager → Procurement,3.72,0,Недостаточно бюджета,1,Отклонена
13229,IT,89353.07,Administration,2026-01-30,Manager → IT → Finance → Procurement,23.48,0,,0,Одобрена
13949,Юридическая,1051641.23,Sales,2026-01-30,Manager → Finance → Legal → Procurement,90.48,0,Недостаточно бюджета,1,Отклонена
10631,Юридическая,165630.73,Sales,2026-01-30,Manager → Finance → Legal → Procurement,93.61,0,,0,Одобрена
13416,Простая,17518.34,Operations,2026-01-30,Manager → Procurement,13.37,0,,1,Одобрена
11787,Простая,17536.68,Sales,2026-01-30,Manager → Procurement,1.81,0,,0,Одобрена
14332,Юридическая,1008868.52,IT,2026-01-30,Manager → Finance → Legal → Procurement,66.84,0,,1,Одобрена
10896,Юридическая,1355011.48,Operations,2026-01-31,Manager → Finance → Legal → Procurement,51.94,0,,1,В процессе
14966,Простая,5891.55,IT,2026-01-31,Manager → Procurement,15.45,0,,1,В процессе
13906,IT,124261.11,Marketing,2026-01-31,Manager → IT → Finance → Procurement,33.07,1,,3,Одобрена
12258,IT,257310.65,Administration,2026-01-31,Manager → IT → Finance → Procurement,28.3,0,,1,Одобрена
10836,IT,64993.38,IT,2026-01-31,Manager → IT → Finance → Procurement,35.11,0,,1,Одобрена
11275,Простая,34787.37,IT,2026-01-31,Manager → Procurement,2.08,0,,1,Одобрена
12243,Простая,16373.43,Finance,2026-01-31,Manager → Procurement,6.84,0,,0,Одобрена
11605,Простая,30997.67,Finance,2026-01-31,Manager → Procurement,6.31,0,,0,Одобрена
11016,Простая,9957.35,IT,2026-01-31,Manager → Procurement,4.68,0,,0,Одобрена
12154,IT,73593.11,HR,2026-01-31,Manager → IT → Finance → Procurement,17.78,1,,3,Одобрена
13577,IT,172864.27,IT,2026-01-31,Manager → IT → Finance → Procurement,15.42,0,Недостаточно бюджета,1,Отклонена
14258,Простая,21782.46,Administration,2026-01-31,Manager → Procurement,1.0,0,,0,Одобрена
14091,Простая,14640.73,Finance,2026-01-31,Manager → Procurement,7.64,0,,1,Одобрена
11671,Простая,37269.16,Sales,2026-01-31,Manager → Procurement,4.01,0,,0,Одобрена
14017,Простая,15661.99,Finance,2026-01-31,Manager → Procurement,2.37,0,,1,Одобрена
11160,IT,30187.92,Administration,2026-02-01,Manager → IT → Finance → Procurement,20.46,0,,0,Одобрена
14670,Простая,21588.23,Operations,2026-02-01,Manager → Procurement,7.33,0,,0,Одобрена
14138,Юридическая,618810.99,HR,2026-02-01,Manager → Finance → Legal → Procurement,44.79,0,,0,Одобрена
14502,Простая,23055.51,HR,2026-02-01,Manager → Procurement,9.03,0,,0,Одобрена
13421,Юридическая,1204429.82,Marketing,2026-02-01,Manager → Finance → Legal → Procurement,62.03,0,,0,Одобрена
14267,Простая,30051.9,Sales,2026-02-01,Manager → Procurement,4.96,0,Не согласовано руководителем,0,Отклонена
14386,Юридическая,392879.93,Sales,2026-02-01,Manager → Finance → Legal → Procurement,30.99,0,,1,Одобрена
10295,IT,96778.27,Operations,2026-02-01,Manager → IT → Finance → Procurement,10.55,0,,0,Одобрена
10372,Простая,31642.95,Administration,2026-02-02,Manager → Procurement,8.81,0,,0,Одобрена
12503,Юридическая,400803.95,IT,2026-02-02,Manager → Finance → Legal → Procurement,39.51,0,,0,Одобрена
13667,Простая,9971.57,Sales,2026-02-02,Manager → Procurement,16.93,0,,0,Одобрена
13677,Простая,7584.74,Operations,2026-02-02,Manager → Procurement,6.65,0,,0,Одобрена
12908,Простая,28716.48,Operations,2026-02-02,Manager → Procurement,9.25,0,,0,Одобрена
14583,IT,115774.31,Marketing,2026-02-02,Manager → IT → Finance → Procurement,16.56,1,,1,В процессе
14106,Простая,19611.16,Finance,2026-02-02,Manager → Procurement,5.98,0,,0,Одобрена
10354,IT,103777.15,Finance,2026-02-02,Manager → IT → Finance → Procurement,25.43,0,,0,Одобрена
13660,Простая,30566.83,Sales,2026-02-02,Manager → Procurement,3.17,0,,0,Одобрена
13200,Юридическая,260042.54,Marketing,2026-02-02,Manager → Finance → Legal → Procurement,95.65,0,Некорректные данные,0,Отклонена
10027,Простая,25387.45,Sales,2026-02-03,Manager → Procurement,19.36,0,,0,Одобрена
12562,IT,75006.02,Marketing,2026-02-03,Manager → IT → Finance → Procurement,34.82,0,,0,В процессе
10311,Простая,5311.28,Sales,2026-02-03,Manager → Procurement,1.0,0,,0,Одобрена
14921,Простая,17921.83,Marketing,2026-02-03,Manager → Procurement,4.7,0,,0,Одобрена
10133,IT,154905.32,Marketing,2026-02-03,Manager → IT → Finance → Procurement,18.31,0,,0,Одобрена
12701,IT,112642.78,IT,2026-02-03,Manager → IT → Finance → Procurement,15.49,0,,0,Одобрена
12287,Юридическая,290123.24,Operations,2026-02-03,Manager → Finance → Legal → Procurement,53.63,0,,0,Одобрена
14674,Простая,12328.06,Sales,2026-02-03,Manager → Procurement,7.75,0,,1,Одобрена
11107,Простая,16744.22,Administration,2026-02-03,Manager → Procurement,8.12,0,,0,Одобрена
12432,IT,119932.85,HR,2026-02-03,Manager → IT → Finance → Procurement,39.64,0,,0,Одобрена
10246,Юридическая,192240.3,Finance,2026-02-03,Manager → Finance → Legal → Procurement,106.7,0,Недостаточно бюджета,0,Отклонена
13218,Простая,41065.7,HR,2026-02-03,Manager → Procurement,12.0,0,,0,Одобрена
13041,Простая,17375.44,IT,2026-02-04,Manager → Procurement,4.01,0,,0,Одобрена
11027,Юридическая,498771.07,IT,2026-02-04,Manager → Finance → Legal → Procurement,39.6,1,,1,Одобрена
10933,Простая,23804.55,Marketing,2026-02-04,Manager → Procurement,1.0,0,,0,Одобрена
10813,Юридическая,225506.09,Finance,2026-02-04,Manager → Finance → Legal → Procurement,65.82,0,,1,Одобрена
13426,IT,39944.85,HR,2026-02-04,Manager → IT → Finance → Procurement,36.64,0,,0,Одобрена
12204,Простая,16335.39,Administration,2026-02-04,Manager → Procurement,5.18,0,,0,Одобрена
10123,Простая,16932.95,Sales,2026-02-04,Manager → Procurement,14.97,0,,1,Одобрена
12221,Простая,25419.62,Marketing,2026-02-04,Manager → Procurement,14.64,0,,1,Одобрена
14823,IT,73318.84,Sales,2026-02-04,Manager → IT → Finance → Procurement,43.23,1,Технические требования не соблюдены,2,Отклонена
14798,Простая,18080.52,Marketing,2026-02-04,Manager → Procurement,9.6,0,,0,В процессе
13442,Простая,6159.77,Marketing,2026-02-04,Manager → Procurement,7.76,0,,1,Одобрена
11913,Юридическая,504970.22,Finance,2026-02-04,Manager → Finance → Legal → Procurement,93.03,0,,0,Одобрена
10211,IT,30987.65,Sales,2026-02-04,Manager → IT → Finance → Procurement,16.84,0,,0,Одобрена
11735,Юридическая,150954.85,IT,2026-02-04,Manager → Finance → Legal → Procurement,43.51,0,,1,Одобрена
12450,IT,215394.35,Sales,2026-02-05,Manager → IT → Finance → Procurement,45.18,0,,1,Одобрена
13285,Простая,12464.95,IT,2026-02-05,Manager → Procurement,20.29,0,,1,Одобрена
14874,IT,107840.91,Marketing,2026-02-05,Manager → IT → Finance → Procurement,24.13,0,,0,Одобрена
12829,IT,222430.83,Operations,2026-02-05,Manager → IT → Finance → Procurement,54.22,1,,3,Одобрена
11358,Простая,15409.38,Administration,2026-02-05,Manager → Procurement,4.29,0,,0,Одобрена
12400,IT,74741.18,Operations,2026-02-05,Manager → IT → Finance → Procurement,25.89,1,,3,Одобрена
12653,IT,101688.51,Sales,2026-02-05,Manager → IT → Finance → Procurement,44.99,0,,1,В процессе
14485,Юридическая,152823.76,Finance,2026-02-05,Manager → Finance → Legal → Procurement,64.86,0,,1,Одобрена
13915,Простая,10312.95,Sales,2026-02-05,Manager → Procurement,2.75,0,,1,Одобрена
13802,Простая,11361.81,Marketing,2026-02-06,Manager → Procurement,8.4,0,,0,Одобрена
12921,Юридическая,652533.3,Finance,2026-02-06,Manager → Finance → Legal → Procurement,44.05,0,,0,Одобрена
10394,IT,155179.46,Sales,2026-02-06,Manager → IT → Finance → Procurement,13.54,0,,1,В процессе
14865,IT,61587.4,IT,2026-02-06,Manager → IT → Finance → Procurement,27.32,0,,0,Одобрена
10513,Простая,45918.07,Sales,2026-02-06,Manager → Procurement,7.82,0,,1,Одобрена
13212,IT,57914.64,Administration,2026-02-06,Manager → IT → Finance → Procurement,19.42,0,,0,Одобрена
11867,Юридическая,197504.08,Sales,2026-02-07,Manager → Finance → Legal → Procurement,83.09,2,,3,Одобрена
11839,IT,33481.03,Administration,2026-02-07,Manager → IT → Finance → Procurement,37.37,0,Недостаточно бюджета,1,Отклонена
11881,IT,221975.43,IT,2026-02-07,Manager → IT → Finance → Procurement,33.73,0,,0,Одобрена
13615,IT,129005.83,IT,2026-02-07,Manager → IT → Finance → Procurement,62.0,0,,1,Одобрена
14686,Простая,28308.51,IT,2026-02-07,Manager → Procurement,6.73,0,,1,Одобрена
14312,IT,291083.82,HR,2026-02-07,Manager → IT → Finance → Procurement,44.22,0,,0,Одобрена
13950,Простая,19672.98,IT,2026-02-07,Manager → Procurement,12.31,0,,0,Одобрена
11602,Простая,12431.34,IT,2026-02-07,Manager → Procurement,9.91,0,,0,В процессе
10184,Простая,12555.39,Finance,2026-02-07,Manager → Procurement,10.3,0,,0,Одобрена
11555,Простая,24887.46,IT,2026-02-07,Manager → Procurement,12.8,0,,0,Одобрена
11630,Простая,10586.49,Finance,2026-02-07,Manager → Procurement,13.01,0,,0,Одобрена
10032,Юридическая,1112516.09,Operations,2026-02-07,Manager → Finance → Legal → Procurement,50.76,0,,0,Одобрена
10459,IT,91256.22,IT,2026-02-07,Manager → IT → Finance → Procurement,44.8,0,,0,Одобрена
10533,Простая,37310.05,Sales,2026-02-07,Manager → Procurement,4.66,0,,0,В процессе
14532,Простая,36761.07,HR,2026-02-07,Manager → Finance → Procurement,29.53,0,,0,Одобрена
11340,Простая,12817.67,Finance,2026-02-07,Manager → Procurement,10.7,0,,0,Одобрена
10411,IT,138178.83,Marketing,2026-02-07,Manager → IT → Finance → Procurement,39.18,1,,2,Одобрена
14646,Юридическая,567041.64,Sales,2026-02-07,Manager → Finance → Legal → Procurement,33.15,0,Некорректные данные,0,Отклонена
12283,Простая,18454.83,IT,2026-02-07,Manager → Procurement,8.33,0,,0,Одобрена
14669,Юридическая,882259.53,Administration,2026-02-07,Manager → Finance → Legal → Procurement,89.32,0,,1,Одобрена
14679,Простая,19152.41,Sales,2026-02-07,Manager → Procurement,1.0,0,,0,Одобрена
14216,Простая,8760.05,Finance,2026-02-07,Manager → Finance → Procurement,26.86,0,,0,Одобрена
12982,Простая,14609.03,Operations,2026-02-07,Manager → Procurement,9.35,0,,0,Одобрена
13070,Простая,12607.38,Administration,2026-02-08,Manager → Procurement,13.1,0,,1,Одобрена
12226,Простая,14511.02,IT,2026-02-08,Manager → Procurement,6.22,0,,0,Одобрена
14293,Простая,30399.01,Finance,2026-02-08,Manager → Procurement,8.4,0,Не согласовано руководителем,0,Отклонена
12453,IT,78625.95,Sales,2026-02-08,Manager → IT → Finance → Procurement,39.81,0,Некорректные данные,0,Отклонена
10909,Простая,8612.17,Marketing,2026-02-08,Manager → Procurement,1.81,0,,0,Одобрена
10264,Простая,24819.87,Operations,2026-02-08,Manager → Procurement,5.09,0,,0,Одобрена
10140,Простая,6099.37,Operations,2026-02-08,Manager → Procurement,5.13,0,,0,Одобрена
11762,Простая,42499.25,HR,2026-02-08,Manager → Procurement,6.07,0,,0,Одобрена
10089,Простая,15603.44,Administration,2026-02-08,Manager → Procurement,11.01,0,,0,Одобрена
11644,Простая,12548.07,Marketing,2026-02-08,Manager → Procurement,13.66,0,,1,Одобрена
11800,IT,79353.42,IT,2026-02-08,Manager → IT → Finance → Procurement,68.12,2,,6,Одобрена
12844,Простая,17027.55,HR,2026-02-08,Manager → Procurement,8.95,0,,0,Одобрена
12670,Простая,8179.83,Sales,2026-02-08,Manager → Procurement,10.4,0,,1,Одобрена
12630,Простая,8303.41,Operations,2026-02-08,Manager → Finance → Procurement,21.42,0,Не согласовано руководителем,1,Отклонена
10773,IT,234118.2,Marketing,2026-02-09,Manager → IT → Finance → Procurement,33.74,0,,0,Одобрена
11058,Простая,21432.65,HR,2026-02-09,Manager → Procurement,7.8,0,,0,Одобрена
13776,Простая,12140.63,IT,2026-02-09,Manager → Procurement,12.25,0,,0,Одобрена
11675,IT,112039.34,Finance,2026-02-09,Manager → IT → Finance → Procurement,28.86,0,,0,Одобрена
13974,Простая,38441.96,IT,2026-02-09,Manager → Procurement,7.05,0,,0,Одобрена
14363,IT,136791.31,HR,2026-02-09,Manager → IT → Finance → Procurement,57.32,1,,3,Одобрена
10330,Простая,14689.33,Marketing,2026-02-09,Manager → Procurement,11.44,0,,1,Одобрена
13627,Юридическая,429088.63,Marketing,2026-02-09,Manager → Finance → Legal → Procurement,68.34,0,,0,Одобрена
13932,IT,139326.53,Marketing,2026-02-09,Manager → IT → Finance → Procurement,36.4,0,,1,Одобрена
12720,IT,76199.18,Sales,2026-02-09,Manager → IT → Finance → Procurement,38.65,1,,3,Одобрена
11715,Простая,14424.86,HR,2026-02-09,Manager → Procurement,15.4,0,Недостаточно бюджета,0,Отклонена
14577,IT,32087.53,IT,2026-02-09,Manager → IT → Finance → Procurement,39.49,0,,0,Одобрена
12298,Простая,11668.7,IT,2026-02-09,Manager → Finance → Procurement,18.23,0,,0,Одобрена
13413,IT,143355.25,HR,2026-02-09,Manager → IT → Finance → Procurement,19.61,0,,0,Одобрена
13595,Простая,7683.02,IT,2026-02-10,Manager → Procurement,3.58,0,,0,Одобрена
11493,IT,207926.31,Operations,2026-02-10,Manager → IT → Finance → Procurement,37.96,0,,0,Одобрена
11057,Юридическая,140579.08,IT,2026-02-10,Manager → Finance → Legal → Procurement,16.34,2,,5,Одобрена
10746,Простая,7352.99,IT,2026-02-10,Manager → Procurement,3.05,0,,0,Одобрена
11392,IT,183205.33,HR,2026-02-10,Manager → IT → Finance → Procurement,62.4,2,,5,Одобрена
14479,IT,239731.99,Marketing,2026-02-10,Manager → IT → Finance → Procurement,14.59,0,,0,Одобрена
14233,IT,97831.57,HR,2026-02-10,Manager → IT → Finance → Procurement,51.53,0,Недостаточно бюджета,1,Отклонена
14177,IT,122952.08,Sales,2026-02-10,Manager → IT → Finance → Procurement,41.92,0,,1,Одобрена
10854,Юридическая,278304.79,Marketing,2026-02-10,Manager → Finance → Legal → Procurement,68.77,0,,0,В процессе
10068,Простая,8232.58,Sales,2026-02-10,Manager → Procurement,15.05,0,,0,Одобрена
12169,Простая,50000.0,Sales,2026-02-10,Manager → Procurement,23.21,1,,1,Одобрена
10523,Простая,5693.35,Sales,2026-02-10,Manager → Procurement,7.52,0,,0,Одобрена
13475,IT,64708.7,Marketing,2026-02-10,Manager → IT → Finance → Procurement,34.21,0,,1,Одобрена
13108,IT,103848.2,Operations,2026-02-10,Manager → IT → Finance → Procurement,17.21,0,,0,Одобрена
11227,Простая,17864.04,Sales,2026-02-11,Manager → Procurement,16.87,0,,1,Одобрена
14333,Простая,12246.01,Sales,2026-02-11,Manager → Procurement,13.77,1,,1,Одобрена
13125,Простая,50000.0,Administration,2026-02-11,Manager → Procurement,8.23,0,,0,Одобрена
13504,IT,300000.0,HR,2026-02-11,Manager → IT → Finance → Procurement,37.87,0,,0,Одобрена
10381,IT,83860.06,Marketing,2026-02-11,Manager → IT → Finance → Procurement,34.38,0,,0,Одобрена
11995,Простая,5757.68,Operations,2026-02-11,Manager → Procurement,1.0,0,,0,Одобрена
14866,Простая,11362.13,Sales,2026-02-11,Manager → Procurement,14.36,0,,1,Одобрена
11531,Простая,10016.38,Marketing,2026-02-11,Manager → Procurement,4.49,0,,0,Одобрена
14847,Простая,8754.7,Operations,2026-02-11,Manager → Procurement,4.49,0,,0,Одобрена
13178,Простая,36657.48,HR,2026-02-11,Manager → Procurement,20.1,0,,0,В процессе
12481,IT,51060.93,Sales,2026-02-11,Manager → IT → Finance → Procurement,21.88,0,,0,Одобрена
10503,Юридическая,339287.17,IT,2026-02-11,Manager → Finance → Legal → Procurement,93.37,0,,0,Одобрена
14129,IT,49076.39,Marketing,2026-02-12,Manager → IT → Finance → Procurement,12.44,1,,2,Одобрена
14122,IT,133154.26,Administration,2026-02-12,Manager → IT → Finance → Procurement,32.31,0,,1,Одобрена
10255,Простая,21458.31,Operations,2026-02-12,Manager → Procurement,10.8,0,,0,Одобрена
14196,IT,251797.96,IT,2026-02-12,Manager → IT → Finance → Procurement,55.44,0,,0,Одобрена
14936,Простая,50000.0,Marketing,2026-02-12,Manager → Finance → Procurement,26.87,0,,0,Одобрена
12144,IT,75963.56,IT,2026-02-12,Manager → IT → Finance → Procurement,19.12,0,,1,Одобрена
10189,IT,80492.73,Operations,2026-02-12,Manager → IT → Finance → Procurement,57.45,1,,1,Одобрена
11399,IT,236587.12,HR,2026-02-12,Manager → IT → Finance → Procurement,38.45,0,,1,Одобрена
14380,Простая,15691.98,IT,2026-02-12,Manager → Procurement,12.65,0,,1,Одобрена
10525,Простая,30352.21,Marketing,2026-02-12,Manager → Procurement,12.1,0,,0,Одобрена
13459,Простая,19097.63,Finance,2026-02-12,Manager → Procurement,15.71,0,,0,Одобрена
12384,Простая,6190.25,IT,2026-02-12,Manager → Procurement,12.6,0,,0,Одобрена
11433,Простая,13395.9,IT,2026-02-12,Manager → Procurement,10.55,0,,1,Одобрена
11337,Простая,18965.66,Sales,2026-02-12,Manager → Procurement,9.92,0,Не согласовано руководителем,1,Отклонена
12673,Простая,25558.74,Administration,2026-02-13,Manager → Procurement,2.98,0,,0,Одобрена
12753,IT,259376.44,Administration,2026-02-13,Manager → IT → Finance → Procurement,40.61,0,,0,Одобрена
12125,Простая,3965.87,Marketing,2026-02-13,Manager → Procurement,3.61,0,,1,Одобрена
12410,Юридическая,344430.4,Marketing,2026-02-13,Manager → Finance → Legal → Procurement,70.88,3,,6,Одобрена
12404,Юридическая,197004.82,Sales,2026-02-13,Manager → Finance → Legal → Procurement,60.2,1,,2,Одобрена
12848,Простая,23297.47,Marketing,2026-02-13,Manager → Procurement,13.39,0,,1,Одобрена
10384,Простая,7398.42,IT,2026-02-13,Manager → Procurement,5.3,0,,0,В процессе
11974,Простая,18748.65,Administration,2026-02-13,Manager → Procurement,9.95,0,,0,Одобрена
14889,Простая,26677.67,IT,2026-02-13,Manager → Procurement,1.34,0,,0,Одобрена
13410,Простая,20419.68,Finance,2026-02-13,Manager → Procurement,7.31,0,,0,Одобрена
13468,Простая,27237.94,Sales,2026-02-13,Manager → Procurement,1.0,0,,0,Одобрена
11212,IT,48596.45,Finance,2026-02-13,Manager → IT → Finance → Procurement,28.95,0,,1,Одобрена
11637,Простая,25312.67,IT,2026-02-13,Manager → Procurement,8.01,0,,1,Одобрена
12012,Простая,26518.12,Administration,2026-02-13,Manager → Procurement,17.24,0,,1,Одобрена
11353,Простая,19078.89,Operations,2026-02-13,Manager → Procurement,13.92,0,,1,В процессе
11831,Простая,10875.08,Sales,2026-02-13,Manager → Procurement,8.88,0,,0,Одобрена
14991,Простая,11009.68,Marketing,2026-02-13,Manager → Procurement,3.12,0,,0,Одобрена
14181,IT,146526.34,Sales,2026-02-13,Manager → IT → Finance → Procurement,25.87,0,,0,Одобрена
14318,IT,206544.47,Marketing,2026-02-13,Manager → IT → Finance → Procurement,19.33,0,,0,Одобрена
14090,Простая,25503.3,Sales,2026-02-14,Manager → Procurement,5.55,0,,0,Одобрена
12145,Простая,7487.62,Operations,2026-02-14,Manager → Procurement,11.68,0,,1,Одобрена
14319,Юридическая,100000.0,Operations,2026-02-14,Manager → Finance → Legal → Procurement,59.22,0,,0,Одобрена
11678,Простая,2000.0,Operations,2026-02-14,Manager → Procurement,12.87,0,,0,Одобрена
10616,IT,153963.78,Marketing,2026-02-14,Manager → IT → Finance → Procurement,46.47,0,,1,В процессе
11759,Юридическая,236650.78,Sales,2026-02-14,Manager → Finance → Legal → Procurement,38.24,0,,0,Одобрена
13028,Юридическая,398885.66,Finance,2026-02-14,Manager → Finance → Legal → Procurement,48.59,0,,1,Одобрена
10717,IT,30000.0,Operations,2026-02-15,Manager → IT → Finance → Procurement,27.96,0,,0,Одобрена
13369,Простая,43969.26,Marketing,2026-02-15,Manager → Procurement,5.3,0,,1,Одобрена
11459,Юридическая,1354697.95,Sales,2026-02-15,Manager → Finance → Procurement → Legal,99.35,0,,0,Одобрена
10258,Простая,6264.13,Sales,2026-02-15,Manager → Procurement,10.58,0,,1,Одобрена
12755,Юридическая,363534.18,Sales,2026-02-15,Manager → Finance → Legal → Procurement,68.65,1,Юридические риски,3,Отклонена
13345,IT,182004.03,Operations,2026-02-15,Manager → IT → Finance → Procurement,42.22,0,,0,Одобрена
14867,Простая,50000.0,IT,2026-02-15,Manager → Procurement,2.21,0,,0,Одобрена
12059,Простая,21917.41,HR,2026-02-15,Manager → Procurement,4.49,0,,0,Одобрена
13779,IT,39896.14,Operations,2026-02-15,Manager → IT → Finance → Procurement,29.42,0,,0,Одобрена
14926,Простая,15165.9,Administration,2026-02-15,Manager → Procurement,5.74,0,,0,Одобрена
12294,Простая,5172.83,IT,2026-02-15,Manager → Procurement,8.97,0,,0,Одобрена
11872,Простая,7897.74,HR,2026-02-15,Manager → Procurement,8.56,0,Недостаточно бюджета,0,Отклонена
12966,IT,94558.99,Operations,2026-02-15,Manager → IT → Procurement → Finance,29.16,0,,0,Одобрена
10580,Простая,10542.45,Operations,2026-02-15,Manager → Procurement,9.52,0,,0,Одобрена
13702,Простая,23507.11,Sales,2026-02-16,Manager → Procurement,6.58,0,,0,Одобрена
11685,Простая,34274.3,Marketing,2026-02-16,Manager → Procurement,3.46,0,Не согласовано руководителем,1,Отклонена
13662,Юридическая,157475.52,Marketing,2026-02-16,Manager → Finance → Legal → Procurement,20.35,0,,0,Одобрена
13916,Простая,26586.64,Marketing,2026-02-16,Manager → Procurement,8.67,0,,0,Одобрена
10974,Юридическая,1082745.09,Administration,2026-02-16,Manager → Finance → Legal → Procurement,59.71,0,,0,Одобрена
12420,Юридическая,121828.38,IT,2026-02-16,Manager → Finance → Legal → Procurement,44.02,0,Юридические риски,0,Отклонена
12556,IT,62272.75,Administration,2026-02-16,Manager → IT → Finance → Procurement,30.29,0,,1,В процессе
13783,Юридическая,216115.46,Administration,2026-02-16,Manager → Finance → Legal → Procurement,56.4,0,,1,Одобрена
13204,IT,57975.14,HR,2026-02-16,Manager → IT → Finance → Procurement,21.21,0,,1,Одобрена
14158,Простая,21465.07,IT,2026-02-16,Manager → Procurement,5.1,0,Не согласовано руководителем,1,Отклонена
14504,Простая,19312.82,Marketing,2026-02-16,Manager → Procurement,10.28,0,,0,В процессе
10555,Простая,10693.29,Finance,2026-02-16,Manager → Procurement,6.68,0,,0,Одобрена
10248,Простая,22672.53,Marketing,2026-02-16,Manager → Procurement,9.14,0,,1,Одобрена
12746,IT,91864.68,HR,2026-02-17,Manager → IT → Finance → Procurement,14.96,0,,1,Одобрена
10235,Юридическая,147398.79,Finance,2026-02-17,Manager → Finance → Legal → Procurement,119.67,0,,0,Одобрена
10169,Простая,26042.02,IT,2026-02-17,Manager → Finance → Procurement,21.39,0,,0,В процессе
10811,Простая,8801.59,Sales,2026-02-17,Manager → Procurement,17.39,0,,0,Одобрена
12069,Простая,5916.11,Sales,2026-02-17,Manager → Procurement,8.24,0,,1,Одобрена
11175,IT,189789.88,Sales,2026-02-17,Manager → IT → Finance → Procurement,32.16,0,,0,Одобрена
10052,Простая,15240.2,Sales,2026-02-17,Manager → Procurement,11.16,0,,0,Одобрена
10826,Простая,50000.0,IT,2026-02-17,Manager → Procurement,11.66,0,,0,Одобрена
12097,Простая,41704.99,Sales,2026-02-17,Manager → Procurement,13.91,0,,0,Одобрена
12579,Простая,42367.93,IT,2026-02-17,Manager → Procurement,19.19,0,,1,Одобрена
12862,IT,47472.51,IT,2026-02-18,Manager → IT → Finance → Procurement,30.86,0,,0,Одобрена
12727,IT,88339.06,IT,2026-02-18,Manager → IT → Finance → Procurement,37.53,0,,1,Одобрена
11705,Простая,8140.15,Sales,2026-02-18,Manager → Procurement,12.35,1,,1,Одобрена
10973,Простая,9458.18,Sales,2026-02-18,Manager → Procurement,18.27,0,,0,Одобрена
10166,Простая,27042.72,Finance,2026-02-18,Manager → Procurement,8.25,0,,1,Одобрена
10620,Простая,21473.33,IT,2026-02-18,Manager → Finance → Procurement,25.62,0,,0,Одобрена
11932,IT,123741.87,Finance,2026-02-18,Manager → IT → Finance → Procurement,37.11,0,,0,Одобрена
14920,Простая,14399.5,Operations,2026-02-18,Manager → Procurement,11.66,0,,0,Одобрена
11322,Простая,28198.85,Sales,2026-02-18,Manager → Procurement,4.81,0,,1,Одобрена
12102,Простая,6666.99,Marketing,2026-02-18,Manager → Procurement,14.31,0,,1,Одобрена
13102,Простая,19142.18,IT,2026-02-18,Manager → Procurement,21.35,1,Не согласовано руководителем,2,Отклонена
11061,Юридическая,490052.95,HR,2026-02-18,Manager → Finance → Legal → Procurement,68.22,0,,0,Одобрена
11315,Простая,11150.77,Finance,2026-02-19,Manager → Finance → Procurement,22.06,0,,1,Одобрена
10321,Юридическая,1149895.34,IT,2026-02-19,Manager → Finance → Legal → Procurement,123.09,2,,4,Одобрена
10552,Простая,9318.66,IT,2026-02-19,Manager → Procurement,8.3,0,,1,Одобрена
12038,Простая,19801.15,Finance,2026-02-19,Manager → Procurement,7.99,0,,1,Одобрена
11845,Простая,20498.61,HR,2026-02-19,Manager → Procurement,14.07,0,,0,Одобрена
10635,Простая,28601.12,IT,2026-02-19,Manager → Procurement,27.97,1,Недостаточно бюджета,2,Отклонена
12532,IT,55109.69,IT,2026-02-19,Manager → IT → Finance → Procurement,32.61,0,,0,Одобрена
12231,Простая,8357.09,Marketing,2026-02-19,Manager → Procurement,7.43,0,,1,Одобрена
12757,Юридическая,133893.37,IT,2026-02-19,Manager → Finance → Legal → Procurement,35.57,0,,0,Одобрена
11719,IT,92378.19,HR,2026-02-19,Manager → IT → Finance → Procurement,25.81,1,Недостаточно бюджета,2,Отклонена
12554,Юридическая,681787.64,Marketing,2026-02-19,Manager → Finance → Legal → Procurement,25.03,0,,1,Одобрена
10613,Юридическая,737790.02,Marketing,2026-02-19,Manager → Finance → Legal → Procurement,91.51,0,,1,Одобрена
14384,Простая,22790.93,Administration,2026-02-19,Manager → Procurement,8.24,0,,0,Одобрена
14067,Простая,16821.13,Sales,2026-02-19,Manager → Procurement,11.64,0,,0,Одобрена
12480,Юридическая,1155637.22,Administration,2026-02-20,Manager → Finance → Legal → Procurement,47.52,0,,0,Одобрена
14197,Простая,12832.85,HR,2026-02-20,Manager → Procurement,9.83,0,,0,Одобрена
12302,IT,65770.67,Finance,2026-02-20,Manager → IT → Finance → Procurement,3.51,0,,0,Одобрена
10198,Юридическая,466323.16,Marketing,2026-02-20,Manager → Finance → Legal → Procurement,46.64,0,,0,Одобрена
12633,Юридическая,120265.05,Operations,2026-02-20,Manager → Legal → Finance → Procurement,74.14,0,,0,Одобрена
14611,Юридическая,1012009.31,Administration,2026-02-20,Manager → Finance → Legal → Procurement,20.44,0,,0,Одобрена
10925,Простая,30561.49,HR,2026-02-20,Manager → Finance → Procurement,16.63,0,,0,Одобрена
11665,Юридическая,417407.11,Marketing,2026-02-20,Manager → Finance → Legal → Procurement,73.56,0,,0,Одобрена
11178,Простая,39830.94,Sales,2026-02-20,Manager → Procurement,1.0,0,,0,Одобрена
13289,Простая,12151.72,Marketing,2026-02-20,Manager → Procurement,10.07,0,,0,Одобрена
11968,IT,92950.63,IT,2026-02-20,Manager → IT → Finance → Procurement,51.73,0,,0,Одобрена
10288,Простая,11887.38,HR,2026-02-20,Manager → Procurement,10.02,0,Некорректные данные,0,Отклонена
11576,Простая,12114.82,HR,2026-02-20,Manager → Procurement,4.69,0,,0,В процессе
14548,Простая,33294.22,Finance,2026-02-20,Manager → Procurement,2.18,0,,1,Одобрена
11861,IT,300000.0,Marketing,2026-02-21,Manager → Finance → IT → Procurement,76.19,1,,3,Одобрена
12337,Юридическая,725154.26,HR,2026-02-21,Manager → Finance → Legal → Procurement,34.86,1,Юридические риски,1,Отклонена
12290,Простая,50000.0,IT,2026-02-21,Manager → Procurement,2.62,0,,0,Одобрена
11406,Простая,25463.22,Finance,2026-02-21,Manager → Procurement,24.39,1,,2,Одобрена
13268,IT,104213.28,IT,2026-02-21,Manager → IT → Finance → Procurement,38.82,0,,1,Одобрена
14373,IT,59477.67,Finance,2026-02-21,Manager → IT → Finance → Procurement,41.66,0,,1,Одобрена
11228,Простая,17200.84,Marketing,2026-02-21,Manager → Procurement,1.93,0,,1,Одобрена
12774,Простая,31161.46,Administration,2026-02-21,Manager → Procurement,4.67,0,,1,Одобрена
11777,IT,87493.25,Sales,2026-02-21,Manager → IT → Finance → Procurement,38.31,0,,1,Одобрена
14377,IT,67584.71,Administration,2026-02-21,Manager → IT → Finance → Procurement,27.5,0,Технические требования не соблюдены,0,Отклонена
13866,Простая,15311.42,Sales,2026-02-21,Manager → Procurement,11.59,0,,1,Одобрена
14104,Простая,17824.71,Finance,2026-02-21,Manager → Procurement,1.0,0,,0,Одобрена
14173,Юридическая,281544.7,IT,2026-02-21,Manager → Finance → Legal → Procurement,103.22,1,,3,Одобрена
13894,IT,59899.84,Marketing,2026-02-21,Manager → IT → Finance → Procurement,59.08,2,,3,Одобрена
14673,Простая,11035.77,Administration,2026-02-22,Manager → Procurement,15.33,0,,0,Одобрена
14540,Простая,28067.15,IT,2026-02-22,Manager → Procurement,7.22,0,,0,Одобрена
13990,Юридическая,860127.64,Sales,2026-02-22,Manager → Finance → Legal → Procurement,92.61,2,,5,Одобрена
14571,Простая,12461.42,IT,2026-02-22,Manager → Procurement,8.82,0,,0,Одобрена
11589,Простая,50000.0,Operations,2026-02-22,Manager → Procurement,16.8,0,,1,Одобрена
14600,Простая,29357.9,Sales,2026-02-22,Manager → Procurement,4.31,0,,0,Одобрена
10778,Простая,16828.85,Sales,2026-02-22,Manager → Procurement,2.58,0,,1,Одобрена
11173,Простая,19218.57,Sales,2026-02-22,Manager → Procurement,4.14,0,Некорректные данные,1,Отклонена
13232,Простая,7762.16,Marketing,2026-02-22,Manager → Procurement,5.93,0,,0,Одобрена
14445,Простая,29869.45,Finance,2026-02-22,Manager → Procurement,1.0,0,,0,Одобрена
11308,IT,31271.7,Operations,2026-02-22,Manager → IT → Finance → Procurement,16.94,0,,0,Одобрена
14656,Юридическая,214905.99,Operations,2026-02-22,Manager → Legal → Finance → Procurement,93.09,1,,3,Одобрена
11119,Простая,12060.19,Operations,2026-02-22,Manager → Procurement,2.99,0,,0,Одобрена
12449,IT,31065.29,Sales,2026-02-22,Manager → IT → Finance → Procurement,17.95,0,Некорректные данные,0,Отклонена
14392,IT,53635.47,Operations,2026-02-23,Manager → IT → Finance → Procurement,42.82,0,,0,Одобрена
14461,Простая,6989.33,Operations,2026-02-23,Manager → Procurement,12.25,0,,1,Одобрена
14394,IT,71932.32,Marketing,2026-02-23,Manager → IT → Finance → Procurement,49.49,1,,3,Одобрена
12304,Простая,10085.61,Sales,2026-02-23,Manager → Procurement,6.82,0,,1,Одобрена
10322,Простая,18610.65,HR,2026-02-23,Manager → Procurement,9.55,0,,0,Одобрена
13236,Простая,9567.38,IT,2026-02-23,Manager → Procurement,10.29,0,,0,Одобрена
13318,Простая,16512.19,Operations,2026-02-23,Manager → Finance → Procurement,11.51,0,,0,Одобрена
14255,IT,66139.75,Operations,2026-02-23,Manager → IT → Finance → Procurement,50.57,2,,5,Одобрена
11744,Юридическая,237220.87,IT,2026-02-23,Manager → Finance → Legal → Procurement,82.87,2,,3,В процессе
14202,IT,151631.11,Administration,2026-02-23,Manager → IT → Finance → Procurement,28.22,0,,0,Одобрена
10340,Юридическая,262277.65,Marketing,2026-02-23,Manager → Finance → Legal → Procurement,66.8,1,,3,Одобрена
14378,Простая,10465.44,IT,2026-02-23,Manager → Procurement,19.62,0,,1,Одобрена
12708,Простая,18048.99,Sales,2026-02-23,Manager → Procurement,12.64,0,,0,Одобрена
11607,Юридическая,170577.84,Operations,2026-02-23,Manager → Finance → Legal → Procurement,34.24,0,Юридические риски,0,Отклонена
11590,Простая,4784.03,Sales,2026-02-23,Manager → Procurement,8.64,0,,1,Одобрена
13528,Простая,13287.91,Finance,2026-02-24,Manager → Procurement,15.92,0,,1,Одобрена
12798,Простая,20430.64,Operations,2026-02-24,Manager → Procurement,22.94,1,,3,Одобрена
10339,Простая,12053.56,Operations,2026-02-24,Manager → Procurement,1.65,0,,0,В процессе
14575,IT,142814.35,IT,2026-02-24,Manager → IT → Finance → Procurement,27.17,0,,0,Одобрена
12867,Простая,14806.25,IT,2026-02-24,Manager → Procurement,7.66,0,Некорректные данные,1,Отклонена
14420,IT,83444.28,Administration,2026-02-24,Manager → Finance → IT → Procurement,35.35,0,Недостаточно бюджета,0,Отклонена
10186,IT,60983.57,Operations,2026-02-24,Manager → IT → Finance → Procurement,35.75,0,Технические требования не соблюдены,0,Отклонена
11550,Простая,22295.99,Marketing,2026-02-24,Manager → Procurement,12.54,0,,0,В процессе
12650,IT,91673.1,Finance,2026-02-24,Manager → IT → Finance → Procurement,13.29,0,,1,Одобрена
11097,Простая,24765.4,IT,2026-02-24,Manager → Procurement,13.43,0,,0,Одобрена
14694,Юридическая,344976.27,IT,2026-02-25,Manager → Finance → Legal → Procurement,97.02,0,,0,Одобрена
13784,Простая,32434.96,Marketing,2026-02-25,Manager → Procurement,1.0,0,,0,Одобрена
12491,Юридическая,155010.29,Administration,2026-02-25,Manager → Finance → Legal → Procurement,74.45,0,Некорректные данные,0,Отклонена
14176,IT,41613.68,Administration,2026-02-25,Manager → IT → Finance → Procurement,36.69,0,,0,Одобрена
12954,Юридическая,407010.63,IT,2026-02-25,Manager → Finance → Legal → Procurement,56.98,0,,0,Одобрена
12253,Простая,5235.03,Operations,2026-02-25,Manager → Procurement,6.05,0,,1,Одобрена
12545,IT,60465.7,HR,2026-02-25,Manager → IT → Finance → Procurement,33.62,1,,3,Одобрена
13496,IT,144777.76,Sales,2026-02-25,Manager → IT → Finance → Procurement,22.57,0,,0,В процессе
13130,Юридическая,177260.55,Sales,2026-02-25,Manager → Finance → Legal → Procurement,80.91,0,,0,Одобрена
11966,Простая,15329.49,HR,2026-02-25,Manager → Procurement,6.62,0,,1,Одобрена
12695,Юридическая,199094.98,Marketing,2026-02-25,Manager → Finance → Legal → Procurement,84.37,0,,0,Одобрена
14288,Простая,16088.9,HR,2026-02-25,Manager → Procurement,10.34,0,,0,Одобрена
10307,Простая,12996.1,Administration,2026-02-25,Manager → Procurement,9.18,0,,0,Одобрена
10804,IT,129825.54,HR,2026-02-25,Manager → IT → Finance → Procurement,25.78,0,,0,Одобрена
13579,IT,64736.52,HR,2026-02-25,Manager → IT → Finance → Procurement,16.15,0,,1,Одобрена
12391,IT,99478.03,Marketing,2026-02-26,Manager → IT → Finance → Procurement,17.27,0,,0,Одобрена
12822,IT,65113.26,HR,2026-02-26,Manager → IT → Finance → Procurement,7.07,0,Недостаточно бюджета,1,Отклонена
14547,Юридическая,656183.64,Finance,2026-02-26,Manager → Finance → Legal → Procurement,34.8,0,,0,Одобрена
14696,IT,38796.6,Sales,2026-02-26,Manager → IT → Finance → Procurement,25.36,0,,1,Одобрена
14068,IT,81478.74,HR,2026-02-26,Manager → IT → Finance → Procurement,24.14,0,,1,Одобрена
10553,Простая,11934.04,Sales,2026-02-26,Manager → Procurement,7.91,0,Недостаточно бюджета,0,Отклонена
14602,Юридическая,100000.0,IT,2026-02-26,Manager → Finance → Legal → Procurement,46.18,0,,1,Одобрена
13257,Простая,9644.55,Operations,2026-02-26,Manager → Procurement,5.72,0,,1,Одобрена
11539,IT,99075.39,Sales,2026-02-26,Manager → IT → Finance → Procurement,34.12,0,,1,Одобрена
12430,IT,219380.42,Administration,2026-02-26,Manager → IT → Finance → Procurement,43.37,0,,0,Одобрена
14746,Простая,8402.81,Operations,2026-02-26,Manager → Finance → Procurement,26.28,0,,1,В процессе
14667,IT,123898.65,Administration,2026-02-26,Manager → IT → Finance → Procurement,28.26,2,,5,Одобрена
10012,Юридическая,890761.72,Sales,2026-02-27,Manager → Finance → Legal → Procurement,27.11,0,,0,Одобрена
11070,Простая,25011.7,IT,2026-02-27,Manager → Procurement,13.57,0,,0,Одобрена
12712,Простая,12867.18,Operations,2026-02-27,Manager → Procurement,15.36,0,,0,В процессе
12856,Юридическая,949757.35,Operations,2026-02-27,Manager → Finance → Legal → Procurement,19.5,0,,1,Одобрена
12113,Простая,26341.02,Finance,2026-02-27,Manager → Procurement,10.99,0,,1,Одобрена
13495,Простая,9704.86,HR,2026-02-27,Manager → Procurement,4.09,0,,1,Одобрена
12198,IT,146238.78,Operations,2026-02-27,Manager → IT → Finance → Procurement,41.89,1,,3,Одобрена
14144,Простая,8712.58,Finance,2026-02-27,Manager → Procurement,13.54,0,,0,Одобрена
12249,Простая,6171.29,Operations,2026-02-27,Manager → Procurement,2.78,0,,0,Одобрена
14913,Простая,17614.8,Operations,2026-02-27,Manager → Procurement,16.51,0,Недостаточно бюджета,0,Отклонена
11109,Юридическая,151259.21,Sales,2026-02-28,Manager → Finance → Legal → Procurement,53.39,0,,0,Одобрена
11319,IT,134209.6,Sales,2026-02-28,Manager → Finance → IT → Procurement,40.78,0,,0,В процессе
11500,IT,174830.39,HR,2026-02-28,Manager → IT → Finance → Procurement,53.43,0,,0,Одобрена
12213,Юридическая,458375.58,Finance,2026-02-28,Manager → Finance → Legal → Procurement,56.79,0,,1,Одобрена
11086,IT,91362.99,Operations,2026-02-28,Manager → IT → Finance → Procurement,49.95,0,,1,Одобрена
13137,IT,61308.63,HR,2026-02-28,Manager → IT → Finance → Procurement,46.37,0,,0,Одобрена
13273,IT,293507.66,Administration,2026-02-28,Manager → IT → Finance → Procurement,26.62,0,,0,Одобрена
13201,IT,109909.19,IT,2026-02-28,Manager → IT → Finance → Procurement,17.88,0,,0,Одобрена
11999,IT,87589.93,Operations,2026-03-01,Manager → IT → Finance → Procurement,15.14,0,,1,Одобрена
14589,IT,61602.95,Operations,2026-03-01,Manager → IT → Finance → Procurement,22.8,0,,1,Одобрена
11026,Простая,8971.58,Operations,2026-03-01,Manager → Procurement,11.59,0,,0,Одобрена
11802,IT,101049.91,Finance,2026-03-01,Manager → IT → Finance → Procurement,23.18,0,,1,Одобрена
10825,IT,116294.43,Sales,2026-03-01,Manager → IT → Finance → Procurement,17.9,0,,0,Одобрена
14892,Простая,11149.78,Sales,2026-03-01,Manager → Procurement,4.76,0,Не согласовано руководителем,0,Отклонена
10178,Юридическая,539239.46,IT,2026-03-01,Manager → Finance → Legal → Procurement,7.1,0,,0,Одобрена
12412,Юридическая,319961.9,Finance,2026-03-01,Manager → Finance → Legal → Procurement,7.41,0,,1,Одобрена
13792,Простая,37002.88,Operations,2026-03-01,Manager → Procurement,9.7,0,,0,Одобрена
14305,Простая,15195.13,IT,2026-03-01,Manager → Procurement,7.37,0,,0,Одобрена
10250,Простая,8377.11,Operations,2026-03-01,Manager → Procurement,15.15,0,,0,Одобрена
14431,Простая,13059.17,Sales,2026-03-01,Manager → Procurement,13.54,0,Некорректные данные,1,Отклонена
13076,Юридическая,308927.96,Sales,2026-03-01,Manager → Finance → Legal → Procurement,10.28,0,,0,Одобрена
10028,Простая,16487.94,Marketing,2026-03-01,Manager → Procurement,9.43,0,,0,Одобрена
10056,IT,120240.89,Marketing,2026-03-01,Manager → IT → Finance → Procurement,15.38,0,,0,Одобрена
12586,Простая,9976.98,Sales,2026-03-01,Manager → Procurement,8.83,0,,0,Одобрена
12669,IT,149375.68,HR,2026-03-02,Manager → IT → Finance → Procurement,46.08,2,Некорректные данные,3,Отклонена
11879,IT,193895.68,Finance,2026-03-02,Manager → IT → Finance → Procurement,5.69,0,,1,Одобрена
12806,Простая,15869.82,Finance,2026-03-02,Manager → Procurement,11.65,0,,1,Одобрена
13171,Юридическая,353824.07,Administration,2026-03-02,Manager → Finance → Legal → Procurement,72.68,0,,0,Одобрена
14633,Простая,8809.82,Marketing,2026-03-02,Manager → Procurement,6.54,0,,0,Одобрена
13343,Простая,10864.06,Finance,2026-03-02,Manager → Procurement,10.95,0,,0,Одобрена
13355,Простая,5847.59,Sales,2026-03-02,Manager → Procurement,5.93,0,,1,Одобрена
11262,Простая,11261.86,IT,2026-03-02,Manager → Procurement,10.98,0,,0,Одобрена
14228,Простая,11610.08,Operations,2026-03-02,Manager → Procurement,8.62,0,,0,Одобрена
14941,Юридическая,272381.02,Administration,2026-03-02,Manager → Finance → Legal → Procurement,28.29,0,,1,Одобрена
13598,Юридическая,106421.07,HR,2026-03-02,Manager → Finance → Legal → Procurement,23.78,0,Некорректные данные,0,Отклонена
14411,Простая,12755.15,Marketing,2026-03-02,Manager → Procurement,1.0,0,,0,Одобрена
12398,Простая,28774.37,Marketing,2026-03-02,Manager → Procurement,12.08,0,,0,Одобрена
10137,Юридическая,450566.75,IT,2026-03-02,Manager → Finance → Legal → Procurement,67.29,0,,0,В процессе
13529,IT,66830.58,Finance,2026-03-02,Manager → IT → Finance → Procurement,27.89,1,,2,Одобрена
12077,Юридическая,1859985.69,Marketing,2026-03-02,Manager → Finance → Legal → Procurement,91.09,0,,0,Одобрена
12234,Юридическая,1095218.36,Sales,2026-03-02,Manager → Finance → Legal → Procurement,18.99,0,,1,Одобрена
12778,IT,275225.67,Operations,2026-03-03,Manager → IT → Finance → Procurement,29.59,0,,1,Одобрена
10179,Юридическая,1536406.38,Sales,2026-03-03,Manager → Legal → Finance → Procurement,43.93,1,,2,Одобрена
10150,Простая,11995.3,Marketing,2026-03-03,Manager → Procurement,9.75,0,,0,Одобрена
13027,Простая,46196.01,Sales,2026-03-03,Manager → Finance → Procurement,19.85,0,,1,Одобрена
11448,IT,35752.3,Sales,2026-03-03,Manager → IT → Finance → Procurement,52.23,2,,6,Одобрена
14171,Юридическая,692872.9,IT,2026-03-03,Manager → Finance → Legal → Procurement,93.66,1,,1,Одобрена
13437,Простая,22564.69,Sales,2026-03-03,Manager → Procurement,7.83,0,,0,Одобрена
14134,IT,180462.9,HR,2026-03-03,Manager → IT → Finance → Procurement,10.11,0,,0,Одобрена
13989,Юридическая,261444.22,IT,2026-03-03,Manager → Finance → Legal → Procurement,59.74,1,,2,Одобрена
11073,Простая,7078.96,IT,2026-03-03,Manager → Procurement,13.67,0,,0,Одобрена
11045,Простая,18873.12,Sales,2026-03-03,Manager → Procurement,11.95,0,,0,Одобрена
13329,IT,48936.25,Operations,2026-03-03,Manager → IT → Finance → Procurement,22.26,0,,1,Одобрена
12609,IT,187064.9,Marketing,2026-03-03,Manager → IT → Finance → Procurement,10.12,0,,0,Одобрена
14726,Простая,19479.19,Operations,2026-03-04,Manager → Procurement,5.32,0,,1,Одобрена
12280,IT,236345.05,Finance,2026-03-04,Manager → IT → Finance → Procurement,53.33,0,,1,Одобрена
11032,IT,48414.02,Sales,2026-03-04,Manager → IT → Finance → Procurement,63.62,2,,5,Одобрена
10215,IT,110409.69,Sales,2026-03-04,Manager → IT → Finance → Procurement,24.6,0,,0,Одобрена
14466,Простая,8362.75,Marketing,2026-03-04,Manager → Procurement,14.09,0,,0,Одобрена
10053,IT,101331.97,HR,2026-03-04,Manager → IT → Finance → Procurement,33.49,0,,0,Одобрена
11006,Простая,29542.08,Sales,2026-03-04,Manager → Procurement,4.9,0,,0,Одобрена
10042,IT,61835.97,IT,2026-03-04,Manager → IT → Finance → Procurement,62.18,2,,3,Одобрена
14326,IT,49082.58,Sales,2026-03-04,Manager → IT → Finance → Procurement,55.87,0,,0,Одобрена
12742,IT,58028.2,Sales,2026-03-04,Manager → IT → Procurement → Finance,48.54,1,,2,Одобрена
14536,Простая,50000.0,Sales,2026-03-04,Manager → Procurement,6.65,0,,0,Одобрена
12734,Простая,16940.61,Marketing,2026-03-04,Manager → Procurement,18.55,0,,0,Одобрена
12988,IT,124598.0,Administration,2026-03-04,Manager → IT → Finance → Procurement,45.15,0,,0,Одобрена
13738,IT,89780.22,Marketing,2026-03-04,Manager → IT → Finance → Procurement,1.0,0,,0,Одобрена
10842,IT,102937.85,Marketing,2026-03-04,Manager → IT → Finance → Procurement,37.4,1,,1,Одобрена
10185,IT,37780.08,IT,2026-03-05,Manager → IT → Finance → Procurement,54.55,1,,1,Одобрена
11442,Простая,13316.16,Administration,2026-03-05,Manager → Procurement,9.5,0,,1,Одобрена
14341,Простая,15165.32,IT,2026-03-05,Manager → Procurement,15.24,0,,0,Одобрена
10511,Простая,4431.73,IT,2026-03-05,Manager → Procurement,5.86,0,,0,Одобрена
11134,IT,44178.74,Marketing,2026-03-05,Manager → IT → Finance → Procurement,22.8,0,,0,Одобрена
14376,Простая,8020.32,Marketing,2026-03-05,Manager → Procurement,2.83,0,,1,Одобрена
11169,IT,69608.39,Marketing,2026-03-05,Manager → IT → Finance → Procurement,16.24,0,,0,Одобрена
10156,IT,136373.45,IT,2026-03-05,Manager → IT → Finance → Procurement,21.9,0,,0,Одобрена
14010,IT,96563.96,IT,2026-03-05,Manager → IT → Finance → Procurement,42.59,0,,0,Одобрена
14705,Простая,10305.37,Marketing,2026-03-05,Manager → Procurement,1.0,0,Недостаточно бюджета,0,Отклонена
12808,IT,132122.18,Marketing,2026-03-05,Manager → IT → Finance → Procurement,2.02,0,,0,Одобрена
12173,IT,66564.34,Finance,2026-03-05,Manager → IT → Finance → Procurement,40.29,0,,0,Одобрена
12396,Юридическая,243377.07,Operations,2026-03-05,Manager → Finance → Legal → Procurement,32.15,0,,0,Одобрена
11251,Простая,39025.11,Operations,2026-03-05,Manager → Finance → Procurement,47.31,1,,3,Одобрена
12212,Простая,23383.35,Operations,2026-03-05,Manager → Finance → Procurement,21.94,0,Некорректные данные,1,Отклонена
10112,Простая,37901.89,HR,2026-03-05,Manager → Procurement,9.61,0,,1,Одобрена
12863,Простая,28872.9,IT,2026-03-05,Manager → Procurement,5.99,0,,1,Одобрена
10916,Юридическая,446949.91,HR,2026-03-05,Manager → Finance → Legal → Procurement,94.02,0,,0,Одобрена
13873,Простая,35257.2,IT,2026-03-05,Manager → Procurement,9.56,0,Некорректные данные,0,Отклонена
11428,Простая,29652.52,Sales,2026-03-06,Manager → Procurement,9.72,0,,0,Одобрена
11645,Простая,19424.61,HR,2026-03-06,Manager → Procurement,13.22,0,,0,Одобрена
11580,Юридическая,189470.77,Administration,2026-03-06,Manager → Finance → Legal → Procurement,44.41,0,,0,Одобрена
13823,IT,122300.3,HR,2026-03-06,Manager → IT → Finance → Procurement,49.35,1,Некорректные данные,2,Отклонена
12628,Простая,11602.97,Administration,2026-03-06,Manager → Procurement,16.43,0,,1,Одобрена
14271,Юридическая,322038.38,IT,2026-03-06,Manager → Finance → Procurement → Legal,82.98,0,,0,Одобрена
13588,Простая,7956.53,Sales,2026-03-06,Manager → Procurement,10.05,0,,0,Одобрена
10476,Простая,5354.73,IT,2026-03-06,Manager → Procurement,9.0,0,,1,Одобрена
10639,IT,119785.59,IT,2026-03-06,Manager → IT → Finance → Procurement,43.28,0,,0,Одобрена
13924,Юридическая,134391.72,Marketing,2026-03-06,Manager → Finance → Legal → Procurement,83.08,0,,0,В процессе
13698,Простая,13862.64,Sales,2026-03-06,Manager → Procurement,18.9,1,,3,Одобрена
10055,IT,62401.58,Operations,2026-03-06,Manager → IT → Finance → Procurement,35.74,1,,2,Одобрена
14544,Простая,20261.97,Sales,2026-03-06,Manager → Finance → Procurement,62.9,3,,6,Одобрена
14264,IT,129315.06,Operations,2026-03-06,Manager → IT → Finance → Procurement,38.89,0,,0,Одобрена
10961,IT,174276.96,IT,2026-03-07,Manager → IT → Finance → Procurement,19.89,0,,0,Одобрена
14840,Простая,21208.75,Administration,2026-03-07,Manager → Procurement,13.6,0,,0,Одобрена
13970,Простая,23154.95,Sales,2026-03-07,Manager → Procurement,8.15,0,,0,Одобрена
12408,Простая,36092.4,HR,2026-03-07,Manager → Procurement,8.54,0,,0,Одобрена
11508,Простая,22439.62,IT,2026-03-07,Manager → Procurement,16.15,0,,0,В процессе
10429,Простая,4208.55,Administration,2026-03-07,Manager → Procurement,16.92,0,,1,Одобрена
13953,Юридическая,383324.1,Marketing,2026-03-07,Manager → Finance → Legal → Procurement,8.73,0,,0,Одобрена
11988,IT,124787.27,IT,2026-03-07,Manager → IT → Finance → Procurement,49.45,1,,1,Одобрена
10619,Простая,43732.29,HR,2026-03-07,Manager → Procurement,9.27,0,,0,Одобрена
11338,IT,79846.05,Marketing,2026-03-07,Manager → IT → Finance → Procurement,43.49,1,,3,Одобрена
14974,Юридическая,381588.0,Marketing,2026-03-07,Manager → Finance → Legal → Procurement,72.65,0,Юридические риски,0,Отклонена
11917,IT,69172.15,Marketing,2026-03-07,Manager → IT → Finance → Procurement,30.74,1,,2,Одобрена
14652,IT,205089.18,Operations,2026-03-07,Manager → IT → Finance → Procurement,43.61,0,,1,Одобрена
10387,IT,90657.35,IT,2026-03-07,Manager → IT → Finance → Procurement,32.91,0,,0,В процессе
13460,IT,146958.11,HR,2026-03-08,Manager → IT → Finance → Procurement,45.42,1,,1,Одобрена
14533,IT,223987.41,Administration,2026-03-08,Manager → IT → Finance → Procurement,52.33,1,,3,Одобрена
14753,Простая,34014.36,Marketing,2026-03-08,Manager → Procurement,10.33,0,,1,Одобрена
13757,Простая,12685.35,Marketing,2026-03-08,Manager → Procurement,18.57,0,,1,Одобрена
12323,Простая,35631.45,Sales,2026-03-08,Manager → Procurement,10.94,0,,1,Одобрена
12827,Простая,23691.21,Operations,2026-03-08,Manager → Procurement,20.07,0,,0,Одобрена
14157,Юридическая,477586.85,Sales,2026-03-08,Manager → Finance → Legal → Procurement,46.77,0,,1,Одобрена
11001,Простая,23619.33,Sales,2026-03-08,Manager → Finance → Procurement,21.35,0,Некорректные данные,0,Отклонена
11235,Простая,50000.0,Sales,2026-03-08,Manager → Procurement,2.88,0,,0,Одобрена
14750,Простая,50000.0,IT,2026-03-08,Manager → Procurement,11.12,0,,1,В процессе
12001,IT,110524.77,Finance,2026-03-08,Manager → IT → Finance → Procurement,27.19,0,,0,Одобрена
12266,Простая,27011.81,IT,2026-03-08,Manager → Procurement,12.22,0,,0,Одобрена
13292,IT,172986.2,Administration,2026-03-08,Manager → IT → Finance → Procurement,50.09,0,Технические требования не соблюдены,1,Отклонена
13385,Простая,13971.41,IT,2026-03-08,Manager → Procurement,6.32,0,,1,Одобрена
12257,Юридическая,310361.31,Sales,2026-03-08,Manager → Finance → Legal → Procurement,37.2,0,,1,Одобрена
11594,Простая,14278.07,Operations,2026-03-08,Manager → Procurement,11.53,0,,0,Одобрена
13656,Простая,44086.24,Marketing,2026-03-08,Manager → Procurement,7.49,0,,1,Одобрена
11410,IT,193984.62,Marketing,2026-03-08,Manager → IT → Finance → Procurement,41.13,1,,1,Одобрена
12619,IT,99384.43,Finance,2026-03-08,Manager → IT → Finance → Procurement,6.23,0,,1,Одобрена
13755,Простая,7335.37,IT,2026-03-08,Manager → Procurement,9.67,0,,0,Одобрена
12684,IT,88012.73,Operations,2026-03-08,Manager → IT → Finance → Procurement,31.86,0,,0,Одобрена
11852,Юридическая,413790.21,Sales,2026-03-08,Manager → Finance → Legal → Procurement,52.64,0,,0,Одобрена
10018,Простая,11563.11,Sales,2026-03-08,Manager → Procurement,5.11,0,,0,Одобрена
11646,Простая,16029.19,IT,2026-03-08,Manager → Procurement,1.97,0,,1,Одобрена
11545,Простая,32763.87,Marketing,2026-03-09,Manager → Procurement,6.3,0,Недостаточно бюджета,0,Отклонена
14787,Простая,19739.64,Marketing,2026-03-09,Manager → Procurement,10.11,0,,0,Одобрена
13890,Простая,23850.4,IT,2026-03-09,Manager → Procurement,15.21,0,,0,Одобрена
10572,IT,104210.67,IT,2026-03-09,Manager → IT → Finance → Procurement,27.31,0,,0,Одобрена
14251,Простая,41025.2,Marketing,2026-03-09,Manager → Procurement,2.68,0,,0,Одобрена
12318,IT,128396.41,Administration,2026-03-09,Manager → IT → Finance → Procurement,46.91,1,,1,Одобрена
10867,Юридическая,182093.28,Operations,2026-03-09,Manager → Legal → Finance → Procurement,58.38,0,,0,Одобрена
14349,IT,59080.7,Finance,2026-03-09,Manager → IT → Finance → Procurement,67.99,1,,3,Одобрена
12471,Простая,7512.13,IT,2026-03-09,Manager → Procurement,39.21,2,,3,В процессе
11225,Простая,19557.8,Sales,2026-03-09,Manager → Procurement,8.81,0,,1,Одобрена
11522,IT,43816.05,Sales,2026-03-09,Manager → Finance → IT → Procurement,39.32,0,,0,Одобрена
10581,Простая,11176.28,Finance,2026-03-09,Manager → Procurement,12.32,0,,0,Одобрена
12540,IT,37102.28,Marketing,2026-03-09,Manager → IT → Finance → Procurement,34.94,0,,0,Одобрена
11291,Простая,11965.99,Finance,2026-03-10,Manager → Procurement,21.27,0,,1,Одобрена
13976,Простая,22270.05,IT,2026-03-10,Manager → Procurement,6.51,0,,1,Одобрена
11183,Простая,11837.58,Operations,2026-03-10,Manager → Procurement,8.32,0,,1,Одобрена
12637,Простая,9984.12,Sales,2026-03-10,Manager → Procurement,11.82,0,,1,Одобрена
12322,Простая,42010.26,IT,2026-03-10,Manager → Procurement,12.61,0,,0,Одобрена
12651,Юридическая,347419.14,Operations,2026-03-10,Manager → Finance → Legal → Procurement,60.92,0,,0,Одобрена
10670,Простая,17036.88,Operations,2026-03-10,Manager → Procurement,2.59,0,Некорректные данные,0,Отклонена
13580,Простая,21174.86,IT,2026-03-10,Manager → Procurement,4.66,0,,0,Одобрена
10659,IT,97300.42,IT,2026-03-10,Manager → Finance → IT → Procurement,33.42,0,,0,Одобрена
14626,IT,130914.18,Finance,2026-03-10,Manager → IT → Finance → Procurement,46.2,1,,3,Одобрена
12820,Юридическая,466329.88,Sales,2026-03-10,Manager → Finance → Legal → Procurement,80.93,1,,3,Одобрена
13709,Простая,25652.5,IT,2026-03-10,Manager → Procurement,1.84,0,,1,Одобрена
11351,IT,72954.54,Operations,2026-03-10,Manager → IT → Finance → Procurement,26.49,0,,0,Одобрена
10550,Простая,15465.88,Sales,2026-03-10,Manager → Procurement,3.66,0,,0,Одобрена
10844,Простая,12387.41,HR,2026-03-10,Manager → Procurement,10.89,0,Не согласовано руководителем,0,Отклонена
11924,Простая,40422.14,Sales,2026-03-10,Manager → Procurement,4.42,0,,0,Одобрена
14774,Простая,48261.48,Sales,2026-03-10,Manager → Procurement,2.9,0,,0,Одобрена
14653,Простая,4028.47,IT,2026-03-10,Manager → Procurement,12.87,0,,0,Одобрена
14791,Простая,20364.47,Marketing,2026-03-11,Manager → Procurement,14.59,1,,3,Одобрена
14752,IT,139925.1,Operations,2026-03-11,Manager → IT → Finance → Procurement,37.04,0,,0,Одобрена
14209,Простая,9674.49,Marketing,2026-03-11,Manager → Procurement,8.11,0,,1,Одобрена
14744,Простая,6490.23,HR,2026-03-11,Manager → Procurement,8.18,0,,0,Одобрена
11667,IT,208756.59,Operations,2026-03-11,Manager → IT → Finance → Procurement,30.87,0,Недостаточно бюджета,0,Отклонена
13210,Простая,32211.1,Administration,2026-03-11,Manager → Procurement,2.53,0,,0,Одобрена
13850,Простая,9436.83,Administration,2026-03-11,Manager → Procurement,19.71,1,,1,Одобрена
13128,Простая,11939.1,Finance,2026-03-11,Manager → Procurement,30.59,2,,3,В процессе
10575,Юридическая,119828.8,Marketing,2026-03-11,Manager → Finance → Legal → Procurement,76.09,0,,1,В процессе
10348,Простая,16056.0,Finance,2026-03-11,Manager → Procurement,1.0,0,Недостаточно бюджета,0,Отклонена
12735,Простая,7434.89,Operations,2026-03-11,Manager → Procurement,1.0,0,,0,В процессе
13389,Простая,13785.32,Sales,2026-03-11,Manager → Procurement,9.45,0,,0,Одобрена
13251,Юридическая,250562.37,Sales,2026-03-12,Manager → Finance → Legal → Procurement,51.88,0,,0,Одобрена
11128,IT,36990.64,IT,2026-03-12,Manager → IT → Finance → Procurement,52.54,0,Недостаточно бюджета,1,Отклонена
12937,Простая,14017.8,Marketing,2026-03-12,Manager → Procurement,5.82,0,,0,Одобрена
12764,Простая,20784.2,Marketing,2026-03-12,Manager → Procurement,7.79,0,,1,Одобрена
13287,IT,112773.84,Sales,2026-03-12,Manager → IT → Finance → Procurement,43.12,1,,1,В процессе
12166,Простая,50000.0,Sales,2026-03-12,Manager → Procurement,1.0,0,Недостаточно бюджета,0,Отклонена
10656,Простая,9789.64,Marketing,2026-03-12,Manager → Procurement,13.93,0,,1,Одобрена
11595,IT,147251.12,Administration,2026-03-12,Manager → IT → Finance → Procurement,52.02,2,,5,Одобрена
10726,Простая,13525.32,Operations,2026-03-12,Manager → Procurement,10.69,0,,0,Одобрена
10780,Юридическая,277894.95,IT,2026-03-12,Manager → Finance → Legal → Procurement,66.76,0,Некорректные данные,0,Отклонена
12361,IT,214937.71,Sales,2026-03-12,Manager → IT → Finance → Procurement,63.56,1,,2,Одобрена
11224,IT,163884.96,IT,2026-03-12,Manager → IT → Finance → Procurement,35.81,0,,1,Одобрена
13479,Юридическая,100000.0,Marketing,2026-03-12,Manager → Finance → Legal → Procurement,77.53,0,,0,Одобрена
12161,Простая,5573.86,HR,2026-03-13,Manager → Finance → Procurement,16.45,0,,0,Одобрена
12688,IT,56164.02,Finance,2026-03-13,Manager → IT → Finance → Procurement,11.52,0,,0,Одобрена
11342,IT,300000.0,Administration,2026-03-13,Manager → IT → Finance → Procurement,35.5,0,,0,В процессе
11103,IT,52402.44,Operations,2026-03-13,Manager → IT → Finance → Procurement,36.81,0,,0,Одобрена
10793,Простая,26520.27,IT,2026-03-13,Manager → Procurement,17.78,0,,0,Одобрена
11421,IT,66653.99,Marketing,2026-03-13,Manager → IT → Finance → Procurement,32.87,0,,0,Одобрена
14298,IT,278707.4,Administration,2026-03-13,Manager → IT → Finance → Procurement,43.28,0,,1,Одобрена
13917,IT,85726.52,Sales,2026-03-13,Manager → IT → Finance → Procurement,71.57,2,,4,Одобрена
13147,IT,251703.31,Marketing,2026-03-13,Manager → IT → Finance → Procurement,60.92,0,,1,Одобрена
10958,IT,108297.59,IT,2026-03-13,Manager → IT → Finance → Procurement,47.55,3,,4,Одобрена
14062,IT,117894.41,Administration,2026-03-13,Manager → IT → Finance → Procurement,50.09,0,Технические требования не соблюдены,1,Отклонена
13968,Простая,29410.99,Marketing,2026-03-13,Manager → Procurement,7.3,0,,0,Одобрена
13143,Юридическая,321097.84,Marketing,2026-03-14,Manager → Finance → Legal → Procurement,45.79,0,Недостаточно бюджета,0,Отклонена
13618,Простая,15666.34,Finance,2026-03-14,Manager → Procurement,1.0,0,,0,Одобрена
10570,IT,184439.28,Operations,2026-03-14,Manager → IT → Finance → Procurement,1.0,0,,0,Одобрена
12823,Простая,4096.78,Marketing,2026-03-14,Manager → Procurement,12.43,0,,0,В процессе
14107,IT,81373.36,Marketing,2026-03-14,Manager → IT → Finance → Procurement,17.48,1,,2,Одобрена
11651,Простая,18479.62,Finance,2026-03-14,Manager → Procurement,2.05,0,,0,Одобрена
13374,Простая,9481.0,Sales,2026-03-14,Manager → Procurement,14.22,0,,1,Одобрена
13386,IT,178842.39,Sales,2026-03-14,Manager → IT → Finance → Procurement,27.15,1,,2,Одобрена
11757,Простая,7642.31,Operations,2026-03-14,Manager → Procurement,11.0,0,Не согласовано руководителем,0,Отклонена
13491,IT,99922.78,Marketing,2026-03-14,Manager → IT → Finance → Procurement,49.02,0,,0,Одобрена
10936,Простая,30210.81,HR,2026-03-14,Manager → Procurement,14.21,0,,0,Одобрена
13939,Простая,12626.68,Sales,2026-03-14,Manager → Procurement,8.69,0,,0,Одобрена
14246,Простая,7634.45,HR,2026-03-14,Manager → Procurement,34.35,1,,2,Одобрена
12508,Юридическая,100000.0,Operations,2026-03-14,Manager → Finance → Legal → Procurement,70.42,0,,0,Одобрена
13827,Простая,8339.14,Finance,2026-03-14,Manager → Procurement,7.01,0,Некорректные данные,1,Отклонена
14223,Простая,14309.3,Marketing,2026-03-14,Manager → Procurement,4.86,0,Недостаточно бюджета,0,Отклонена
10908,Простая,3839.74,HR,2026-03-14,Manager → Procurement,4.71,0,,0,Одобрена
14572,Юридическая,487207.4,Finance,2026-03-15,Manager → Finance → Legal → Procurement,87.75,0,,0,Одобрена
10812,Простая,21698.29,IT,2026-03-15,Manager → Procurement,13.0,0,,1,Одобрена
14528,IT,184503.49,IT,2026-03-15,Manager → IT → Finance → Procurement,29.94,0,,1,В процессе
14598,Простая,12982.69,Marketing,2026-03-15,Manager → Procurement,24.23,0,,1,Одобрена
12718,Юридическая,315702.17,Operations,2026-03-15,Manager → Finance → Legal → Procurement,75.98,0,,1,Одобрена
10006,Юридическая,279156.15,Sales,2026-03-15,Manager → Finance → Legal → Procurement,54.51,0,,1,Одобрена
12310,Юридическая,355493.54,Sales,2026-03-15,Manager → Finance → Legal → Procurement,49.03,0,Недостаточно бюджета,0,Отклонена
13543,Юридическая,132770.61,Marketing,2026-03-15,Manager → Finance → Legal → Procurement,87.3,0,,0,Одобрена
11789,Юридическая,367616.29,Operations,2026-03-15,Manager → Finance → Legal → Procurement,68.19,0,,0,Одобрена
13382,Юридическая,409350.83,HR,2026-03-15,Manager → Finance → Legal → Procurement,61.57,1,,2,Одобрена
14113,IT,106221.1,Sales,2026-03-15,Manager → IT → Finance → Procurement,68.58,3,,3,Одобрена
13277,Простая,36115.66,Sales,2026-03-15,Manager → Procurement,9.5,0,,0,Одобрена
13311,Юридическая,225958.23,Operations,2026-03-15,Manager → Finance → Legal → Procurement,74.0,0,,1,Одобрена
14299,IT,137421.85,Finance,2026-03-15,Manager → IT → Finance → Procurement,46.6,1,,2,В процессе
13291,Простая,29806.33,Finance,2026-03-16,Manager → Procurement,1.0,0,,0,Одобрена
10083,IT,193337.99,Sales,2026-03-16,Manager → IT → Finance → Procurement,22.96,0,,1,Одобрена
14191,Простая,25293.41,Sales,2026-03-16,Manager → Procurement,11.46,0,,1,Одобрена
12548,Простая,16175.03,IT,2026-03-16,Manager → Procurement,17.64,1,Недостаточно бюджета,1,Отклонена
14131,IT,183773.67,IT,2026-03-16,Manager → IT → Finance → Procurement,30.9,0,,1,В процессе
14269,IT,300000.0,Administration,2026-03-16,Manager → IT → Finance → Procurement,34.9,0,,0,Одобрена
10489,IT,35444.98,Sales,2026-03-16,Manager → IT → Finance → Procurement,40.12,0,,0,Одобрена
11373,Простая,7303.77,Administration,2026-03-16,Manager → Procurement,7.81,0,,0,Одобрена
11113,IT,112869.84,Marketing,2026-03-16,Manager → IT → Finance → Procurement,26.2,0,,1,Одобрена
13114,IT,197409.54,Finance,2026-03-16,Manager → IT → Finance → Procurement,24.06,0,,0,Одобрена
10603,Юридическая,260664.99,Operations,2026-03-16,Manager → Finance → Legal → Procurement,43.48,0,,1,Одобрена
11222,Простая,20159.67,Marketing,2026-03-16,Manager → Procurement,17.39,0,Некорректные данные,1,Отклонена
11559,IT,175405.15,Operations,2026-03-17,Manager → IT → Finance → Procurement,34.61,0,,0,Одобрена
13920,Простая,6210.17,Finance,2026-03-17,Manager → Procurement,9.41,0,Недостаточно бюджета,0,Отклонена
14816,Простая,9171.82,IT,2026-03-17,Manager → Procurement,13.43,0,,0,В процессе
10416,Простая,15903.56,Sales,2026-03-17,Manager → Procurement,17.18,0,Недостаточно бюджета,0,Отклонена
13406,IT,92386.43,Operations,2026-03-17,Manager → IT → Finance → Procurement,28.16,0,,0,Одобрена
11737,Юридическая,311524.12,IT,2026-03-17,Manager → Legal → Finance → Procurement,89.98,0,,0,Одобрена
13777,IT,55553.48,Sales,2026-03-17,Manager → IT → Finance → Procurement,67.1,1,,1,В процессе
11728,Юридическая,1133283.3,Marketing,2026-03-17,Manager → Finance → Legal → Procurement,51.75,0,,0,Одобрена
10291,IT,163968.05,Marketing,2026-03-17,Manager → IT → Finance → Procurement,28.9,0,,0,Одобрена
13705,Простая,12799.07,Sales,2026-03-17,Manager → Procurement,29.67,3,,5,Одобрена
10810,Юридическая,420473.85,Operations,2026-03-18,Manager → Finance → Legal → Procurement,47.62,0,,0,Одобрена
10059,Простая,28999.04,HR,2026-03-18,Manager → Procurement,13.08,0,,0,Одобрена
13963,IT,112872.61,Finance,2026-03-18,Manager → IT → Finance → Procurement,28.34,0,,0,Одобрена
13180,IT,146181.97,Sales,2026-03-18,Manager → IT → Finance → Procurement,33.37,0,,0,В процессе
13265,Простая,5169.16,Finance,2026-03-18,Manager → Procurement,10.47,0,,1,Одобрена
13254,Простая,19933.77,Operations,2026-03-18,Manager → Procurement,8.53,0,,0,Одобрена
12457,IT,38451.86,Finance,2026-03-18,Manager → IT → Finance → Procurement,39.64,2,,6,В процессе
10272,Простая,7420.69,Operations,2026-03-18,Manager → Procurement,4.11,0,,0,Одобрена
13664,IT,175409.14,Administration,2026-03-18,Manager → IT → Finance → Procurement,43.34,0,Некорректные данные,0,Отклонена
12357,Простая,22582.18,Finance,2026-03-18,Manager → Procurement,6.31,0,,0,Одобрена
14737,IT,86464.61,IT,2026-03-18,Manager → IT → Finance → Procurement,70.68,1,,2,Одобрена
11900,Простая,10688.46,Administration,2026-03-18,Manager → Procurement,7.39,0,,0,Одобрена
13065,Простая,22888.59,Administration,2026-03-18,Manager → Procurement,40.96,3,,5,В процессе
14940,Простая,50000.0,Finance,2026-03-19,Manager → Procurement,10.9,0,,0,Одобрена
12315,Простая,13977.27,Marketing,2026-03-19,Manager → Procurement,2.94,0,,1,Одобрена
14721,Простая,10232.76,Finance,2026-03-19,Manager → Procurement,14.21,0,,1,Одобрена
10617,IT,36414.48,Sales,2026-03-19,Manager → IT → Finance → Procurement,15.48,0,,0,Одобрена
14736,IT,128496.68,HR,2026-03-19,Manager → IT → Finance → Procurement,55.67,0,Технические требования не соблюдены,0,Отклонена
13310,Простая,9914.07,Administration,2026-03-19,Manager → Procurement,5.82,0,,0,Одобрена
13519,IT,86490.53,HR,2026-03-19,Manager → IT → Finance → Procurement,29.09,0,,1,Одобрена
13881,IT,174694.23,Finance,2026-03-19,Manager → IT → Finance → Procurement,25.92,0,,0,Одобрена
10366,Простая,19578.82,Administration,2026-03-19,Manager → Procurement,6.95,0,,0,Одобрена
14105,Юридическая,1554774.3,Finance,2026-03-19,Manager → Finance → Legal → Procurement,64.11,0,,1,Одобрена
14165,IT,88848.1,Sales,2026-03-19,Manager → IT → Finance → Procurement,54.28,0,,0,В процессе
13307,Простая,13738.81,Finance,2026-03-20,Manager → Procurement,7.61,0,,0,Одобрена
14710,Простая,24932.96,HR,2026-03-20,Manager → Procurement,9.19,0,,1,Одобрена
12114,IT,76067.72,Sales,2026-03-20,Manager → IT → Finance → Procurement,32.7,0,Недостаточно бюджета,1,Отклонена
14980,Юридическая,511510.29,IT,2026-03-20,Manager → Finance → Legal → Procurement,51.52,0,Некорректные данные,1,Отклонена
11105,Простая,16818.71,Sales,2026-03-20,Manager → Procurement,1.0,0,,0,В процессе
13225,Простая,12362.66,Marketing,2026-03-20,Manager → Procurement,2.79,0,,1,Одобрена
11104,IT,95864.74,Operations,2026-03-20,Manager → IT → Finance → Procurement,38.04,1,,2,Одобрена
12211,Юридическая,884003.77,Sales,2026-03-20,Manager → Finance → Legal → Procurement,58.66,0,,0,Одобрена
13352,Простая,6233.59,Operations,2026-03-20,Manager → Procurement,4.5,0,,0,Одобрена
11733,IT,53151.28,Operations,2026-03-20,Manager → IT → Finance → Procurement,28.76,0,,0,Одобрена
10050,Простая,11788.12,Administration,2026-03-20,Manager → Procurement,1.0,0,,0,Одобрена
13635,IT,300000.0,IT,2026-03-20,Manager → IT → Finance → Procurement,55.65,1,,3,Одобрена
11690,Простая,18274.67,Sales,2026-03-20,Manager → Procurement,21.43,0,,1,Одобрена
13697,Простая,39253.72,IT,2026-03-20,Manager → Procurement,8.87,0,,0,Одобрена
11526,Простая,17153.95,Administration,2026-03-20,Manager → Procurement,7.14,0,Не согласовано руководителем,0,Отклонена
10003,Юридическая,190461.15,Operations,2026-03-20,Manager → Finance → Legal → Procurement,65.9,1,,3,Одобрена
14944,Юридическая,541691.7,HR,2026-03-20,Manager → Legal → Finance → Procurement,44.13,0,,0,Одобрена
14946,IT,69290.88,IT,2026-03-20,Manager → IT → Finance → Procurement,9.92,0,,0,Одобрена
12680,Простая,19092.35,Administration,2026-03-21,Manager → Procurement,3.07,0,,0,Одобрена
12403,IT,54852.93,Marketing,2026-03-21,Manager → IT → Finance → Procurement,39.96,0,,0,Одобрена
14055,IT,199016.87,Operations,2026-03-21,Manager → IT → Finance → Procurement,30.91,0,,0,Одобрена
12037,Юридическая,184208.23,IT,2026-03-21,Manager → Finance → Legal → Procurement,56.77,1,,2,Одобрена
13156,Простая,22626.5,Administration,2026-03-21,Manager → Procurement,8.37,0,,0,Одобрена
11922,Простая,13318.01,Operations,2026-03-21,Manager → Procurement,3.96,0,,1,Одобрена
11327,Простая,24613.85,Operations,2026-03-21,Manager → Procurement,11.25,0,,0,В процессе
14509,IT,223368.46,Finance,2026-03-21,Manager → IT → Finance → Procurement,26.15,1,,2,Одобрена
13740,Простая,26869.56,HR,2026-03-21,Manager → Procurement,12.17,0,,0,Одобрена
14040,IT,170867.59,IT,2026-03-21,Manager → IT → Finance → Procurement,49.38,1,,3,Одобрена
12741,Простая,23475.03,Sales,2026-03-21,Manager → Procurement,10.32,0,Недостаточно бюджета,0,Отклонена
13176,Простая,34008.83,Operations,2026-03-21,Manager → Procurement,6.06,0,,0,Одобрена
15000,IT,121004.55,Sales,2026-03-21,Manager → IT → Finance → Procurement,48.7,0,,1,Одобрена
11075,Юридическая,374076.0,Operations,2026-03-21,Manager → Finance → Legal → Procurement,55.04,0,,1,Одобрена
10650,Простая,14522.66,IT,2026-03-21,Manager → Procurement,14.06,0,,1,Одобрена
10732,Простая,12598.24,Operations,2026-03-21,Manager → Procurement,7.68,0,,0,Одобрена
12378,IT,73376.78,Administration,2026-03-22,Manager → IT → Finance → Procurement,41.93,0,,1,Одобрена
13141,Простая,20809.42,Marketing,2026-03-22,Manager → Procurement,10.47,0,,0,Одобрена
10138,Простая,20395.57,IT,2026-03-22,Manager → Finance → Procurement,37.04,1,,2,Одобрена
11711,IT,62180.3,IT,2026-03-22,Manager → IT → Finance → Procurement,11.97,0,Некорректные данные,0,Отклонена
13813,IT,44088.71,HR,2026-03-22,Manager → IT → Finance → Procurement,64.29,0,,0,Одобрена
10380,IT,209010.23,Operations,2026-03-22,Manager → IT → Finance → Procurement,32.0,0,,0,Одобрена
10873,Юридическая,485047.43,IT,2026-03-22,Manager → Finance → Legal → Procurement,69.37,0,Некорректные данные,0,Отклонена
10350,Простая,9770.21,Marketing,2026-03-22,Manager → Procurement,7.53,0,Недостаточно бюджета,1,Отклонена
11972,Юридическая,179538.96,Sales,2026-03-22,Manager → Finance → Legal → Procurement,50.16,0,,1,Одобрена
11811,Простая,18995.48,IT,2026-03-22,Manager → Procurement,16.0,0,,0,В процессе
12007,Простая,12135.08,Operations,2026-03-22,Manager → Procurement,21.58,0,,0,Одобрена
14586,IT,87039.05,Operations,2026-03-22,Manager → IT → Finance → Procurement,24.32,0,,0,Одобрена
11305,IT,50262.16,Finance,2026-03-22,Manager → IT → Finance → Procurement,42.9,0,,1,Одобрена
12130,Простая,38702.55,Marketing,2026-03-22,Manager → Procurement,11.03,0,,1,В процессе
11201,IT,170029.3,Sales,2026-03-22,Manager → IT → Procurement → Finance,34.78,0,,0,Одобрена
11025,IT,135315.77,Operations,2026-03-22,Manager → IT → Finance → Procurement,60.36,0,,1,Одобрена
11956,Юридическая,308559.91,Sales,2026-03-22,Manager → Finance → Procurement → Legal,15.16,0,,0,Одобрена
14658,Простая,14744.93,IT,2026-03-23,Manager → Procurement,11.9,0,,0,Одобрена
10646,Юридическая,1014359.13,Marketing,2026-03-23,Manager → Finance → Legal → Procurement,67.66,0,Юридические риски,1,Отклонена
10540,IT,36773.59,IT,2026-03-23,Manager → IT → Finance → Procurement,24.67,1,,3,Одобрена
12914,IT,215735.65,Operations,2026-03-23,Manager → IT → Finance → Procurement,27.26,0,,0,В процессе
14125,Юридическая,467187.02,Operations,2026-03-23,Manager → Finance → Legal → Procurement,62.36,0,,1,Одобрена
13743,Юридическая,299903.45,IT,2026-03-23,Manager → Finance → Legal → Procurement,44.1,0,,0,Одобрена
14794,Юридическая,848950.2,IT,2026-03-23,Manager → Finance → Legal → Procurement,33.03,0,,0,Одобрена
12256,IT,102579.05,IT,2026-03-23,Manager → IT → Finance → Procurement,47.28,0,,1,Одобрена
13714,IT,30000.0,Finance,2026-03-23,Manager → IT → Finance → Procurement,36.24,0,,0,Одобрена
11161,Простая,8676.33,Finance,2026-03-23,Manager → Procurement,14.75,0,,0,Одобрена
12632,Простая,15203.15,Finance,2026-03-23,Manager → Procurement,15.98,0,,1,Одобрена
11541,IT,117301.1,Operations,2026-03-23,Manager → IT → Finance → Procurement,56.95,0,,0,Одобрена
13540,Простая,10926.93,Marketing,2026-03-23,Manager → Procurement,15.99,0,,0,Одобрена
10244,IT,297898.46,Marketing,2026-03-23,Manager → IT → Finance → Procurement,56.75,0,,0,Одобрена
11330,Простая,29073.13,Marketing,2026-03-23,Manager → Procurement,9.42,0,,0,Одобрена
14484,Простая,21222.18,HR,2026-03-23,Manager → Procurement,6.68,0,,1,Одобрена
11388,Простая,19966.02,IT,2026-03-23,Manager → Procurement,1.0,0,,0,Одобрена
14452,Юридическая,197986.03,Marketing,2026-03-23,Manager → Finance → Legal → Procurement,27.38,0,,0,Одобрена
12537,IT,300000.0,Sales,2026-03-23,Manager → IT → Finance → Procurement,26.56,0,,1,Одобрена
12373,Простая,17987.95,Sales,2026-03-23,Manager → Procurement,8.64,0,,1,Одобрена
14955,Простая,22370.26,Finance,2026-03-23,Manager → Procurement,29.14,1,,1,Одобрена
14888,IT,185784.43,Operations,2026-03-24,Manager → IT → Finance → Procurement,23.41,0,,0,В процессе
12362,Простая,19385.42,Operations,2026-03-24,Manager → Procurement,8.8,0,,1,Одобрена
10164,Простая,9963.78,Sales,2026-03-24,Manager → Procurement,17.73,0,,1,Одобрена
14855,Простая,7296.46,IT,2026-03-24,Manager → Procurement,15.08,0,,0,Одобрена
13011,Простая,5168.88,Administration,2026-03-24,Manager → Procurement,7.54,0,,1,Одобрена
13944,IT,194804.39,Operations,2026-03-24,Manager → IT → Finance → Procurement,16.43,0,,0,Одобрена
13469,Простая,10734.76,Sales,2026-03-24,Manager → Procurement,5.45,0,,0,Одобрена
13550,Юридическая,594872.98,Finance,2026-03-24,Manager → Finance → Legal → Procurement,59.67,0,,0,Одобрена
11233,Простая,15224.93,Operations,2026-03-24,Manager → Procurement,18.95,0,,1,Одобрена
10015,Простая,13846.12,IT,2026-03-24,Manager → Procurement,10.75,0,,0,Одобрена
11125,Простая,46118.95,IT,2026-03-24,Manager → Procurement,10.05,0,,0,Одобрена
10897,Простая,16923.87,IT,2026-03-25,Manager → Procurement,9.56,0,,0,Одобрена
14361,Простая,50000.0,Marketing,2026-03-25,Manager → Procurement,15.51,0,Некорректные данные,0,Отклонена
13038,Простая,26789.6,Sales,2026-03-25,Manager → Procurement,10.06,0,,0,Одобрена
14731,Простая,15494.01,Marketing,2026-03-25,Manager → Procurement,6.58,0,,1,Одобрена
12271,IT,209646.21,Operations,2026-03-25,Manager → IT → Finance → Procurement,67.3,1,,2,Одобрена
14329,IT,42928.05,IT,2026-03-25,Manager → IT → Finance → Procurement,29.43,0,,1,Одобрена
14914,Юридическая,355942.69,Marketing,2026-03-25,Manager → Finance → Legal → Procurement,38.24,0,,0,Одобрена
12105,IT,87891.27,Marketing,2026-03-25,Manager → IT → Finance → Procurement,28.19,0,,1,Одобрена
12620,Юридическая,153151.39,Operations,2026-03-25,Manager → Finance → Legal → Procurement,71.46,0,,1,Одобрена
12158,Простая,21377.15,Administration,2026-03-25,Manager → Procurement,13.79,0,Недостаточно бюджета,0,Отклонена
11618,IT,171059.28,Operations,2026-03-25,Manager → IT → Finance → Procurement,46.8,2,,6,В процессе
12514,Простая,17020.78,Finance,2026-03-25,Manager → Procurement,4.44,0,,1,Одобрена
13266,Простая,6751.22,Administration,2026-03-25,Manager → Procurement,10.71,0,,0,Одобрена
12580,Юридическая,1319377.02,Sales,2026-03-25,Manager → Finance → Legal → Procurement,29.08,0,Юридические риски,0,Отклонена
11772,IT,202100.34,HR,2026-03-25,Manager → IT → Finance → Procurement,30.23,0,,0,Одобрена
11194,Юридическая,338570.87,Sales,2026-03-25,Manager → Finance → Legal → Procurement,96.85,0,,0,Одобрена
12306,Простая,29565.03,Sales,2026-03-26,Manager → Procurement,2.63,0,,0,Одобрена
12126,Простая,10055.28,Administration,2026-03-26,Manager → Procurement,13.93,0,,0,Одобрена
13055,IT,130164.16,Administration,2026-03-26,Manager → IT → Finance → Procurement,27.29,0,Некорректные данные,0,Отклонена
10563,IT,300000.0,IT,2026-03-26,Manager → IT → Finance → Procurement,21.95,0,,0,Одобрена
10405,Юридическая,777495.43,HR,2026-03-26,Manager → Finance → Legal → Procurement,49.06,1,,1,Одобрена
10535,Простая,12091.18,Operations,2026-03-26,Manager → Procurement,10.43,0,,0,Одобрена
10251,IT,81910.94,Sales,2026-03-26,Manager → IT → Finance → Procurement,10.97,0,,0,Одобрена
10995,Юридическая,363142.34,HR,2026-03-26,Manager → Finance → Legal → Procurement,64.41,0,,0,Одобрена
12061,Юридическая,886881.99,IT,2026-03-26,Manager → Finance → Legal → Procurement,44.52,0,,1,Одобрена
11754,IT,144901.78,Administration,2026-03-26,Manager → IT → Finance → Procurement,35.21,0,,0,Одобрена
10200,Простая,13323.4,Sales,2026-03-26,Manager → Finance → Procurement,8.49,0,,1,Одобрена
10874,Простая,50000.0,IT,2026-03-26,Manager → Procurement,18.26,0,,0,Одобрена
10709,Простая,13422.32,IT,2026-03-26,Manager → Procurement,2.5,0,,0,Одобрена
14998,Простая,12163.96,IT,2026-03-26,Manager → Procurement,16.79,0,,0,Одобрена
13226,IT,148437.91,IT,2026-03-26,Manager → IT → Finance → Procurement,74.45,1,Некорректные данные,1,Отклонена
11300,Простая,24056.99,Administration,2026-03-26,Manager → Procurement,12.6,0,,1,Одобрена
12367,Простая,18503.67,IT,2026-03-26,Manager → Procurement,17.03,0,,0,Одобрена
12557,Простая,27527.76,Marketing,2026-03-26,Manager → Procurement,1.0,0,,0,Одобрена
12297,IT,129086.92,Finance,2026-03-26,Manager → IT → Finance → Procurement,13.96,0,,0,Одобрена
12978,IT,244166.41,Administration,2026-03-27,Manager → IT → Finance → Procurement,6.63,0,,0,Одобрена
13964,Простая,8445.6,HR,2026-03-27,Manager → Procurement,12.9,0,,0,Одобрена
12267,IT,133916.5,Marketing,2026-03-27,Manager → IT → Finance → Procurement,40.14,0,,1,Одобрена
10486,Простая,16321.86,Administration,2026-03-27,Manager → Procurement,8.62,0,,1,Одобрена
14740,IT,64785.45,Finance,2026-03-27,Manager → IT → Finance → Procurement,40.07,1,Некорректные данные,1,Отклонена
10742,Простая,11424.02,HR,2026-03-27,Manager → Procurement,1.0,0,,0,Одобрена
12031,Простая,10897.61,IT,2026-03-27,Manager → Procurement,10.7,0,,1,Одобрена
14700,IT,145561.69,Marketing,2026-03-27,Manager → IT → Finance → Procurement,20.13,0,Технические требования не соблюдены,0,Отклонена
11701,Юридическая,600807.21,Marketing,2026-03-27,Manager → Finance → Legal → Procurement,70.47,0,,0,В процессе
14850,IT,300000.0,IT,2026-03-28,Manager → IT → Finance → Procurement,50.69,1,,1,В процессе
13184,Простая,22608.44,IT,2026-03-28,Manager → Procurement,11.89,0,,1,Одобрена
11751,IT,155620.94,IT,2026-03-28,Manager → IT → Finance → Procurement,67.61,2,,5,Одобрена
13183,Простая,27206.33,Sales,2026-03-28,Manager → Procurement,5.54,0,,1,Одобрена
12494,Юридическая,393998.9,IT,2026-03-28,Manager → Finance → Legal → Procurement,71.22,2,,3,Одобрена
14184,Простая,12123.33,Administration,2026-03-28,Manager → Procurement,12.39,0,,1,В процессе
10942,IT,238550.46,HR,2026-03-28,Manager → IT → Finance → Procurement,31.85,0,,0,Одобрена
12184,Простая,21020.96,Sales,2026-03-28,Manager → Procurement,8.88,0,,0,Одобрена
10654,Простая,5479.59,Sales,2026-03-28,Manager → Procurement,5.39,0,,0,Одобрена
11763,Простая,19060.92,Administration,2026-03-28,Manager → Procurement,13.36,0,,1,Одобрена
12601,Простая,20785.98,Administration,2026-03-28,Manager → Procurement,20.02,0,,1,Одобрена
14751,Простая,8753.32,Administration,2026-03-28,Manager → Procurement,5.77,0,Некорректные данные,0,Отклонена
11254,IT,113920.49,Sales,2026-03-28,Manager → IT → Finance → Procurement,32.58,0,,0,В процессе
14014,Простая,6446.8,Marketing,2026-03-28,Manager → Procurement,6.35,0,,0,Одобрена
10875,IT,43489.19,IT,2026-03-28,Manager → IT → Finance → Procurement,20.08,0,,0,Одобрена
10543,IT,89146.0,HR,2026-03-28,Manager → IT → Procurement → Finance,10.7,0,,0,Одобрена
14716,Простая,50000.0,Sales,2026-03-28,Manager → Procurement,12.04,0,,0,В процессе
13636,Простая,6498.29,Sales,2026-03-28,Manager → Finance → Procurement,27.52,0,,1,Одобрена
13886,Простая,3989.7,IT,2026-03-29,Manager → Procurement,21.54,2,,4,Одобрена
11267,Простая,12052.68,IT,2026-03-29,Manager → Procurement,18.53,0,,1,Одобрена
12262,Юридическая,1165049.66,Operations,2026-03-29,Manager → Finance → Legal → Procurement,78.42,1,,3,В процессе
13645,Простая,24948.7,Marketing,2026-03-29,Manager → Procurement,10.87,0,,1,Одобрена
12831,Простая,26207.16,Administration,2026-03-29,Manager → Procurement,7.96,0,,0,Одобрена
12876,Простая,19316.44,IT,2026-03-29,Manager → Procurement,1.0,0,,0,Одобрена
12215,Юридическая,240077.76,Operations,2026-03-29,Manager → Finance → Legal → Procurement,49.56,0,,0,Одобрена
13240,Простая,6499.96,Sales,2026-03-29,Manager → Procurement,7.55,0,,0,Одобрена
11503,Простая,18257.7,HR,2026-03-29,Manager → Procurement,14.61,0,,1,Одобрена
13710,IT,93767.6,Sales,2026-03-29,Manager → IT → Finance → Procurement,21.7,0,,0,Одобрена
10979,IT,82733.89,IT,2026-03-29,Manager → IT → Finance → Procurement,32.17,0,,0,Одобрена
12506,Простая,15155.92,Finance,2026-03-29,Manager → Procurement,5.21,0,,0,Одобрена
13952,Юридическая,475176.38,Sales,2026-03-29,Manager → Finance → Legal → Procurement,34.98,0,,0,Одобрена
11713,Юридическая,524649.45,Marketing,2026-03-30,Manager → Finance → Legal → Procurement,12.09,0,,0,Одобрена
10528,Юридическая,231292.03,IT,2026-03-30,Manager → Finance → Legal → Procurement,52.13,0,,0,Одобрена
13072,Юридическая,256843.71,Sales,2026-03-30,Manager → Finance → Legal → Procurement,90.04,0,,1,Одобрена
11090,Простая,10490.04,Finance,2026-03-30,Manager → Procurement,1.55,0,,0,Одобрена
13447,IT,85124.94,Sales,2026-03-30,Manager → IT → Finance → Procurement,29.42,0,,0,Одобрена
10378,Простая,50000.0,Finance,2026-03-30,Manager → Finance → Procurement,28.14,0,,1,Одобрена
10349,IT,126435.91,Finance,2026-03-30,Manager → IT → Finance → Procurement,36.32,0,,0,Одобрена
12050,Простая,8777.47,Marketing,2026-03-30,Manager → Procurement,4.43,0,,0,Одобрена
11703,Простая,15545.53,Administration,2026-03-30,Manager → Procurement,24.51,1,,2,Одобрена
11784,Простая,7779.23,IT,2026-03-30,Manager → Procurement,5.1,0,,0,Одобрена
11686,Простая,6581.02,Sales,2026-03-31,Manager → Procurement,7.6,0,Некорректные данные,1,Отклонена
11841,Простая,15790.3,Finance,2026-03-31,Manager → Procurement,12.63,0,,1,Одобрена
12399,Простая,18614.02,Administration,2026-03-31,Manager → Procurement,1.0,0,,0,Одобрена
12674,Простая,26028.69,Sales,2026-03-31,Manager → Procurement,9.36,0,,0,Одобрена
14476,IT,147873.32,Administration,2026-03-31,Manager → IT → Finance → Procurement,28.79,0,,0,В процессе
11810,Простая,15017.01,Operations,2026-03-31,Manager → Procurement,8.1,0,,0,Одобрена
10748,Простая,13353.48,Administration,2026-03-31,Manager → Procurement,8.37,0,,0,Одобрена
10602,IT,150986.12,IT,2026-03-31,Manager → IT → Finance → Procurement,25.83,0,,1,Одобрена
13928,IT,177591.79,Administration,2026-03-31,Manager → IT → Finance → Procurement,20.03,0,,0,Одобрена
13888,IT,210752.37,HR,2026-03-31,Manager → IT → Finance → Procurement,64.7,0,,1,Одобрена
14390,IT,59491.19,IT,2026-04-01,Manager → IT → Finance → Procurement,34.23,1,,1,Одобрена
11534,IT,93585.86,IT,2026-04-01,Manager → IT → Finance → Procurement,44.28,0,,0,Одобрена
12640,Простая,14971.46,Sales,2026-04-01,Manager → Procurement,6.16,0,Не согласовано руководителем,0,Отклонена
12452,IT,93047.9,Marketing,2026-04-01,Manager → IT → Finance → Procurement,33.18,0,,0,Одобрена
13658,Простая,33610.76,Sales,2026-04-01,Manager → Procurement,4.28,0,,0,Одобрена
10515,Простая,15652.02,IT,2026-04-01,Manager → Procurement,3.23,0,,0,Одобрена
12461,Юридическая,203419.32,Sales,2026-04-01,Manager → Finance → Legal → Procurement,47.39,0,,1,Одобрена
11707,Простая,8127.18,IT,2026-04-01,Manager → Procurement,8.17,0,,0,Одобрена
10485,Простая,10285.99,Operations,2026-04-01,Manager → Procurement,12.75,0,,0,Одобрена
11083,Юридическая,304356.83,HR,2026-04-01,Manager → Finance → Legal → Procurement,78.89,0,,1,Одобрена
11069,Простая,30045.15,Marketing,2026-04-01,Manager → Procurement,15.29,0,,0,Одобрена
14938,IT,164789.75,Marketing,2026-04-01,Manager → IT → Finance → Procurement,36.04,0,,1,Одобрена
11568,Простая,22699.22,Sales,2026-04-02,Manager → Procurement,6.94,0,,0,Одобрена
12326,Юридическая,242106.92,Marketing,2026-04-02,Manager → Finance → Legal → Procurement,1.0,0,,0,Одобрена
11199,Простая,14500.65,Sales,2026-04-02,Manager → Procurement,9.11,0,,0,Одобрена
12498,Простая,17179.84,Sales,2026-04-02,Manager → Procurement,8.58,0,,1,Одобрена
10472,Простая,11758.94,IT,2026-04-02,Manager → Procurement,17.74,0,,0,Одобрена
13704,IT,96539.02,Marketing,2026-04-02,Manager → IT → Finance → Procurement,33.38,0,,0,Одобрена
12611,Юридическая,130960.24,Operations,2026-04-02,Manager → Finance → Legal → Procurement,72.44,0,,0,Одобрена
10930,IT,131431.07,IT,2026-04-02,Manager → IT → Procurement → Finance,71.84,0,,0,В процессе
12772,IT,122285.76,IT,2026-04-02,Manager → IT → Finance → Procurement,39.36,0,,0,Одобрена
12563,IT,73618.22,IT,2026-04-02,Manager → IT → Finance → Procurement,15.16,1,,1,Одобрена
10153,Простая,3093.4,Sales,2026-04-02,Manager → Procurement,16.28,0,,0,Одобрена
10629,IT,73197.85,IT,2026-04-02,Manager → IT → Finance → Procurement,10.68,0,,0,В процессе
11604,IT,89642.74,IT,2026-04-02,Manager → IT → Finance → Procurement,30.89,0,,0,Одобрена
11681,IT,84732.39,Finance,2026-04-02,Manager → IT → Finance → Procurement,25.86,0,,0,Одобрена
14775,Простая,9016.15,Operations,2026-04-02,Manager → Procurement,1.88,0,,1,Одобрена
13958,Юридическая,615342.26,Finance,2026-04-02,Manager → Finance → Legal → Procurement,25.26,0,,0,Одобрена
12421,Простая,46878.32,IT,2026-04-02,Manager → Procurement,3.35,0,,0,Одобрена
14023,Простая,13251.65,Administration,2026-04-02,Manager → Procurement,10.13,0,,0,Одобрена
12100,Простая,15099.87,IT,2026-04-03,Manager → Procurement,10.0,0,,1,Одобрена
13357,IT,61793.69,Finance,2026-04-03,Manager → IT → Finance → Procurement,6.24,0,,0,Одобрена
11171,Простая,17041.93,Administration,2026-04-03,Manager → Procurement,6.29,0,,0,Одобрена
11943,Простая,8668.93,Sales,2026-04-03,Manager → Procurement,10.45,0,,0,В процессе
12687,Простая,18382.96,Sales,2026-04-03,Manager → Procurement,1.0,0,,0,Одобрена
13930,Юридическая,702217.88,Sales,2026-04-03,Manager → Legal → Finance → Procurement,68.54,0,,1,Одобрена
10982,IT,190449.52,Sales,2026-04-03,Manager → IT → Finance → Procurement,47.07,0,,1,Одобрена
11037,Простая,17383.75,Administration,2026-04-03,Manager → Procurement,10.84,0,,0,Одобрена
12869,Юридическая,126168.06,HR,2026-04-03,Manager → Finance → Legal → Procurement,28.26,0,,1,Одобрена
14760,Юридическая,139097.41,Marketing,2026-04-03,Manager → Legal → Finance → Procurement,58.98,0,,0,Одобрена
12395,IT,151993.73,Operations,2026-04-03,Manager → IT → Finance → Procurement,29.02,1,,3,Одобрена
12896,Простая,5298.57,Finance,2026-04-04,Manager → Procurement,1.0,0,,0,Одобрена
10940,Простая,45896.03,Operations,2026-04-04,Manager → Procurement,9.1,0,,1,Одобрена
13796,IT,48842.89,HR,2026-04-04,Manager → IT → Finance → Procurement,51.1,1,,1,Одобрена
14984,Простая,30724.18,HR,2026-04-04,Manager → Procurement,4.39,0,,0,Одобрена
11899,Простая,12074.7,HR,2026-04-04,Manager → Procurement,15.95,0,,1,Одобрена
12071,Юридическая,1478764.39,Finance,2026-04-04,Manager → Finance → Legal → Procurement,43.09,0,,0,Одобрена
13984,Простая,5338.2,Operations,2026-04-04,Manager → Procurement,10.6,0,,1,Одобрена
13099,Простая,14045.91,Sales,2026-04-04,Manager → Procurement,3.2,0,,1,Одобрена
12116,Юридическая,768712.42,Operations,2026-04-04,Manager → Finance → Legal → Procurement,32.28,0,,0,Одобрена
12949,Юридическая,476818.93,Marketing,2026-04-04,Manager → Finance → Legal → Procurement,58.41,0,,1,Одобрена
14347,IT,79308.5,Sales,2026-04-04,Manager → IT → Finance → Procurement,22.13,0,,0,Одобрена
14396,Простая,12749.52,Finance,2026-04-04,Manager → Procurement,1.0,0,,0,В процессе
14012,Простая,11140.59,Finance,2026-04-04,Manager → Procurement,8.66,0,,1,Одобрена
10756,Простая,9178.26,HR,2026-04-04,Manager → Procurement,7.12,0,,0,Одобрена
12614,IT,223507.42,Sales,2026-04-05,Manager → IT → Finance → Procurement,40.3,0,,0,Одобрена
11862,Юридическая,504137.18,Administration,2026-04-05,Manager → Finance → Legal → Procurement,17.99,0,,0,Одобрена
10443,IT,85327.14,Operations,2026-04-05,Manager → IT → Finance → Procurement,42.52,0,,0,Одобрена
10705,Простая,22269.23,Sales,2026-04-05,Manager → Procurement,17.88,0,,0,Одобрена
14862,Юридическая,503874.49,Sales,2026-04-05,Manager → Finance → Legal → Procurement,46.99,0,Юридические риски,1,Отклонена
13781,Простая,3559.95,HR,2026-04-05,Manager → Procurement,18.15,0,,0,Одобрена
11470,Простая,13470.02,Operations,2026-04-05,Manager → Procurement,11.71,0,,1,Одобрена
10418,IT,208337.4,Administration,2026-04-05,Manager → IT → Finance → Procurement,21.95,0,,1,Одобрена
12857,IT,178326.71,IT,2026-04-05,Manager → IT → Finance → Procurement,31.61,0,,0,Одобрена
11978,Юридическая,250205.42,IT,2026-04-05,Manager → Finance → Legal → Procurement,47.07,0,,0,Одобрена
14403,Простая,19049.29,Sales,2026-04-05,Manager → Procurement,1.17,0,,0,В процессе
11566,Простая,50000.0,Finance,2026-04-05,Manager → Procurement,14.5,0,,1,В процессе
13909,IT,89808.51,Sales,2026-04-05,Manager → IT → Finance → Procurement,53.85,0,,1,Одобрена
13206,Простая,21296.96,Sales,2026-04-06,Manager → Procurement,7.46,0,,1,Одобрена
13388,Юридическая,585991.24,HR,2026-04-06,Manager → Finance → Legal → Procurement,41.22,0,,0,В процессе
10970,Простая,7819.48,Operations,2026-04-06,Manager → Procurement,10.24,0,,1,Одобрена
14671,Простая,20131.82,Marketing,2026-04-06,Manager → Procurement,9.0,0,,1,Одобрена
14187,Простая,30508.19,Finance,2026-04-06,Manager → Procurement,31.94,1,,2,Одобрена
11158,Простая,15970.92,IT,2026-04-06,Manager → Finance → Procurement,14.18,0,,0,Одобрена
10963,Простая,9134.01,Sales,2026-04-06,Manager → Procurement,1.72,0,,1,Одобрена
14741,Простая,12572.54,Sales,2026-04-06,Manager → Procurement,13.2,0,,1,Одобрена
11748,IT,62258.16,Sales,2026-04-06,Manager → IT → Finance → Procurement,35.76,0,,1,Одобрена
10038,Простая,27806.3,IT,2026-04-07,Manager → Procurement,1.62,0,,1,Одобрена
13071,Простая,9853.88,Sales,2026-04-07,Manager → Procurement,7.18,0,,1,Одобрена
10848,IT,112937.84,Marketing,2026-04-07,Manager → IT → Finance → Procurement,21.23,1,,2,Одобрена
10271,Простая,19963.03,Administration,2026-04-07,Manager → Procurement,1.71,0,,0,Одобрена
12064,Простая,3250.35,IT,2026-04-07,Manager → Procurement,7.36,0,,0,Одобрена
10702,Простая,12774.56,IT,2026-04-07,Manager → Procurement,12.79,0,,0,Одобрена
11504,Простая,50000.0,Operations,2026-04-07,Manager → Procurement,10.94,0,,1,Одобрена
11638,Юридическая,319310.82,Finance,2026-04-07,Manager → Finance → Legal → Procurement,82.28,0,,0,Одобрена
12123,Простая,14328.85,Administration,2026-04-07,Manager → Procurement,12.0,0,Некорректные данные,1,Отклонена
11821,Юридическая,714067.28,Finance,2026-04-07,Manager → Finance → Legal → Procurement,57.41,1,,3,Одобрена
13030,Простая,31754.17,HR,2026-04-07,Manager → Procurement,18.73,1,Не согласовано руководителем,3,Отклонена
11298,Простая,12161.94,HR,2026-04-07,Manager → Procurement,2.6,0,,1,Одобрена
13161,Юридическая,739936.81,Sales,2026-04-07,Manager → Finance → Legal → Procurement,75.82,1,,1,Одобрена
12320,Юридическая,622348.05,Marketing,2026-04-07,Manager → Finance → Legal → Procurement,53.95,0,,0,Одобрена
13683,Простая,8033.26,Operations,2026-04-08,Manager → Procurement,8.9,0,,0,Одобрена
10975,Простая,14911.28,Administration,2026-04-08,Manager → Procurement,7.6,0,,0,Одобрена
14935,IT,79093.31,Operations,2026-04-08,Manager → IT → Finance → Procurement,36.68,1,,1,Одобрена
10358,IT,104222.86,Sales,2026-04-08,Manager → IT → Finance → Procurement,22.76,0,,0,Одобрена
10437,Простая,18894.48,Operations,2026-04-08,Manager → Procurement,10.02,1,,3,Одобрена
10820,Простая,6181.76,Sales,2026-04-08,Manager → Finance → Procurement,17.11,0,,0,Одобрена
11139,Простая,8966.28,IT,2026-04-08,Manager → Procurement,5.05,0,,1,Одобрена
10679,Простая,37672.21,Operations,2026-04-08,Manager → Procurement,18.98,0,,1,В процессе
11312,Юридическая,1060063.68,Operations,2026-04-08,Manager → Finance → Procurement → Legal,108.55,0,,0,Одобрена
13633,IT,152756.44,IT,2026-04-08,Manager → IT → Finance → Procurement,42.91,0,,0,В процессе
11883,Простая,11290.74,Sales,2026-04-08,Manager → Procurement,6.56,0,,1,Одобрена
11732,Простая,24816.72,Sales,2026-04-08,Manager → Procurement,9.19,0,,0,Одобрена
13670,IT,30805.23,Operations,2026-04-08,Manager → IT → Finance → Procurement,5.84,0,,1,Одобрена
12886,Простая,10463.64,Sales,2026-04-08,Manager → Procurement,23.96,2,,5,Одобрена
13376,Простая,10354.53,HR,2026-04-09,Manager → Procurement,8.31,0,,0,Одобрена
14163,Юридическая,452546.66,Finance,2026-04-09,Manager → Finance → Legal → Procurement,60.39,0,,0,Одобрена
14662,Юридическая,767669.69,Operations,2026-04-09,Manager → Finance → Legal → Procurement,68.25,0,,0,Одобрена
13828,Простая,26723.81,Administration,2026-04-09,Manager → Procurement,2.97,0,,1,Одобрена
14409,Юридическая,1265361.22,Finance,2026-04-09,Manager → Finance → Legal → Procurement,56.63,0,,1,Одобрена
12520,Простая,39164.1,IT,2026-04-09,Manager → Procurement,12.41,0,,1,Одобрена
12689,Простая,7748.07,Sales,2026-04-10,Manager → Procurement,7.61,0,,1,В процессе
11964,Простая,20881.97,Sales,2026-04-10,Manager → Procurement,15.56,0,,0,Одобрена
12884,Простая,6880.48,Finance,2026-04-10,Manager → Procurement,2.73,0,,0,Одобрена
13022,IT,62767.17,Marketing,2026-04-10,Manager → IT → Finance → Procurement,19.09,0,,0,Одобрена
11597,Простая,9554.21,Marketing,2026-04-10,Manager → Procurement,7.18,0,,0,Одобрена
12683,Простая,11124.49,Sales,2026-04-10,Manager → Procurement,14.7,0,Не согласовано руководителем,0,Отклонена
11712,Простая,36900.64,Operations,2026-04-10,Manager → Procurement,15.29,0,,1,Одобрена
10135,IT,34632.81,Operations,2026-04-10,Manager → IT → Finance → Procurement,52.43,0,,0,Одобрена
14155,IT,300000.0,Sales,2026-04-10,Manager → IT → Finance → Procurement,38.24,1,,3,Одобрена
12747,Простая,29695.72,Sales,2026-04-10,Manager → Procurement,6.18,0,,0,Одобрена
13192,Простая,7699.26,Operations,2026-04-10,Manager → Procurement,4.85,0,,1,Одобрена
11131,Юридическая,277155.66,Marketing,2026-04-11,Manager → Finance → Legal → Procurement,84.13,1,,3,Одобрена
14007,Простая,8207.23,IT,2026-04-11,Manager → Procurement,5.96,0,,0,Одобрена
10949,Юридическая,426269.1,Sales,2026-04-11,Manager → Finance → Legal → Procurement,62.41,0,,0,Одобрена
14338,Простая,8424.05,Sales,2026-04-11,Manager → Procurement,1.0,0,,0,Одобрена
12583,Простая,33600.03,IT,2026-04-11,Manager → Procurement,2.91,0,,0,Одобрена
10468,Юридическая,113816.01,IT,2026-04-11,Manager → Finance → Procurement → Legal,66.81,3,,4,Одобрена
13117,Простая,31714.93,HR,2026-04-11,Manager → Procurement,2.8,0,,0,Одобрена
10597,IT,72337.65,Administration,2026-04-11,Manager → IT → Finance → Procurement,32.0,1,,2,Одобрена
14568,Простая,35490.08,Operations,2026-04-11,Manager → Procurement,8.44,0,,0,Одобрена
10900,IT,145915.28,IT,2026-04-11,Manager → IT → Finance → Procurement,51.86,0,,0,Одобрена
14489,Простая,3775.86,Administration,2026-04-11,Manager → Procurement,13.11,0,Не согласовано руководителем,1,Отклонена
12795,IT,125489.82,HR,2026-04-11,Manager → IT → Finance → Procurement,58.26,0,,0,Одобрена
13098,Простая,7006.12,Sales,2026-04-11,Manager → Procurement,7.39,0,,0,Одобрена
12997,IT,170662.83,IT,2026-04-11,Manager → IT → Finance → Procurement,38.01,0,,0,В процессе
14902,Простая,41071.91,Marketing,2026-04-12,Manager → Procurement,1.0,0,,0,Одобрена
11583,Простая,21195.7,Finance,2026-04-12,Manager → Procurement,8.85,0,,0,Одобрена
13810,IT,169238.69,Operations,2026-04-12,Manager → IT → Finance → Procurement,29.51,1,,3,Одобрена
13517,IT,40317.57,Administration,2026-04-12,Manager → IT → Finance → Procurement,67.26,1,,1,Одобрена
11444,Простая,27352.3,Operations,2026-04-12,Manager → Procurement,10.01,0,,1,Одобрена
11952,Простая,27395.26,Administration,2026-04-12,Manager → Procurement,7.67,0,,0,Одобрена
14546,Простая,7365.87,Marketing,2026-04-12,Manager → Procurement,8.83,0,,0,Одобрена
14937,Простая,13272.33,Marketing,2026-04-12,Manager → Procurement,9.86,0,,1,Одобрена
14379,Юридическая,541839.35,Marketing,2026-04-12,Manager → Finance → Legal → Procurement,57.99,0,,0,Одобрена
10431,Юридическая,328412.06,Sales,2026-04-12,Manager → Finance → Legal → Procurement,85.5,0,,0,Одобрена
14042,IT,73199.47,IT,2026-04-12,Manager → IT → Finance → Procurement,34.49,0,,1,Одобрена
12890,Простая,18156.39,Finance,2026-04-13,Manager → Procurement,1.0,0,,0,Одобрена
10017,IT,92619.4,Sales,2026-04-13,Manager → IT → Finance → Procurement,18.45,0,,0,Одобрена
11650,IT,175879.82,Marketing,2026-04-13,Manager → IT → Finance → Procurement,17.27,0,,1,Одобрена
11405,Простая,7332.83,IT,2026-04-13,Manager → Procurement,1.0,0,,0,Одобрена
13223,IT,239879.83,Marketing,2026-04-13,Manager → IT → Finance → Procurement,17.77,0,,0,Одобрена
12128,Простая,30970.58,Sales,2026-04-13,Manager → Procurement,5.86,0,,0,Одобрена
10367,IT,238283.62,Sales,2026-04-13,Manager → IT → Finance → Procurement,19.8,1,,1,Одобрена
13808,IT,103143.6,Operations,2026-04-13,Manager → IT → Finance → Procurement,38.0,1,,2,Одобрена
12970,Простая,7133.38,IT,2026-04-13,Manager → Procurement,2.76,0,Недостаточно бюджета,0,Отклонена
10219,Юридическая,981729.8,Marketing,2026-04-14,Manager → Finance → Legal → Procurement,69.25,0,,0,Одобрена
10259,Простая,24166.04,Sales,2026-04-14,Manager → Procurement,15.31,0,Не согласовано руководителем,0,Отклонена
10866,Юридическая,1141225.58,Marketing,2026-04-14,Manager → Finance → Legal → Procurement,62.43,0,,1,Одобрена
12264,Простая,18776.9,IT,2026-04-14,Manager → Procurement,4.29,0,,0,Одобрена
10044,Простая,18851.78,Sales,2026-04-14,Manager → Procurement,8.6,1,,3,Одобрена
10212,IT,127248.16,Marketing,2026-04-14,Manager → IT → Finance → Procurement,50.2,0,,0,Одобрена
14391,Простая,21857.13,HR,2026-04-14,Manager → Procurement,18.51,1,,3,Одобрена
10129,Простая,11629.65,Administration,2026-04-14,Manager → Procurement,13.49,0,,0,Одобрена
13279,Простая,39306.7,Administration,2026-04-14,Manager → Procurement,6.97,0,,0,Одобрена
13465,IT,57430.33,Finance,2026-04-14,Manager → IT → Finance → Procurement,28.47,2,,4,Одобрена
14217,IT,105942.86,Administration,2026-04-14,Manager → IT → Finance → Procurement,45.58,1,,3,Одобрена
12572,IT,60063.38,Administration,2026-04-14,Manager → IT → Finance → Procurement,43.53,1,,1,Одобрена
10977,Простая,16079.95,Operations,2026-04-14,Manager → Procurement,22.71,1,,1,Одобрена
13238,Простая,39245.62,Sales,2026-04-15,Manager → Procurement,8.6,0,,0,Одобрена
13652,Простая,37004.64,Administration,2026-04-15,Manager → Procurement,4.89,0,,0,Одобрена
12760,IT,80005.83,HR,2026-04-15,Manager → IT → Finance → Procurement,30.23,0,,1,Одобрена
10985,Простая,9560.03,Finance,2026-04-15,Manager → Procurement,12.41,0,,0,Одобрена
11891,Простая,7320.54,HR,2026-04-15,Manager → Procurement,5.85,0,,0,Одобрена
11041,Простая,27080.56,Sales,2026-04-15,Manager → Procurement,4.83,0,,1,Одобрена
10577,Юридическая,1208300.79,Administration,2026-04-15,Manager → Finance → Legal → Procurement,56.93,0,,0,Одобрена
12528,Юридическая,376080.02,Operations,2026-04-15,Manager → Finance → Legal → Procurement,65.98,0,,1,Одобрена
12229,Простая,16360.5,IT,2026-04-15,Manager → Procurement,15.62,0,,0,Одобрена
13863,IT,196916.74,Operations,2026-04-15,Manager → IT → Finance → Procurement,25.15,0,,1,Одобрена
12088,Простая,5102.89,Marketing,2026-04-15,Manager → Procurement,6.51,0,,0,В процессе
12263,Простая,13096.32,Sales,2026-04-16,Manager → Procurement,6.96,0,,0,Одобрена
13494,IT,139607.13,Operations,2026-04-16,Manager → IT → Finance → Procurement,32.91,0,,0,Одобрена
14383,Простая,7133.3,Sales,2026-04-16,Manager → Procurement,4.23,0,Недостаточно бюджета,1,Отклонена
12928,IT,91686.21,Sales,2026-04-16,Manager → IT → Finance → Procurement,27.67,0,,0,Одобрена
13600,Простая,8055.43,Sales,2026-04-16,Manager → Finance → Procurement,19.58,0,,0,Одобрена
14346,Юридическая,600219.2,HR,2026-04-16,Manager → Finance → Legal → Procurement,45.86,0,,1,Одобрена
14934,Простая,27424.34,Marketing,2026-04-16,Manager → Procurement,10.09,0,,0,Одобрена
12028,Простая,12112.18,Marketing,2026-04-16,Manager → Procurement,8.0,0,,0,Одобрена
10313,Простая,7278.58,Marketing,2026-04-16,Manager → Procurement,11.7,0,,0,Одобрена
10237,Простая,9202.67,IT,2026-04-16,Manager → Procurement,10.01,0,,0,Одобрена
12137,Простая,7296.38,IT,2026-04-16,Manager → Procurement,27.34,2,,5,Одобрена
11857,Простая,18336.51,Marketing,2026-04-16,Manager → Procurement,1.0,0,Недостаточно бюджета,0,Отклонена
14227,IT,93323.84,Administration,2026-04-16,Manager → IT → Finance → Procurement,23.7,0,,0,Одобрена
14663,Простая,4135.16,Marketing,2026-04-16,Manager → Procurement,10.1,0,,0,Одобрена
10253,Простая,18181.04,Marketing,2026-04-17,Manager → Procurement,13.88,0,,1,Одобрена
10536,Простая,8325.16,Operations,2026-04-17,Manager → Procurement,7.75,0,,0,Одобрена
11782,IT,203356.88,Sales,2026-04-17,Manager → IT → Procurement → Finance,40.98,0,,0,Одобрена
14573,Простая,45228.09,Sales,2026-04-17,Manager → Procurement,6.17,0,,0,Одобрена
10907,Простая,29090.91,HR,2026-04-17,Manager → Finance → Procurement,24.36,0,Некорректные данные,1,Отклонена
11346,IT,78814.66,HR,2026-04-17,Manager → IT → Finance → Procurement,10.6,1,,3,Одобрена
12853,IT,60704.94,HR,2026-04-17,Manager → IT → Finance → Procurement,57.63,1,,1,В процессе
11614,Простая,39440.6,IT,2026-04-17,Manager → Procurement,9.17,0,,0,Одобрена
12599,Юридическая,460350.3,Sales,2026-04-17,Manager → Legal → Finance → Procurement,99.45,1,,3,Одобрена
14186,IT,37162.89,Administration,2026-04-17,Manager → IT → Finance → Procurement,29.36,0,Технические требования не соблюдены,0,Отклонена
12780,Простая,13931.01,Finance,2026-04-17,Manager → Finance → Procurement,18.58,0,,0,Одобрена
13973,IT,85979.36,Operations,2026-04-17,Manager → IT → Finance → Procurement,47.65,0,,0,Одобрена
13488,IT,105053.59,IT,2026-04-17,Manager → IT → Finance → Procurement,69.69,2,,3,Одобрена
12284,IT,31968.9,IT,2026-04-17,Manager → IT → Finance → Procurement,8.17,0,,0,Одобрена
11616,Простая,30190.38,IT,2026-04-17,Manager → Procurement,5.0,0,,0,Одобрена
11093,Простая,50000.0,HR,2026-04-17,Manager → Procurement,10.52,0,,0,Одобрена
10305,Юридическая,342595.51,IT,2026-04-17,Manager → Legal → Finance → Procurement,86.95,0,,0,Одобрена
11334,Юридическая,654232.99,Sales,2026-04-18,Manager → Finance → Legal → Procurement,72.8,0,,0,Одобрена
14313,Простая,22888.39,Marketing,2026-04-18,Manager → Procurement,12.83,0,,0,Одобрена
11379,IT,65162.35,Marketing,2026-04-18,Manager → IT → Finance → Procurement,23.62,0,,0,Одобрена
11532,Простая,23208.4,Administration,2026-04-18,Manager → Procurement,13.92,0,,0,Одобрена
12581,Простая,12898.08,Marketing,2026-04-18,Manager → Procurement,4.72,0,,0,В процессе
13936,Простая,3297.75,Administration,2026-04-18,Manager → Procurement,4.56,0,,0,Одобрена
14075,Простая,5826.57,Finance,2026-04-18,Manager → Procurement,1.08,0,,0,Одобрена
11850,IT,150088.26,Administration,2026-04-18,Manager → IT → Procurement → Finance,34.22,1,,1,Одобрена
11432,IT,110673.76,Sales,2026-04-18,Manager → IT → Finance → Procurement,25.98,0,,0,Одобрена
10749,IT,92208.53,Administration,2026-04-18,Manager → IT → Finance → Procurement,39.4,0,,0,Одобрена
14807,Простая,2968.09,Finance,2026-04-18,Manager → Procurement,14.35,0,,1,Одобрена
12454,IT,59403.97,HR,2026-04-18,Manager → Finance → IT → Procurement,40.01,0,,0,Одобрена
12877,Простая,22257.81,HR,2026-04-18,Manager → Procurement,1.0,0,,0,Одобрена
14842,Простая,9008.49,Marketing,2026-04-18,Manager → Procurement,20.99,0,,1,Одобрена
14245,IT,81348.35,Sales,2026-04-18,Manager → IT → Finance → Procurement,53.63,1,,2,Одобрена
10547,Простая,37482.21,Administration,2026-04-19,Manager → Procurement,11.93,0,,0,Одобрена
14844,Простая,50000.0,HR,2026-04-19,Manager → Procurement,4.15,0,,1,Одобрена
10861,IT,77139.04,HR,2026-04-19,Manager → IT → Finance → Procurement,51.77,0,,0,Одобрена
13354,Простая,17444.61,IT,2026-04-19,Manager → Procurement,1.0,0,,0,Одобрена
14857,Простая,17505.22,Finance,2026-04-19,Manager → Procurement,9.34,0,,1,Одобрена
11264,Юридическая,525475.34,Finance,2026-04-19,Manager → Finance → Legal → Procurement,39.71,0,,0,В процессе
13121,Простая,33210.06,Sales,2026-04-19,Manager → Procurement,4.16,0,,1,Одобрена
10139,IT,78400.87,Marketing,2026-04-19,Manager → IT → Finance → Procurement,29.81,1,,3,Одобрена
10870,Простая,16732.68,IT,2026-04-19,Manager → Procurement,8.11,0,,0,Одобрена
12193,IT,51299.51,HR,2026-04-19,Manager → IT → Finance → Procurement,39.84,0,,1,Одобрена
12083,IT,124756.17,Operations,2026-04-19,Manager → IT → Finance → Procurement,54.26,0,,1,Одобрена
10224,Юридическая,159449.21,IT,2026-04-19,Manager → Finance → Legal → Procurement,40.1,0,,1,Одобрена
14254,IT,52651.78,Operations,2026-04-20,Manager → IT → Finance → Procurement,36.94,0,,0,Одобрена
12807,Простая,28971.66,Operations,2026-04-20,Manager → Procurement,3.29,0,,0,Одобрена
10482,Простая,14033.13,IT,2026-04-20,Manager → Procurement,6.12,0,Не согласовано руководителем,1,Отклонена
14668,Простая,14243.91,Administration,2026-04-20,Manager → Procurement,5.12,0,,0,Одобрена
13889,Юридическая,290451.94,Operations,2026-04-20,Manager → Finance → Legal → Procurement,61.64,0,,1,Одобрена
12756,IT,48591.22,Administration,2026-04-20,Manager → IT → Finance → Procurement,40.15,0,,1,Одобрена
13972,Простая,13874.6,Sales,2026-04-20,Manager → Procurement,8.71,0,Некорректные данные,0,Отклонена
13518,Простая,11389.51,IT,2026-04-20,Manager → Procurement,7.79,0,,0,Одобрена
11726,Простая,41133.84,Sales,2026-04-20,Manager → Procurement,37.79,3,,4,Одобрена
11794,IT,110385.57,HR,2026-04-20,Manager → IT → Finance → Procurement,29.72,0,,0,Одобрена
13807,IT,89406.51,IT,2026-04-20,Manager → IT → Finance → Procurement,52.89,0,,1,Одобрена
13326,IT,120509.02,Marketing,2026-04-20,Manager → IT → Finance → Procurement,39.46,0,,0,Одобрена
10530,Простая,11831.49,Operations,2026-04-20,Manager → Procurement,8.47,0,,0,Одобрена
13252,IT,219746.51,IT,2026-04-20,Manager → IT → Finance → Procurement,40.27,0,,1,Одобрена
10887,Простая,11122.88,Marketing,2026-04-21,Manager → Procurement,6.71,0,,0,Одобрена
10882,IT,300000.0,Marketing,2026-04-21,Manager → IT → Finance → Procurement,34.8,0,,0,Одобрена
10010,Простая,7522.43,Sales,2026-04-21,Manager → Procurement,7.47,0,,1,Одобрена
11544,Простая,33786.82,Sales,2026-04-21,Manager → Procurement,8.6,0,,0,Одобрена
11234,IT,188020.75,Marketing,2026-04-21,Manager → IT → Finance → Procurement,17.53,0,,1,Одобрена
13013,IT,87668.33,Finance,2026-04-21,Manager → IT → Procurement → Finance,55.27,1,,1,Одобрена
13012,Юридическая,523762.78,Finance,2026-04-21,Manager → Finance → Legal → Procurement,11.3,0,,0,Одобрена
10191,Юридическая,1013593.05,HR,2026-04-21,Manager → Finance → Legal → Procurement,43.44,0,Некорректные данные,1,Отклонена
12325,Простая,33093.01,Finance,2026-04-21,Manager → Procurement,11.21,0,,0,Одобрена
11195,Юридическая,329528.95,IT,2026-04-21,Manager → Finance → Legal → Procurement,51.89,0,,1,Одобрена
11626,IT,80880.54,Administration,2026-04-21,Manager → IT → Finance → Procurement,40.59,0,,0,Одобрена
12389,IT,123548.84,IT,2026-04-21,Manager → Finance → IT → Procurement,50.34,0,,0,Одобрена
14719,IT,92318.11,Operations,2026-04-21,Manager → IT → Finance → Procurement,19.14,0,,0,Одобрена
13115,Простая,14549.75,IT,2026-04-21,Manager → Procurement,1.55,0,,1,Одобрена
10252,Юридическая,220926.89,IT,2026-04-21,Manager → Finance → Legal → Procurement,78.25,0,,1,Одобрена
14757,Простая,18525.1,Finance,2026-04-21,Manager → Procurement,11.09,0,,0,Одобрена
13399,IT,77246.27,Administration,2026-04-21,Manager → IT → Finance → Procurement,33.83,0,,1,Одобрена
13515,Юридическая,270260.86,Sales,2026-04-21,Manager → Finance → Legal → Procurement,44.22,0,,0,Одобрена
13020,Простая,16759.09,HR,2026-04-22,Manager → Procurement,1.0,0,,0,Одобрена
11977,Простая,25452.7,Operations,2026-04-22,Manager → Finance → Procurement,19.9,0,,0,Одобрена
12728,Простая,27891.38,Marketing,2026-04-22,Manager → Procurement,14.57,0,,0,Одобрена
13377,Простая,8107.14,Finance,2026-04-22,Manager → Procurement,8.42,0,,1,Одобрена
10386,Юридическая,100000.0,Operations,2026-04-22,Manager → Finance → Legal → Procurement,29.0,0,,0,Одобрена
10699,IT,67744.12,Operations,2026-04-22,Manager → IT → Finance → Procurement,40.27,0,,0,Одобрена
10582,IT,64862.36,Sales,2026-04-22,Manager → IT → Finance → Procurement,32.44,0,,0,Одобрена
13023,Простая,12460.16,Administration,2026-04-22,Manager → Procurement,1.0,0,,0,Одобрена
10512,IT,53755.38,Sales,2026-04-22,Manager → IT → Finance → Procurement,16.66,0,,0,В процессе
14362,IT,87056.96,Sales,2026-04-22,Manager → IT → Finance → Procurement,30.24,0,,0,Одобрена
13390,Простая,12059.88,HR,2026-04-22,Manager → Procurement,4.76,0,,1,Одобрена
12560,Простая,20585.07,Operations,2026-04-22,Manager → Procurement,5.62,0,,0,Одобрена
14232,Простая,16783.18,Operations,2026-04-22,Manager → Procurement,5.55,0,,0,Одобрена
14218,Простая,10803.41,Administration,2026-04-22,Manager → Procurement,12.75,0,,0,В процессе
10551,Простая,17587.3,Marketing,2026-04-22,Manager → Procurement,9.8,0,,0,Одобрена
11596,IT,86188.52,Marketing,2026-04-22,Manager → IT → Finance → Procurement,50.08,0,,0,Одобрена
10772,IT,82778.84,Operations,2026-04-23,Manager → IT → Finance → Procurement,32.15,0,,0,Одобрена
14785,Юридическая,858905.76,Sales,2026-04-23,Manager → Finance → Legal → Procurement,83.61,0,,0,Одобрена
11280,IT,91754.8,IT,2026-04-23,Manager → IT → Finance → Procurement,31.82,0,,0,Одобрена
11049,Юридическая,1063514.88,Marketing,2026-04-23,Manager → Finance → Legal → Procurement,83.6,0,,0,Одобрена
14723,Простая,15079.55,Sales,2026-04-23,Manager → Procurement,50.17,2,,5,Одобрена
11927,Простая,8180.71,Marketing,2026-04-23,Manager → Procurement,8.46,0,,0,Одобрена
13448,IT,52556.49,Finance,2026-04-23,Manager → IT → Finance → Procurement,39.84,0,,0,Одобрена
12170,IT,36164.74,IT,2026-04-24,Manager → IT → Finance → Procurement,54.89,2,,4,В процессе
10063,IT,36427.55,Marketing,2026-04-24,Manager → IT → Finance → Procurement,40.25,0,,1,Одобрена
10830,Простая,50000.0,Operations,2026-04-24,Manager → Procurement,10.09,0,,0,Одобрена
11465,IT,300000.0,HR,2026-04-24,Manager → IT → Finance → Procurement,27.98,0,,0,Одобрена
11795,Юридическая,398033.18,HR,2026-04-24,Manager → Finance → Legal → Procurement,71.37,0,,0,Одобрена
11655,Юридическая,420060.98,Sales,2026-04-24,Manager → Finance → Legal → Procurement,57.76,0,,1,Одобрена
12939,Простая,24198.42,Marketing,2026-04-24,Manager → Procurement,1.0,0,,0,Одобрена
10046,IT,96146.85,Administration,2026-04-24,Manager → IT → Finance → Procurement,23.29,0,,1,Одобрена
13434,Простая,26483.57,HR,2026-04-24,Manager → Procurement,11.47,0,,0,Одобрена
10678,Простая,9432.12,HR,2026-04-24,Manager → Procurement,15.36,0,,0,Одобрена
14518,Простая,8269.53,Sales,2026-04-24,Manager → Procurement,10.77,0,,1,Одобрена
12699,Простая,9321.46,IT,2026-04-24,Manager → Procurement,5.38,0,Некорректные данные,1,Отклонена
13498,IT,88713.59,Administration,2026-04-24,Manager → IT → Finance → Procurement,24.25,0,,0,Одобрена
14917,IT,91799.93,HR,2026-04-24,Manager → IT → Finance → Procurement,24.72,0,,1,Одобрена
12387,Юридическая,1358798.28,Sales,2026-04-24,Manager → Finance → Legal → Procurement,48.83,1,,3,Одобрена
10146,Простая,16917.08,Operations,2026-04-24,Manager → Procurement,2.05,0,,0,Одобрена
10490,IT,81557.86,Finance,2026-04-25,Manager → IT → Finance → Procurement,22.36,0,,0,Одобрена
10715,IT,72583.58,IT,2026-04-25,Manager → IT → Finance → Procurement,36.42,0,,0,Одобрена
12426,IT,117924.25,IT,2026-04-25,Manager → IT → Finance → Procurement,47.8,0,,0,Одобрена
11666,Юридическая,251764.49,Finance,2026-04-25,Manager → Finance → Legal → Procurement,62.96,0,,0,Одобрена
10273,Простая,24905.49,Operations,2026-04-25,Manager → Procurement,15.64,0,,0,Одобрена
12429,IT,143817.22,HR,2026-04-25,Manager → IT → Finance → Procurement,34.77,0,,0,Одобрена
12463,Простая,8263.04,IT,2026-04-25,Manager → Procurement,4.99,0,,1,Одобрена
10240,Простая,6563.0,HR,2026-04-25,Manager → Procurement,7.29,0,,1,Одобрена
12319,Простая,25992.91,Sales,2026-04-25,Manager → Procurement,3.73,0,,1,Одобрена
14769,Простая,32428.59,Finance,2026-04-25,Manager → Procurement,3.07,0,,0,Одобрена
13770,IT,94775.85,IT,2026-04-25,Manager → IT → Finance → Procurement,38.75,1,Некорректные данные,3,Отклонена
14437,IT,42034.13,Marketing,2026-04-25,Manager → IT → Finance → Procurement,35.42,0,,0,Одобрена
10363,Простая,17725.61,IT,2026-04-25,Manager → Procurement,11.24,0,,0,Одобрена
11804,IT,121334.67,Sales,2026-04-25,Manager → IT → Finance → Procurement,24.8,0,,0,Одобрена
11502,Юридическая,234264.36,Marketing,2026-04-25,Manager → Finance → Legal → Procurement,39.69,0,,0,В процессе
14469,Юридическая,1506302.88,HR,2026-04-25,Manager → Finance → Legal → Procurement,30.63,0,,0,Одобрена
14625,Простая,12172.52,Operations,2026-04-25,Manager → Procurement,13.51,0,,0,В процессе
12817,Простая,10185.54,HR,2026-04-26,Manager → Procurement,15.77,0,,1,Одобрена
12941,Юридическая,444892.17,IT,2026-04-26,Manager → Finance → Legal → Procurement,97.22,0,,0,Одобрена
12252,IT,114526.0,Sales,2026-04-26,Manager → IT → Finance → Procurement,49.95,1,,3,Одобрена
14087,IT,76683.63,Marketing,2026-04-26,Manager → IT → Finance → Procurement,1.0,0,,0,Одобрена
10508,IT,187200.9,Sales,2026-04-26,Manager → IT → Finance → Procurement,61.31,2,,5,Одобрена
13611,IT,101003.28,IT,2026-04-26,Manager → IT → Finance → Procurement,27.35,2,,4,Одобрена
12110,Простая,50000.0,IT,2026-04-26,Manager → Procurement,11.94,0,,0,В процессе
10829,Юридическая,330135.13,Sales,2026-04-26,Manager → Finance → Legal → Procurement,37.92,0,,1,Одобрена
10079,IT,82013.07,Marketing,2026-04-26,Manager → IT → Finance → Procurement,33.01,0,,0,Одобрена
10937,Юридическая,175061.48,Marketing,2026-04-26,Manager → Finance → Legal → Procurement,1.67,0,,1,Одобрена
12152,Простая,9368.93,Finance,2026-04-26,Manager → Procurement,7.69,0,,0,В процессе
14033,IT,184007.29,Sales,2026-04-26,Manager → IT → Finance → Procurement,7.55,0,,0,Одобрена
10105,IT,63599.86,Operations,2026-04-27,Manager → IT → Finance → Procurement,34.61,0,,0,Одобрена
10318,IT,115094.41,Administration,2026-04-27,Manager → IT → Finance → Procurement,38.41,0,,0,Одобрена
14614,Простая,6055.72,Marketing,2026-04-27,Manager → Procurement,5.94,0,,0,Одобрена
10020,IT,66122.96,Sales,2026-04-27,Manager → Finance → IT → Procurement,63.98,1,,2,Одобрена
10344,IT,300000.0,HR,2026-04-27,Manager → IT → Finance → Procurement,31.57,1,,2,Одобрена
13258,Простая,13415.97,Marketing,2026-04-27,Manager → Procurement,12.56,0,,0,Одобрена
13712,IT,46877.66,IT,2026-04-27,Manager → IT → Procurement → Finance,30.13,0,,0,Одобрена
14070,Простая,15820.44,Marketing,2026-04-27,Manager → Procurement,5.84,0,,0,Одобрена
13185,Простая,50000.0,Sales,2026-04-27,Manager → Procurement,8.18,0,,0,Одобрена
12371,Простая,11866.96,Marketing,2026-04-27,Manager → Procurement,10.71,0,,0,В процессе
11495,Простая,10840.99,Operations,2026-04-27,Manager → Procurement,4.35,0,,1,В процессе
12542,Простая,9949.23,Sales,2026-04-27,Manager → Procurement,14.27,0,,1,Одобрена
11257,IT,72788.57,Finance,2026-04-27,Manager → IT → Finance → Procurement,32.66,0,,1,Одобрена
12544,Простая,10722.32,Administration,2026-04-27,Manager → Procurement,7.35,0,,0,Одобрена
12245,Простая,14253.43,Sales,2026-04-28,Manager → Procurement,5.75,0,,1,Одобрена
10993,IT,80924.11,Administration,2026-04-28,Manager → IT → Finance → Procurement,60.65,2,,4,В процессе
14046,Простая,50000.0,IT,2026-04-28,Manager → Procurement,5.25,0,,0,Одобрена
11292,IT,175530.65,Administration,2026-04-28,Manager → IT → Finance → Procurement,44.5,0,,1,Одобрена
13576,Простая,19954.9,Sales,2026-04-28,Manager → Procurement,12.95,0,,1,В процессе
12882,Простая,14516.73,IT,2026-04-28,Manager → Procurement,3.06,0,,0,Одобрена
10286,Простая,16656.27,IT,2026-04-28,Manager → Procurement,10.38,0,,1,Одобрена
13948,Простая,5899.65,Finance,2026-04-28,Manager → Procurement,14.92,0,,1,Одобрена
12541,IT,112124.71,Administration,2026-04-28,Manager → IT → Finance → Procurement,31.95,0,,0,Одобрена
13146,IT,64815.97,HR,2026-04-28,Manager → IT → Finance → Procurement,24.22,0,,0,В процессе
10269,Простая,25929.55,Administration,2026-04-28,Manager → Procurement,5.17,0,,0,Одобрена
14768,IT,98349.98,Finance,2026-04-28,Manager → IT → Finance → Procurement,28.08,0,,0,Одобрена
14166,Простая,11944.61,Sales,2026-04-29,Manager → Procurement,9.14,0,,1,Одобрена
13337,IT,93951.38,Operations,2026-04-29,Manager → IT → Finance → Procurement,46.54,0,,1,Одобрена
13821,IT,180225.2,Sales,2026-04-29,Manager → IT → Finance → Procurement,48.84,1,,1,Одобрена
14883,IT,266041.76,HR,2026-04-29,Manager → IT → Finance → Procurement,50.68,0,Технические требования не соблюдены,0,Отклонена
10905,Юридическая,606002.41,Sales,2026-04-29,Manager → Finance → Legal → Procurement,54.06,0,,0,Одобрена
11457,Простая,11693.42,Sales,2026-04-29,Manager → Procurement,10.22,0,,0,Одобрена
11138,Простая,14754.41,IT,2026-04-29,Manager → Procurement,13.17,0,,0,Одобрена
14130,Юридическая,227493.09,HR,2026-04-29,Manager → Finance → Legal → Procurement,12.39,0,,1,Одобрена
14493,Юридическая,290740.17,Operations,2026-04-29,Manager → Finance → Legal → Procurement,13.66,1,,1,Одобрена
14537,IT,103523.05,Operations,2026-04-29,Manager → IT → Finance → Procurement,21.0,0,,0,Одобрена
13644,Простая,16913.44,Marketing,2026-04-29,Manager → Procurement,3.27,0,,0,Одобрена
13235,Простая,5550.29,Operations,2026-04-29,Manager → Procurement,6.73,0,,1,Одобрена
11297,Простая,9435.01,Operations,2026-04-30,Manager → Procurement,1.0,0,,0,Одобрена
11051,IT,53656.99,Sales,2026-04-30,Manager → IT → Finance → Procurement,32.79,0,,0,В процессе
12282,Простая,44112.64,IT,2026-04-30,Manager → Finance → Procurement,30.63,0,,1,Одобрена
12505,Простая,36059.64,Sales,2026-04-30,Manager → Procurement,11.42,0,,0,В процессе
11519,Простая,30222.62,Marketing,2026-04-30,Manager → Finance → Procurement,15.95,0,Недостаточно бюджета,0,Отклонена
10245,IT,59854.54,Sales,2026-04-30,Manager → IT → Finance → Procurement,45.39,0,,1,Одобрена
10095,Простая,16359.8,Administration,2026-04-30,Manager → Procurement,13.81,0,,1,Одобрена
14416,IT,73885.86,HR,2026-04-30,Manager → IT → Finance → Procurement,13.69,0,,0,Одобрена
12769,IT,120663.85,Administration,2026-04-30,Manager → IT → Finance → Procurement,12.02,0,,0,Одобрена
12686,IT,221871.86,Operations,2026-04-30,Manager → IT → Finance → Procurement,32.96,0,,0,Одобрена
12761,IT,88310.27,Sales,2026-04-30,Manager → IT → Finance → Procurement,44.04,1,,3,Одобрена
12084,Простая,32912.27,Marketing,2026-04-30,Manager → Procurement,17.35,0,,1,Одобрена
14266,IT,262306.67,Finance,2026-04-30,Manager → IT → Finance → Procurement,33.41,0,,0,Одобрена
12148,Юридическая,851804.99,Operations,2026-04-30,Manager → Legal → Finance → Procurement,94.53,1,,1,Одобрена
14339,IT,258212.22,HR,2026-04-30,Manager → IT → Procurement → Finance,51.32,0,Технические требования не соблюдены,0,Отклонена
14235,Простая,9098.3,IT,2026-04-30,Manager → Procurement,9.24,0,,0,Одобрена
12907,Юридическая,532395.44,HR,2026-04-30,Manager → Finance → Legal → Procurement,33.17,0,,0,Одобрена
10226,Юридическая,240556.19,Sales,2026-04-30,Manager → Finance → Legal → Procurement,93.59,2,,5,Одобрена
10214,IT,69370.87,Administration,2026-04-30,Manager → IT → Finance → Procurement,49.21,1,Технические требования не соблюдены,1,Отклонена
13703,IT,99965.16,Marketing,2026-04-30,Manager → IT → Finance → Procurement,59.03,2,,6,В процессе
12133,Юридическая,360121.53,IT,2026-05-01,Manager → Finance → Legal → Procurement,57.89,0,,0,В процессе
14805,IT,148489.52,Marketing,2026-05-01,Manager → IT → Finance → Procurement,52.92,1,,3,В процессе
11727,Простая,26790.59,IT,2026-05-01,Manager → Procurement,14.05,0,Некорректные данные,0,Отклонена
12717,IT,38498.7,Sales,2026-05-01,Manager → IT → Finance → Procurement,17.15,1,,1,Одобрена
11205,Простая,14077.14,IT,2026-05-01,Manager → Procurement,8.36,0,Недостаточно бюджета,1,Отклонена
12881,Простая,27262.43,Marketing,2026-05-01,Manager → Procurement,19.99,0,,1,Одобрена
11670,Юридическая,1157370.72,Operations,2026-05-01,Manager → Finance → Legal → Procurement,95.76,1,,3,Одобрена
11303,IT,75252.94,Sales,2026-05-01,Manager → IT → Finance → Procurement,33.83,0,,1,Одобрена
12773,Юридическая,417053.12,IT,2026-05-01,Manager → Finance → Legal → Procurement,85.6,0,,1,Одобрена
10571,Простая,26841.09,IT,2026-05-01,Manager → Procurement,10.95,0,,1,Одобрена
12770,Юридическая,127819.59,Finance,2026-05-02,Manager → Finance → Legal → Procurement,78.1,0,,1,Одобрена
11973,IT,116058.78,Marketing,2026-05-02,Manager → IT → Finance → Procurement,51.72,2,,5,Одобрена
13483,IT,68948.95,Operations,2026-05-02,Manager → IT → Finance → Procurement,3.49,0,,1,Одобрена
14352,Простая,2945.64,Sales,2026-05-02,Manager → Procurement,2.98,0,,1,Одобрена
14418,Простая,14592.08,Finance,2026-05-02,Manager → Procurement,9.83,0,,0,Одобрена
10573,Простая,50000.0,Sales,2026-05-02,Manager → Procurement,12.89,0,Недостаточно бюджета,0,Отклонена
13940,Простая,5894.44,Administration,2026-05-02,Manager → Procurement,9.75,0,,0,Одобрена
10090,IT,122389.43,Marketing,2026-05-02,Manager → IT → Finance → Procurement,66.4,2,,3,Одобрена
13213,IT,66607.93,Finance,2026-05-02,Manager → IT → Finance → Procurement,63.49,0,,0,Одобрена
13166,IT,138282.98,Finance,2026-05-02,Manager → IT → Finance → Procurement,41.24,1,,3,Одобрена
11825,IT,134736.54,HR,2026-05-02,Manager → IT → Finance → Procurement,30.89,1,,3,Одобрена
14358,Простая,12733.65,HR,2026-05-02,Manager → Procurement,14.94,1,,2,Одобрена
13154,Простая,32086.31,Operations,2026-05-02,Manager → Procurement,15.87,0,,0,Одобрена
12874,Простая,10440.87,IT,2026-05-03,Manager → Finance → Procurement,20.56,0,Некорректные данные,0,Отклонена
12011,Простая,5303.57,IT,2026-05-03,Manager → Procurement,11.81,0,,0,Одобрена
12782,Простая,14257.11,Marketing,2026-05-03,Manager → Procurement,5.67,0,,0,Одобрена
11122,Простая,29976.57,Sales,2026-05-03,Manager → Procurement,16.89,0,,0,Одобрена
11310,Юридическая,1287374.77,Finance,2026-05-03,Manager → Finance → Procurement → Legal,92.81,0,,0,Одобрена
13085,IT,74959.05,IT,2026-05-03,Manager → IT → Finance → Procurement,37.37,2,,5,Одобрена
13314,IT,74339.79,Marketing,2026-05-03,Manager → IT → Finance → Procurement,27.62,1,,3,Одобрена
11552,Простая,23304.0,Marketing,2026-05-03,Manager → Procurement,12.48,0,,0,Одобрена
10466,IT,72780.79,Operations,2026-05-03,Manager → IT → Finance → Procurement,21.36,0,,1,Одобрена
12343,IT,105669.79,Operations,2026-05-03,Manager → IT → Finance → Procurement,22.97,0,,1,Одобрена
12351,Простая,9267.39,IT,2026-05-03,Manager → Procurement,3.42,0,,1,Одобрена
12644,Юридическая,678359.11,Finance,2026-05-03,Manager → Finance → Legal → Procurement,61.1,1,,1,Одобрена
11758,Юридическая,260875.81,Operations,2026-05-03,Manager → Finance → Legal → Procurement,75.88,0,,0,Одобрена
14580,Простая,13964.48,IT,2026-05-04,Manager → Procurement,13.91,0,Некорректные данные,0,Отклонена
13234,Простая,14459.78,HR,2026-05-04,Manager → Procurement,4.47,0,,0,Одобрена
13805,Простая,15304.63,Operations,2026-05-04,Manager → Procurement,6.28,0,,0,Одобрена
12018,Простая,34702.06,IT,2026-05-04,Manager → Procurement,8.78,0,,0,Одобрена
14069,Юридическая,116741.95,Finance,2026-05-04,Manager → Finance → Legal → Procurement,97.06,0,,0,Одобрена
13785,IT,30000.0,Finance,2026-05-04,Manager → IT → Finance → Procurement,17.87,0,,0,Одобрена
14443,Юридическая,1463150.02,Finance,2026-05-04,Manager → Finance → Legal → Procurement,47.88,0,,0,Одобрена
11921,Простая,10201.82,Operations,2026-05-04,Manager → Procurement,9.16,0,,0,Одобрена
10085,Простая,16221.64,Administration,2026-05-04,Manager → Procurement,1.0,0,,0,Одобрена
11962,Простая,20386.57,IT,2026-05-04,Manager → Procurement,2.69,0,,1,Одобрена
12451,IT,128029.77,Marketing,2026-05-04,Manager → IT → Finance → Procurement,50.28,0,,0,Одобрена
10488,Простая,12103.59,IT,2026-05-04,Manager → Procurement,7.62,0,,0,В процессе
13298,Простая,14159.23,Marketing,2026-05-04,Manager → Procurement,13.71,0,,1,Одобрена
11429,IT,56390.31,Sales,2026-05-05,Manager → IT → Finance → Procurement,53.4,0,,1,В процессе
13596,Юридическая,860696.77,Operations,2026-05-05,Manager → Finance → Legal → Procurement,64.15,0,,0,Одобрена
14081,Простая,11763.55,Sales,2026-05-05,Manager → Procurement,7.63,0,,1,Одобрена
13371,Юридическая,312189.91,Sales,2026-05-05,Manager → Finance → Legal → Procurement,53.17,0,Некорректные данные,0,Отклонена
10839,Простая,13951.35,Sales,2026-05-05,Manager → Procurement,7.42,0,Недостаточно бюджета,0,Отклонена
12901,Простая,2884.34,Sales,2026-05-05,Manager → Procurement,2.93,0,,1,В процессе
14553,Простая,49256.02,HR,2026-05-05,Manager → Procurement,13.33,0,,0,Одобрена
11965,IT,69930.62,IT,2026-05-05,Manager → IT → Finance → Procurement,32.33,0,,0,Одобрена
12944,Простая,22233.15,Sales,2026-05-05,Manager → Procurement,3.29,0,,0,Одобрена
13546,Простая,19951.49,Sales,2026-05-05,Manager → Procurement,6.67,0,,0,Одобрена
13195,IT,140690.7,Administration,2026-05-05,Manager → IT → Finance → Procurement,7.6,0,,0,Одобрена
11323,Простая,14188.04,Operations,2026-05-05,Manager → Procurement,11.36,0,,0,Одобрена
12652,Простая,13971.85,Marketing,2026-05-05,Manager → Procurement,22.55,0,,1,Одобрена
13297,IT,195411.4,Finance,2026-05-05,Manager → IT → Finance → Procurement,45.2,0,,0,Одобрена
11407,Юридическая,149747.24,Administration,2026-05-05,Manager → Finance → Legal → Procurement,87.67,0,,0,В процессе
14893,Простая,14911.89,IT,2026-05-05,Manager → Procurement,14.55,0,,0,Одобрена
13825,IT,85791.08,Operations,2026-05-05,Manager → IT → Finance → Procurement,50.35,0,,0,Одобрена
10308,IT,134728.48,Marketing,2026-05-05,Manager → IT → Finance → Procurement,20.25,0,,0,Одобрена
13905,Простая,3629.95,Administration,2026-05-05,Manager → Procurement,1.38,0,,0,Одобрена
10312,Простая,42553.78,Marketing,2026-05-05,Manager → Procurement,22.27,1,,2,Одобрена
13794,Простая,14315.81,Finance,2026-05-06,Manager → Procurement,3.35,0,,1,Одобрена
12303,Простая,10287.14,Operations,2026-05-06,Manager → Procurement,5.84,0,,0,Одобрена
14058,Юридическая,981824.34,Administration,2026-05-06,Manager → Finance → Legal → Procurement,63.04,0,,0,Одобрена
12305,Простая,9358.08,Sales,2026-05-06,Manager → Procurement,4.39,0,,0,Одобрена
11615,IT,30000.0,Administration,2026-05-06,Manager → IT → Finance → Procurement,59.01,0,,0,Одобрена
13593,IT,117347.02,Operations,2026-05-06,Manager → IT → Finance → Procurement,35.18,1,,3,Одобрена
14405,Простая,4296.76,Finance,2026-05-06,Manager → Procurement,5.08,0,,0,Одобрена
14436,IT,70577.91,HR,2026-05-06,Manager → IT → Finance → Procurement,44.53,0,,0,Одобрена
12132,IT,76446.34,Finance,2026-05-06,Manager → IT → Finance → Procurement,31.73,0,,0,Одобрена
11066,Юридическая,322195.4,Operations,2026-05-06,Manager → Finance → Legal → Procurement,57.01,0,,1,Одобрена
10221,Простая,8534.48,IT,2026-05-06,Manager → Procurement,3.84,0,,1,Одобрена
10994,Простая,11982.83,Administration,2026-05-06,Manager → Procurement,9.13,0,,0,В процессе
10377,Юридическая,252144.47,Marketing,2026-05-06,Manager → Finance → Legal → Procurement,31.48,1,,2,Одобрена
14933,IT,48259.94,Sales,2026-05-06,Manager → IT → Finance → Procurement,1.0,0,,0,Одобрена
14240,IT,99919.35,Administration,2026-05-06,Manager → IT → Procurement → Finance,40.05,0,,0,Одобрена
11674,Простая,5922.41,Sales,2026-05-06,Manager → Procurement,23.97,1,,3,Одобрена
13556,IT,103902.6,IT,2026-05-07,Manager → IT → Finance → Procurement,38.18,0,,0,Одобрена
13695,IT,94041.78,Operations,2026-05-07,Manager → IT → Finance → Procurement,60.05,2,,4,Одобрена
11013,Простая,24350.49,IT,2026-05-07,Manager → Procurement,1.0,0,,0,Одобрена
13096,Простая,19305.65,Operations,2026-05-07,Manager → Procurement,8.44,0,,0,Одобрена
10588,Простая,5811.71,Marketing,2026-05-07,Manager → Procurement,22.8,0,,0,Одобрена
13244,Простая,14627.2,Sales,2026-05-07,Manager → Procurement,11.22,0,,1,Одобрена
11035,Простая,10637.2,Administration,2026-05-07,Manager → Procurement,4.16,0,,1,Одобрена
12549,Простая,31958.93,IT,2026-05-07,Manager → Procurement,1.0,0,,0,Одобрена
13516,IT,52001.77,HR,2026-05-07,Manager → IT → Finance → Procurement,42.89,0,,0,Одобрена
10634,Простая,5245.15,IT,2026-05-07,Manager → Procurement,3.84,0,,1,В процессе
10073,Юридическая,417468.04,Sales,2026-05-08,Manager → Legal → Finance → Procurement,135.98,2,,6,Одобрена
10029,Простая,15932.54,HR,2026-05-08,Manager → Procurement,4.72,0,,1,В процессе
14043,Простая,18799.04,Sales,2026-05-08,Manager → Procurement,9.99,0,,1,Одобрена
13852,Простая,26195.99,IT,2026-05-08,Manager → Procurement,9.9,0,,1,Одобрена
13417,IT,113393.75,Administration,2026-05-08,Manager → IT → Finance → Procurement,29.84,1,Технические требования не соблюдены,3,Отклонена
12487,IT,201632.26,Marketing,2026-05-08,Manager → IT → Finance → Procurement,50.43,0,,0,Одобрена
11994,Простая,9475.58,Sales,2026-05-08,Manager → Procurement,6.66,0,,0,Одобрена
10649,IT,70279.02,Sales,2026-05-08,Manager → IT → Finance → Procurement,42.85,1,,2,В процессе
12634,IT,300000.0,HR,2026-05-08,Manager → IT → Finance → Procurement,56.79,1,,3,Одобрена
13571,IT,215106.56,HR,2026-05-08,Manager → IT → Finance → Procurement,1.0,0,,0,Одобрена
11072,IT,45500.85,IT,2026-05-08,Manager → IT → Finance → Procurement,35.97,0,,0,Одобрена
10376,Простая,50000.0,Finance,2026-05-08,Manager → Procurement,4.17,0,,0,Одобрена
13296,Юридическая,2000000.0,Sales,2026-05-08,Manager → Finance → Legal → Procurement,59.23,0,,1,Одобрена
13734,IT,205757.83,Sales,2026-05-09,Manager → IT → Finance → Procurement,45.78,1,,1,Одобрена
14473,IT,161525.8,IT,2026-05-09,Manager → IT → Finance → Procurement,52.67,0,,1,Одобрена
12552,Простая,5738.71,Finance,2026-05-09,Manager → Procurement,2.91,0,,0,Одобрена
13032,Простая,17446.49,Sales,2026-05-09,Manager → Procurement,13.34,0,,0,Одобрена
12573,IT,69130.12,IT,2026-05-09,Manager → IT → Finance → Procurement,36.58,2,,5,Одобрена
14189,Простая,32058.68,Operations,2026-05-09,Manager → Procurement,12.88,0,,0,В процессе
12057,Юридическая,155269.18,Operations,2026-05-09,Manager → Finance → Legal → Procurement,50.49,0,,1,Одобрена
12269,IT,91637.73,Administration,2026-05-09,Manager → IT → Finance → Procurement,31.44,0,,0,Одобрена
12642,IT,155686.86,Administration,2026-05-09,Manager → IT → Finance → Procurement,50.06,0,,0,Одобрена
13829,Юридическая,262695.19,IT,2026-05-09,Manager → Finance → Legal → Procurement,93.5,1,Недостаточно бюджета,2,Отклонена
10310,Простая,23905.31,Marketing,2026-05-09,Manager → Procurement,3.54,0,,1,Одобрена
14924,Юридическая,257643.53,IT,2026-05-09,Manager → Finance → Legal → Procurement,15.98,0,,1,Одобрена
14783,Юридическая,818602.17,Finance,2026-05-09,Manager → Finance → Legal → Procurement,61.61,0,,0,Одобрена
14620,IT,231126.69,Finance,2026-05-09,Manager → IT → Finance → Procurement,68.41,3,,6,Одобрена
14549,IT,300000.0,Sales,2026-05-09,Manager → IT → Finance → Procurement,49.57,0,,0,Одобрена
13428,Юридическая,282895.06,Marketing,2026-05-09,Manager → Finance → Legal → Procurement,41.97,0,,0,Одобрена
12285,Простая,42214.85,Administration,2026-05-09,Manager → Procurement,12.82,0,,0,Одобрена
14665,IT,102440.73,IT,2026-05-09,Manager → IT → Finance → Procurement,32.82,0,,0,Одобрена
14733,Простая,9356.94,Administration,2026-05-10,Manager → Procurement,12.11,0,,0,Одобрена
12911,IT,92435.0,Administration,2026-05-10,Manager → IT → Finance → Procurement,14.48,0,,0,Одобрена
11017,IT,36386.44,IT,2026-05-10,Manager → IT → Finance → Procurement,6.67,0,,0,Одобрена
14491,IT,79143.55,Sales,2026-05-10,Manager → IT → Finance → Procurement,35.87,0,,0,Одобрена
12254,IT,146175.47,HR,2026-05-10,Manager → IT → Finance → Procurement,61.93,0,,1,Одобрена
12767,Простая,18145.07,Finance,2026-05-10,Manager → Procurement,1.0,0,,0,Одобрена
14004,Простая,10690.27,IT,2026-05-10,Manager → Procurement,5.79,0,,0,Одобрена
10325,IT,180867.08,IT,2026-05-10,Manager → IT → Finance → Procurement,13.62,0,,0,Одобрена
11640,IT,148292.06,Sales,2026-05-10,Manager → IT → Finance → Procurement,18.56,0,,0,Одобрена
10609,IT,73857.25,Sales,2026-05-10,Manager → IT → Finance → Procurement,9.56,0,,1,Одобрена
12516,IT,79498.83,Sales,2026-05-10,Manager → IT → Finance → Procurement,28.39,1,,2,Одобрена
10548,Простая,7150.59,HR,2026-05-10,Manager → Procurement,10.05,0,,0,Одобрена
11793,Простая,50000.0,Finance,2026-05-10,Manager → Procurement,10.72,0,,0,В процессе
10391,IT,257227.81,HR,2026-05-10,Manager → IT → Finance → Procurement,26.63,0,,0,Одобрена
12380,IT,268342.12,Sales,2026-05-10,Manager → IT → Finance → Procurement,35.8,1,,2,Одобрена
12851,Простая,8294.72,Sales,2026-05-11,Manager → Procurement,4.79,0,,1,Одобрена
14782,Юридическая,1078371.49,Sales,2026-05-11,Manager → Finance → Legal → Procurement,64.12,0,,0,Одобрена
12936,Простая,14627.49,Marketing,2026-05-11,Manager → Procurement,19.52,0,,1,Одобрена
14114,IT,117897.38,Sales,2026-05-11,Manager → IT → Finance → Procurement,27.64,0,,1,Одобрена
13075,Юридическая,276823.96,Administration,2026-05-11,Manager → Finance → Legal → Procurement,59.7,0,,1,В процессе
10420,Юридическая,231352.93,Sales,2026-05-11,Manager → Finance → Legal → Procurement,68.72,0,,0,Одобрена
12409,Простая,7339.79,HR,2026-05-11,Manager → Procurement,7.84,0,,0,Одобрена
12531,IT,119657.1,IT,2026-05-12,Manager → IT → Finance → Procurement,33.91,0,,0,Одобрена
10698,IT,149002.48,Administration,2026-05-12,Manager → IT → Finance → Procurement,22.89,0,Технические требования не соблюдены,0,Отклонена
11474,Простая,20210.23,HR,2026-05-12,Manager → Procurement,7.12,0,,1,В процессе
14621,Простая,17624.24,IT,2026-05-12,Manager → Finance → Procurement,18.83,0,,0,Одобрена
10478,IT,89637.68,Sales,2026-05-12,Manager → IT → Finance → Procurement,42.99,0,,0,Одобрена
10483,IT,57617.75,Sales,2026-05-12,Manager → Finance → IT → Procurement,21.71,0,,0,Одобрена
13478,Юридическая,1023628.02,Sales,2026-05-12,Manager → Finance → Legal → Procurement,68.69,0,,1,Одобрена
13793,Простая,11961.5,Marketing,2026-05-12,Manager → Procurement,14.4,0,,0,Одобрена
10220,Простая,12934.37,IT,2026-05-12,Manager → Procurement,1.0,0,,0,Одобрена
11860,Простая,3429.19,IT,2026-05-12,Manager → Procurement,4.61,0,Не согласовано руководителем,0,Отклонена
10087,IT,67442.82,Operations,2026-05-12,Manager → IT → Finance → Procurement,73.23,1,,3,Одобрена
12375,Простая,19089.47,Sales,2026-05-12,Manager → Procurement,1.0,0,,0,Одобрена
12584,Простая,14436.35,Operations,2026-05-12,Manager → Procurement,4.87,0,,0,В процессе
10460,IT,87197.34,IT,2026-05-12,Manager → IT → Finance → Procurement,37.19,0,,0,Одобрена
14959,Простая,22197.51,Sales,2026-05-12,Manager → Procurement,2.49,0,,0,Одобрена
13878,Юридическая,732144.46,Finance,2026-05-12,Manager → Finance → Legal → Procurement,56.57,0,,0,Одобрена
13988,Простая,3362.83,Administration,2026-05-13,Manager → Procurement,6.47,0,,1,Одобрена
14457,Простая,11996.62,Marketing,2026-05-13,Manager → Procurement,1.98,0,,0,Одобрена
12992,IT,212507.52,Administration,2026-05-13,Manager → IT → Finance → Procurement,23.31,0,,0,Одобрена
13090,Юридическая,963567.36,IT,2026-05-13,Manager → Finance → Legal → Procurement,47.87,0,,0,Одобрена
14648,Простая,37892.26,Sales,2026-05-13,Manager → Procurement,4.22,0,Некорректные данные,0,Отклонена
11919,IT,138106.88,Marketing,2026-05-13,Manager → IT → Finance → Procurement,18.87,0,,0,Одобрена
11906,Простая,19481.78,Operations,2026-05-13,Manager → Procurement,1.41,0,,0,Одобрена
12277,IT,156781.33,Sales,2026-05-13,Manager → IT → Procurement → Finance,27.49,0,,0,Одобрена
10278,IT,50033.98,Finance,2026-05-13,Manager → IT → Finance → Procurement,32.59,0,,0,Одобрена
13360,IT,53995.9,IT,2026-05-13,Manager → IT → Finance → Procurement,12.97,0,,0,Одобрена
12236,Юридическая,228337.22,Operations,2026-05-13,Manager → Finance → Legal → Procurement,61.47,0,Некорректные данные,0,Отклонена
12433,IT,50907.91,Finance,2026-05-13,Manager → IT → Finance → Procurement,57.8,0,,0,В процессе
10633,Простая,16810.2,Sales,2026-05-13,Manager → Procurement,13.4,0,,1,Одобрена
13558,Юридическая,331506.2,Finance,2026-05-13,Manager → Finance → Legal → Procurement,72.69,1,,2,Одобрена
10735,Простая,9764.55,IT,2026-05-13,Manager → Procurement,1.77,0,Не согласовано руководителем,0,Отклонена
12220,Простая,18104.03,IT,2026-05-13,Manager → Procurement,4.97,0,,0,Одобрена
13219,Простая,6403.77,Sales,2026-05-14,Manager → Procurement,14.65,0,,1,В процессе
14773,Простая,13141.3,Finance,2026-05-14,Manager → Procurement,12.06,0,,1,Одобрена
14146,Простая,6918.58,Finance,2026-05-14,Manager → Procurement,11.1,0,,0,Одобрена
12129,Простая,17079.86,Operations,2026-05-14,Manager → Procurement,1.0,0,,0,Одобрена
11002,Простая,11166.63,IT,2026-05-14,Manager → Procurement,11.09,0,Не согласовано руководителем,1,Отклонена
10013,IT,107321.24,Marketing,2026-05-14,Manager → IT → Finance → Procurement,21.53,0,,1,Одобрена
13293,IT,126514.36,Sales,2026-05-14,Manager → IT → Finance → Procurement,20.04,0,,0,Одобрена
12427,Простая,8006.17,Administration,2026-05-14,Manager → Procurement,24.18,1,,1,Одобрена
14632,Простая,28511.26,Administration,2026-05-14,Manager → Procurement,1.79,0,,1,Одобрена
12104,Юридическая,345274.04,IT,2026-05-14,Manager → Finance → Legal → Procurement,34.98,0,,0,Одобрена
13730,IT,78833.46,Sales,2026-05-14,Manager → IT → Finance → Procurement,13.17,0,,0,Одобрена
10943,Простая,9303.45,IT,2026-05-15,Manager → Procurement,6.43,0,,1,Одобрена
12098,Простая,26766.45,Marketing,2026-05-15,Manager → Procurement,19.13,0,,1,Одобрена
11969,Простая,27659.8,HR,2026-05-15,Manager → Procurement,11.93,0,,0,Одобрена
13706,Простая,3667.71,Sales,2026-05-15,Manager → Procurement,1.0,0,,0,Одобрена
11848,IT,147347.86,Sales,2026-05-15,Manager → IT → Finance → Procurement,32.04,2,,5,Одобрена
11807,Простая,25753.12,Sales,2026-05-15,Manager → Procurement,11.81,0,,0,Одобрена
13699,Простая,30503.5,IT,2026-05-15,Manager → Finance → Procurement,16.86,0,,0,Одобрена
12906,IT,109769.82,IT,2026-05-15,Manager → IT → Finance → Procurement,17.44,0,,0,Одобрена
13885,Юридическая,398883.16,Sales,2026-05-16,Manager → Finance → Legal → Procurement,39.77,0,,1,Одобрена
11207,IT,55987.41,Sales,2026-05-16,Manager → IT → Finance → Procurement,18.93,0,,0,Одобрена
10755,IT,112930.73,IT,2026-05-16,Manager → IT → Finance → Procurement,30.45,0,,1,Одобрена
11591,Простая,3596.32,Marketing,2026-05-16,Manager → Procurement,9.05,0,,0,Одобрена
13259,IT,50271.79,Operations,2026-05-16,Manager → IT → Finance → Procurement,1.0,0,,0,Одобрена
10658,Простая,19493.88,Operations,2026-05-16,Manager → Procurement,1.0,0,,0,Одобрена
12799,IT,46188.83,Sales,2026-05-16,Manager → IT → Finance → Procurement,42.56,0,,0,В процессе
12816,IT,96451.15,Marketing,2026-05-16,Manager → IT → Finance → Procurement,11.53,0,,0,Одобрена
13513,Юридическая,200875.96,Sales,2026-05-16,Manager → Finance → Legal → Procurement,45.4,1,,3,Одобрена
10910,Простая,6526.91,IT,2026-05-16,Manager → Procurement,5.36,0,,1,Одобрена
14581,IT,43920.38,Finance,2026-05-16,Manager → IT → Finance → Procurement,27.18,0,,0,Одобрена
12443,Простая,13395.27,Finance,2026-05-16,Manager → Procurement,9.14,0,,0,Одобрена
12442,Простая,8827.34,Operations,2026-05-16,Manager → Procurement,15.46,0,,0,Одобрена
13375,IT,80771.37,HR,2026-05-16,Manager → IT → Finance → Procurement,25.07,0,,0,Одобрена
12188,IT,107796.02,Marketing,2026-05-17,Manager → IT → Finance → Procurement,26.62,0,,1,Одобрена
14951,Простая,18852.65,IT,2026-05-17,Manager → Procurement,8.06,0,,0,В процессе
10369,Простая,21457.97,Operations,2026-05-17,Manager → Procurement,11.18,0,,0,Одобрена
10222,Простая,13364.78,HR,2026-05-17,Manager → Procurement,8.46,0,,1,Одобрена
10326,IT,126591.58,IT,2026-05-17,Manager → IT → Finance → Procurement,14.78,0,,1,Одобрена
14796,Простая,16296.58,HR,2026-05-17,Manager → Procurement,7.91,0,,0,Одобрена
11214,Простая,26486.45,HR,2026-05-17,Manager → Procurement,1.0,0,,0,Одобрена
14127,IT,85669.45,Marketing,2026-05-17,Manager → IT → Finance → Procurement,27.88,0,,0,Одобрена
10703,Простая,23630.38,IT,2026-05-17,Manager → Procurement,4.97,0,,0,Одобрена
11769,Простая,13864.41,Operations,2026-05-17,Manager → Procurement,12.59,0,,0,Одобрена
13464,Простая,34176.93,Operations,2026-05-18,Manager → Procurement,14.79,0,,0,Одобрена
13752,IT,30175.79,Sales,2026-05-18,Manager → IT → Finance → Procurement,33.23,0,,0,Одобрена
13542,IT,69707.36,IT,2026-05-18,Manager → IT → Finance → Procurement,14.94,0,,1,Одобрена
13999,Простая,26051.25,Administration,2026-05-18,Manager → Procurement,19.3,0,,0,Одобрена
10161,Простая,6017.82,Administration,2026-05-18,Manager → Procurement,2.08,0,,0,Одобрена
10249,Простая,14602.29,IT,2026-05-18,Manager → Procurement,8.53,0,,1,Одобрена
14612,Простая,13051.17,Finance,2026-05-18,Manager → Procurement,4.72,0,,0,Одобрена
11778,Простая,7642.69,Sales,2026-05-18,Manager → Procurement,14.56,1,,2,Одобрена
13991,Юридическая,621808.24,Operations,2026-05-18,Manager → Finance → Legal → Procurement,15.01,0,,0,В процессе
13281,IT,74510.54,Sales,2026-05-18,Manager → IT → Finance → Procurement,12.57,0,,0,Одобрена
10147,Простая,16591.6,Operations,2026-05-18,Manager → Procurement,6.67,0,,1,Одобрена
10518,IT,98042.73,IT,2026-05-18,Manager → IT → Finance → Procurement,31.81,0,,0,Одобрена
11878,Простая,11441.5,Marketing,2026-05-18,Manager → Procurement,14.93,0,,0,В процессе
14792,Простая,24269.7,IT,2026-05-18,Manager → Procurement,6.49,0,,1,Одобрена
13893,IT,111107.22,Operations,2026-05-18,Manager → IT → Finance → Procurement,36.39,0,,0,Одобрена
12436,Юридическая,515397.11,Sales,2026-05-18,Manager → Finance → Legal → Procurement,44.96,0,,0,Одобрена
12062,Простая,12552.52,IT,2026-05-18,Manager → Procurement,6.71,0,,0,Одобрена
13891,Простая,15340.72,Operations,2026-05-18,Manager → Procurement,1.0,0,,0,Одобрена
14101,Простая,11347.24,Marketing,2026-05-19,Manager → Procurement,2.49,0,,1,Одобрена
14995,IT,124715.77,Sales,2026-05-19,Manager → IT → Finance → Procurement,27.72,0,,0,Одобрена
11480,Простая,9213.94,Marketing,2026-05-19,Manager → Procurement,12.77,0,,1,Одобрена
12839,Простая,16634.4,Finance,2026-05-19,Manager → Procurement,14.42,0,,0,Одобрена
12107,IT,93286.94,HR,2026-05-19,Manager → IT → Finance → Procurement,30.48,0,,0,Одобрена
14360,IT,76476.56,IT,2026-05-19,Manager → IT → Finance → Procurement,47.34,0,,1,Одобрена
14953,Простая,25261.47,Operations,2026-05-19,Manager → Procurement,5.31,0,,0,Одобрена
14643,Простая,23180.23,Operations,2026-05-19,Manager → Procurement,6.12,0,,1,В процессе
11232,IT,125563.19,Sales,2026-05-19,Manager → IT → Procurement → Finance,38.29,0,,1,Одобрена
13194,IT,45747.93,Administration,2026-05-19,Manager → IT → Finance → Procurement,28.42,1,,3,Одобрена
12951,Простая,30301.87,Finance,2026-05-19,Manager → Procurement,8.67,0,,1,Одобрена
13353,Простая,13619.77,Operations,2026-05-19,Manager → Procurement,4.55,0,,0,В процессе
10884,Простая,19004.63,Administration,2026-05-20,Manager → Finance → Procurement,28.16,0,,1,Одобрена
14234,IT,67618.96,Administration,2026-05-20,Manager → IT → Finance → Procurement,55.57,0,,0,Одобрена
11902,Простая,22033.07,Sales,2026-05-20,Manager → Procurement,16.1,0,,0,Одобрена
14096,Простая,11367.69,HR,2026-05-20,Manager → Procurement,8.52,0,,0,Одобрена
10011,Простая,15859.97,Marketing,2026-05-20,Manager → Procurement,8.68,0,,0,Одобрена
11189,Простая,4117.58,HR,2026-05-20,Manager → Procurement,12.64,0,,1,Одобрена
14388,Простая,46849.06,Operations,2026-05-20,Manager → Procurement,6.99,0,,0,Одобрена
13168,Простая,9811.4,Administration,2026-05-20,Manager → Procurement,10.98,0,,0,В процессе
14772,Простая,34351.83,Finance,2026-05-20,Manager → Procurement,6.62,0,,0,Одобрена
10260,IT,145302.09,IT,2026-05-20,Manager → IT → Finance → Procurement,24.83,1,,3,Одобрена
13717,IT,60843.81,IT,2026-05-20,Manager → IT → Finance → Procurement,13.95,0,,0,Одобрена
12965,Простая,25801.24,IT,2026-05-20,Manager → Procurement,8.95,0,,0,Одобрена
11853,IT,204010.26,Finance,2026-05-20,Manager → IT → Finance → Procurement,43.05,0,,0,Одобрена
10283,Простая,20696.78,Administration,2026-05-20,Manager → Procurement,7.35,0,,0,Одобрена
13798,IT,79390.73,HR,2026-05-20,Manager → Finance → IT → Procurement,48.09,0,,0,Одобрена
13275,IT,90831.66,Marketing,2026-05-20,Manager → IT → Finance → Procurement,1.0,0,,0,Одобрена
14419,Простая,7580.08,Sales,2026-05-21,Manager → Procurement,12.92,0,,1,Одобрена
12222,Простая,13798.57,IT,2026-05-21,Manager → Procurement,11.85,0,,0,Одобрена
13871,Простая,13980.49,Sales,2026-05-21,Manager → Finance → Procurement,30.74,0,,0,В процессе
10934,IT,85350.98,Marketing,2026-05-21,Manager → IT → Finance → Procurement,25.89,0,,0,Одобрена
13101,Юридическая,1165100.56,IT,2026-05-21,Manager → Finance → Procurement → Legal,24.2,0,,1,Одобрена
11525,IT,104386.69,Marketing,2026-05-21,Manager → IT → Finance → Procurement,14.34,0,,1,Одобрена
14282,Простая,16518.7,Administration,2026-05-21,Manager → Procurement,1.51,0,,0,Одобрена
14709,Простая,13329.47,Operations,2026-05-22,Manager → Procurement,11.81,0,Некорректные данные,1,Отклонена
10662,Юридическая,1653422.02,IT,2026-05-22,Manager → Finance → Legal → Procurement,54.69,0,,1,Одобрена
12140,IT,84164.59,IT,2026-05-22,Manager → IT → Finance → Procurement,59.38,0,Недостаточно бюджета,0,Отклонена
14194,IT,107174.43,Marketing,2026-05-22,Manager → IT → Finance → Procurement,39.99,2,,3,Одобрена
10496,IT,244352.4,Marketing,2026-05-22,Manager → IT → Finance → Procurement,32.0,1,,3,Одобрена
11695,IT,47961.4,Sales,2026-05-22,Manager → IT → Finance → Procurement,39.82,0,,1,Одобрена
11870,IT,41531.77,HR,2026-05-22,Manager → IT → Finance → Procurement,13.46,0,,1,Одобрена
14529,Простая,46624.75,Operations,2026-05-22,Manager → Procurement,12.27,0,Недостаточно бюджета,0,Отклонена
14290,IT,45214.05,IT,2026-05-22,Manager → IT → Finance → Procurement,40.86,0,,0,Одобрена
11622,IT,88902.1,Marketing,2026-05-22,Manager → IT → Finance → Procurement,11.61,0,,0,Одобрена
10116,Юридическая,215564.14,Administration,2026-05-22,Manager → Finance → Legal → Procurement,37.43,0,Недостаточно бюджета,0,Отклонена
13328,IT,59657.81,HR,2026-05-22,Manager → IT → Finance → Procurement,39.14,0,,1,Одобрена
14118,Юридическая,867512.35,HR,2026-05-22,Manager → Finance → Legal → Procurement,69.54,0,,1,Одобрена
11439,Юридическая,128587.55,Operations,2026-05-22,Manager → Finance → Legal → Procurement,45.58,0,,1,Одобрена
11499,Простая,29949.95,Sales,2026-05-22,Manager → Procurement,16.09,0,,0,Одобрена
14441,Простая,17967.39,HR,2026-05-23,Manager → Procurement,24.78,0,,1,Одобрена
14372,Простая,22751.63,IT,2026-05-23,Manager → Procurement,6.97,0,,0,Одобрена
10690,IT,90302.96,Operations,2026-05-23,Manager → IT → Finance → Procurement,43.0,2,Технические требования не соблюдены,5,Отклонена
13997,Простая,15032.25,Operations,2026-05-23,Manager → Procurement,9.71,0,,1,Одобрена
11722,Простая,24602.84,Sales,2026-05-23,Manager → Procurement,5.07,0,,0,Одобрена
14242,IT,91151.44,Sales,2026-05-23,Manager → IT → Finance → Procurement,62.25,1,,3,Одобрена
14192,IT,43758.93,Marketing,2026-05-23,Manager → IT → Finance → Procurement,48.52,0,,0,Одобрена
14030,Юридическая,875229.43,IT,2026-05-23,Manager → Finance → Legal → Procurement,54.88,0,,0,В процессе
14996,Простая,45189.56,Sales,2026-05-23,Manager → Procurement,11.26,0,,0,Одобрена
11476,IT,102061.92,IT,2026-05-23,Manager → IT → Finance → Procurement,56.71,0,,0,Одобрена
13402,IT,207271.19,IT,2026-05-23,Manager → IT → Finance → Procurement,38.5,0,,1,Одобрена
10655,Юридическая,1773161.37,Marketing,2026-05-23,Manager → Finance → Legal → Procurement,97.5,1,,3,Одобрена
13216,IT,65864.05,IT,2026-05-24,Manager → IT → Finance → Procurement,37.63,0,,0,Одобрена
11114,Юридическая,870004.59,Administration,2026-05-24,Manager → Finance → Legal → Procurement,16.64,0,,0,Одобрена
11155,IT,56733.43,Sales,2026-05-24,Manager → IT → Finance → Procurement,46.68,0,,0,Одобрена
14527,IT,168648.88,Sales,2026-05-24,Manager → IT → Finance → Procurement,43.66,0,,0,Одобрена
14160,Простая,40429.46,Sales,2026-05-24,Manager → Procurement,12.83,0,,1,Одобрена
11147,IT,87689.61,Operations,2026-05-24,Manager → IT → Finance → Procurement,55.95,2,,6,Одобрена
14188,Простая,23689.76,HR,2026-05-24,Manager → Procurement,6.88,0,,0,Одобрена
10199,Простая,9567.04,Operations,2026-05-24,Manager → Finance → Procurement,17.68,0,,0,Одобрена
13854,Простая,16431.87,HR,2026-05-24,Manager → Procurement,15.76,0,,0,Одобрена
10393,IT,135751.53,Administration,2026-05-24,Manager → IT → Finance → Procurement,59.79,0,,0,Одобрена
11096,Простая,17443.09,Sales,2026-05-24,Manager → Procurement,8.51,0,,1,Одобрена
13000,Простая,19791.02,Administration,2026-05-24,Manager → Finance → Procurement,14.53,0,,0,Одобрена
10014,IT,71505.11,Finance,2026-05-25,Manager → IT → Finance → Procurement,20.09,0,,0,Одобрена
11557,Юридическая,579255.39,Operations,2026-05-25,Manager → Finance → Legal → Procurement,56.87,0,,0,Одобрена
13319,Простая,17368.41,Marketing,2026-05-25,Manager → Procurement,2.12,0,,0,Одобрена
11599,IT,89575.12,IT,2026-05-25,Manager → IT → Finance → Procurement,35.36,1,,2,Одобрена
14808,IT,201656.49,IT,2026-05-25,Manager → IT → Finance → Procurement,18.48,0,,0,В процессе
11397,IT,167304.12,Operations,2026-05-25,Manager → IT → Finance → Procurement,22.43,0,,0,Одобрена
10918,Простая,11831.96,Operations,2026-05-25,Manager → Procurement,8.68,0,,0,Одобрена
13647,Простая,23092.8,Finance,2026-05-25,Manager → Procurement,6.8,0,,0,Одобрена
14551,Простая,11126.96,Administration,2026-05-25,Manager → Procurement,7.38,0,,0,Одобрена
10796,Простая,29029.9,HR,2026-05-25,Manager → Procurement,1.39,0,,0,Одобрена
11473,Простая,4993.28,Administration,2026-05-25,Manager → Procurement,12.23,0,,0,Одобрена
10134,Простая,5958.35,Sales,2026-05-25,Manager → Procurement,7.84,0,,1,Одобрена
12073,Простая,9131.33,Marketing,2026-05-25,Manager → Procurement,12.12,0,,1,Одобрена
14650,Простая,16597.11,Sales,2026-05-25,Manager → Procurement,10.72,0,,0,Одобрена
10965,Юридическая,1757807.94,Finance,2026-05-26,Manager → Finance → Legal → Procurement,13.27,0,,1,Одобрена
12942,Простая,18933.8,Sales,2026-05-26,Manager → Procurement,6.59,0,,0,Одобрена
11067,Простая,10674.51,Sales,2026-05-26,Manager → Procurement,5.82,0,,0,Одобрена
13295,Простая,26423.13,Finance,2026-05-26,Manager → Procurement,7.59,0,,0,Одобрена
13772,Юридическая,474240.56,Administration,2026-05-26,Manager → Finance → Legal → Procurement,45.43,0,,1,Одобрена
12372,Простая,22856.58,Operations,2026-05-26,Manager → Procurement,1.94,0,,0,Одобрена
11979,IT,67217.24,Operations,2026-05-26,Manager → IT → Finance → Procurement,72.66,2,,6,Одобрена
13097,Простая,8030.25,IT,2026-05-26,Manager → Procurement,6.74,0,,1,Одобрена
14015,IT,74341.69,Administration,2026-05-26,Manager → IT → Finance → Procurement,55.04,1,,1,Одобрена
10950,Простая,33767.63,Finance,2026-05-26,Manager → Procurement,9.3,0,,1,Одобрена
10637,IT,109304.71,Marketing,2026-05-26,Manager → IT → Finance → Procurement,23.01,1,,2,Одобрена
12539,Простая,41059.27,IT,2026-05-26,Manager → Procurement,11.4,0,,1,Одобрена
13923,Простая,6080.25,IT,2026-05-26,Manager → Procurement,10.25,0,,0,Одобрена
11823,IT,43940.7,Sales,2026-05-27,Manager → IT → Finance → Procurement,31.51,1,,3,Одобрена
11148,IT,51437.23,Marketing,2026-05-27,Manager → IT → Finance → Procurement,41.27,0,,0,Одобрена
10480,Простая,8806.74,Administration,2026-05-27,Manager → Procurement,4.84,0,,0,В процессе
13715,Юридическая,361659.32,IT,2026-05-27,Manager → Finance → Legal → Procurement,13.44,0,,0,Одобрена
11729,Простая,38528.05,Operations,2026-05-27,Manager → Procurement,7.71,0,,0,Одобрена
11948,Юридическая,369015.04,Finance,2026-05-27,Manager → Finance → Legal → Procurement,75.39,0,,1,Одобрена
12989,Простая,22538.75,Finance,2026-05-27,Manager → Procurement,15.31,0,,1,Одобрена
12657,Простая,25695.08,Operations,2026-05-27,Manager → Procurement,9.73,0,,1,Одобрена
10341,Простая,9290.52,Marketing,2026-05-27,Manager → Procurement,8.2,0,,0,Одобрена
10605,Юридическая,540692.18,Sales,2026-05-27,Manager → Finance → Legal → Procurement,84.33,0,,0,В процессе
13487,IT,84738.49,Administration,2026-05-27,Manager → IT → Finance → Procurement,6.7,0,,1,Одобрена
13129,IT,30000.0,HR,2026-05-27,Manager → IT → Finance → Procurement,71.04,1,,3,Одобрена
14916,IT,300000.0,Marketing,2026-05-27,Manager → IT → Finance → Procurement,47.63,0,,0,Одобрена
13818,Простая,25255.18,Operations,2026-05-28,Manager → Procurement,14.33,0,,0,Одобрена
12143,IT,156298.77,Operations,2026-05-28,Manager → IT → Finance → Procurement,60.12,1,,3,Одобрена
13362,Простая,13448.23,Administration,2026-05-28,Manager → Procurement,28.55,2,,4,Одобрена
13747,Простая,22479.57,Finance,2026-05-28,Manager → Procurement,14.06,0,,0,Одобрена
11079,IT,122539.88,IT,2026-05-28,Manager → IT → Finance → Procurement,23.24,0,Некорректные данные,0,Отклонена
11806,IT,169592.78,Operations,2026-05-28,Manager → IT → Finance → Procurement,29.84,0,Технические требования не соблюдены,1,Отклонена
13042,Юридическая,481696.48,Sales,2026-05-28,Manager → Finance → Legal → Procurement,85.89,0,,0,Одобрена
12622,Юридическая,358830.0,Finance,2026-05-28,Manager → Finance → Legal → Procurement,18.18,0,,0,Одобрена
12813,IT,132791.6,Finance,2026-05-28,Manager → IT → Finance → Procurement,24.13,0,,0,Одобрена
13996,Простая,42224.26,Administration,2026-05-28,Manager → Procurement,7.12,0,,0,Одобрена
13299,Простая,8293.39,IT,2026-05-28,Manager → Procurement,2.25,0,,1,Одобрена
11939,Простая,2381.87,IT,2026-05-28,Manager → Finance → Procurement,27.49,0,,0,Одобрена
11940,Простая,7956.55,Marketing,2026-05-28,Manager → Procurement,10.77,0,,0,Одобрена
13286,IT,133496.15,IT,2026-05-28,Manager → IT → Finance → Procurement,29.62,0,,1,Одобрена
12109,Простая,5343.08,Marketing,2026-05-28,Manager → Procurement,9.82,0,,0,Одобрена
12079,Простая,6922.95,IT,2026-05-28,Manager → Procurement,8.69,0,,1,Одобрена
12036,IT,128396.15,HR,2026-05-28,Manager → IT → Finance → Procurement,43.81,1,,3,Одобрена
11028,Простая,5637.51,IT,2026-05-29,Manager → Procurement,11.67,0,,0,Одобрена
10353,IT,182150.12,Finance,2026-05-29,Manager → IT → Finance → Procurement,44.71,0,,0,Одобрена
11165,Простая,33436.24,Operations,2026-05-29,Manager → Procurement,7.47,0,,0,Одобрена
14429,Простая,5847.07,Finance,2026-05-29,Manager → Procurement,11.07,0,,1,Одобрена
11404,Простая,11609.07,Sales,2026-05-29,Manager → Procurement,3.99,0,,0,Одобрена
12558,Простая,10619.83,Marketing,2026-05-29,Manager → Procurement,4.75,0,,0,Одобрена
14353,IT,113681.54,Marketing,2026-05-29,Manager → IT → Finance → Procurement,23.68,0,,0,В процессе
11609,Простая,19508.25,IT,2026-05-29,Manager → Procurement,1.0,0,,0,В процессе
14207,Простая,10797.14,HR,2026-05-29,Manager → Procurement,8.69,0,,0,Одобрена
12382,Простая,25837.86,Sales,2026-05-29,Manager → Procurement,14.12,0,,0,Одобрена
14294,IT,93345.76,IT,2026-05-30,Manager → IT → Finance → Procurement,29.95,0,,0,Одобрена
10915,Юридическая,729241.11,Marketing,2026-05-30,Manager → Finance → Legal → Procurement,51.16,0,Некорректные данные,0,Отклонена
12043,IT,64383.7,IT,2026-05-30,Manager → IT → Finance → Procurement,26.14,0,,1,Одобрена
13347,IT,136102.46,HR,2026-05-30,Manager → IT → Finance → Procurement,12.15,0,Технические требования не соблюдены,1,Отклонена
13689,IT,100351.55,IT,2026-05-30,Manager → IT → Finance → Procurement,26.68,0,,1,Одобрена
13604,Простая,5916.86,Administration,2026-05-30,Manager → Procurement,10.32,0,,0,Одобрена
10516,Простая,50000.0,Administration,2026-05-30,Manager → Procurement,10.5,0,,0,Одобрена
13861,Простая,15981.24,Marketing,2026-05-30,Manager → Procurement,3.57,0,,1,Одобрена
14389,IT,91696.9,Marketing,2026-05-30,Manager → IT → Finance → Procurement,41.85,1,,1,Одобрена
13931,IT,86360.5,HR,2026-05-30,Manager → IT → Finance → Procurement,42.33,0,,1,Одобрена
13397,Простая,10520.74,Sales,2026-05-30,Manager → Procurement,6.24,0,,1,Одобрена
10108,Простая,13293.05,Marketing,2026-05-31,Manager → Procurement,13.93,1,,2,Одобрена
13490,Простая,19950.33,Finance,2026-05-31,Manager → Procurement,8.32,0,,0,Одобрена
14597,Простая,42970.85,IT,2026-05-31,Manager → Procurement,3.81,0,Не согласовано руководителем,0,Отклонена
14414,Простая,20930.62,Administration,2026-05-31,Manager → Procurement,10.21,0,,0,Одобрена
14591,Простая,26700.5,Finance,2026-05-31,Manager → Procurement,8.26,0,,0,Одобрена
11153,Простая,16660.02,Sales,2026-05-31,Manager → Procurement,6.33,0,,0,Одобрена
13887,Юридическая,298856.98,IT,2026-05-31,Manager → Finance → Legal → Procurement,56.74,1,,2,Одобрена
12666,IT,71047.29,Sales,2026-05-31,Manager → IT → Finance → Procurement,17.56,0,,0,Одобрена
12889,Простая,11236.53,Finance,2026-05-31,Manager → Procurement,11.88,0,,0,Одобрена
13379,Простая,9073.05,Sales,2026-05-31,Manager → Procurement,5.36,0,,0,Одобрена
11023,Юридическая,755791.34,IT,2026-06-01,Manager → Finance → Legal → Procurement,74.28,1,,3,Одобрена
14011,Простая,6520.78,Sales,2026-06-01,Manager → Procurement,6.26,0,,0,Одобрена
12668,Простая,10945.41,Sales,2026-06-01,Manager → Procurement,16.0,0,,1,Одобрена
14063,Простая,7199.85,Sales,2026-06-01,Manager → Procurement,10.01,0,,0,Одобрена
10509,Простая,28682.76,Operations,2026-06-01,Manager → Procurement,7.46,0,,0,Одобрена
12147,Простая,19445.06,Marketing,2026-06-01,Manager → Procurement,9.57,0,,1,Одобрена
14644,Простая,14274.66,IT,2026-06-01,Manager → Procurement,5.56,0,,0,Одобрена
10297,Юридическая,277762.59,Administration,2026-06-01,Manager → Finance → Legal → Procurement,70.28,0,,0,Одобрена
11989,Юридическая,624596.11,IT,2026-06-01,Manager → Finance → Legal → Procurement,65.08,0,,0,Одобрена
12812,Юридическая,369521.3,HR,2026-06-01,Manager → Finance → Legal → Procurement,85.65,0,,0,Одобрена
12122,Простая,23683.64,IT,2026-06-01,Manager → Procurement,14.67,0,,0,Одобрена
13037,IT,136330.36,Sales,2026-06-01,Manager → IT → Finance → Procurement,41.66,0,,0,Одобрена
14880,Простая,9137.26,Sales,2026-06-01,Manager → Procurement,18.0,0,,0,Одобрена
11164,Простая,21314.4,HR,2026-06-01,Manager → Procurement,2.22,0,,0,Одобрена
12783,IT,138683.43,Sales,2026-06-01,Manager → IT → Finance → Procurement,48.34,0,,1,Одобрена
13324,IT,35388.35,Administration,2026-06-02,Manager → IT → Finance → Procurement,2.35,0,,0,В процессе
10317,Простая,12824.2,IT,2026-06-02,Manager → Procurement,12.61,0,,1,Одобрена
13449,Простая,18249.02,IT,2026-06-02,Manager → Procurement,10.86,0,,0,Одобрена
14206,IT,146902.0,Operations,2026-06-02,Manager → IT → Finance → Procurement,48.39,0,,0,Одобрена
14522,Простая,8207.8,HR,2026-06-02,Manager → Procurement,4.91,0,Недостаточно бюджета,0,Отклонена
10298,IT,44540.08,Marketing,2026-06-02,Manager → IT → Finance → Procurement,6.35,0,,0,Одобрена
14511,IT,105672.42,HR,2026-06-02,Manager → IT → Finance → Procurement,17.05,0,,0,Одобрена
11443,Простая,10636.39,Operations,2026-06-02,Manager → Procurement,1.0,0,,0,Одобрена
13509,IT,118791.61,Administration,2026-06-02,Manager → IT → Finance → Procurement,37.45,1,,1,Одобрена
12893,IT,151722.38,IT,2026-06-02,Manager → IT → Finance → Procurement,19.81,0,,1,Одобрена
10424,Простая,50000.0,IT,2026-06-02,Manager → Procurement,10.45,0,,0,Одобрена
10640,Юридическая,958497.46,HR,2026-06-02,Manager → Finance → Legal → Procurement,35.28,1,,1,Одобрена
12138,IT,118988.72,Marketing,2026-06-02,Manager → IT → Finance → Procurement,17.37,0,,0,В процессе
14907,Юридическая,506875.83,Sales,2026-06-02,Manager → Finance → Legal → Procurement,90.72,0,,0,Одобрена
12704,IT,174501.41,HR,2026-06-02,Manager → IT → Finance → Procurement,27.4,0,,1,Одобрена
13190,Простая,4117.92,Operations,2026-06-02,Manager → Procurement,1.14,0,Некорректные данные,0,Отклонена
12108,Юридическая,1085396.49,HR,2026-06-02,Manager → Finance → Legal → Procurement,88.98,0,,1,Одобрена
14843,Простая,14777.82,IT,2026-06-02,Manager → Procurement,11.43,0,,1,Одобрена
14275,Простая,4882.2,HR,2026-06-02,Manager → Procurement,4.89,0,,0,Одобрена
14500,IT,148768.89,Marketing,2026-06-02,Manager → IT → Finance → Procurement,18.27,0,,0,Одобрена
10787,IT,71509.07,Operations,2026-06-02,Manager → IT → Finance → Procurement,46.25,1,,2,Одобрена
10857,IT,279785.09,HR,2026-06-03,Manager → IT → Finance → Procurement,37.14,0,,0,Одобрена
11683,IT,141252.8,HR,2026-06-03,Manager → IT → Finance → Procurement,38.16,0,,1,Одобрена
12339,IT,108730.93,IT,2026-06-03,Manager → IT → Finance → Procurement,39.63,0,,0,Одобрена
11704,IT,300000.0,IT,2026-06-03,Manager → IT → Finance → Procurement,50.36,0,,0,Одобрена
14281,Простая,50000.0,Administration,2026-06-03,Manager → Procurement,5.8,0,,0,Одобрена
10769,Простая,8309.23,Sales,2026-06-03,Manager → Procurement,9.62,0,,0,Одобрена
12291,Юридическая,200122.19,Sales,2026-06-03,Manager → Finance → Legal → Procurement,44.08,0,,0,Одобрена
11156,Простая,15958.06,IT,2026-06-03,Manager → Procurement,1.0,0,,0,В процессе
10406,Юридическая,377700.0,Finance,2026-06-03,Manager → Finance → Legal → Procurement,93.63,0,,0,Одобрена
14692,Простая,14349.72,IT,2026-06-03,Manager → Procurement,10.82,0,,1,Одобрена
10795,Простая,26670.17,Operations,2026-06-03,Manager → Procurement,2.15,0,,0,В процессе
12707,Юридическая,283648.58,IT,2026-06-03,Manager → Finance → Legal → Procurement,57.8,0,,1,Одобрена
10880,IT,138871.24,Marketing,2026-06-03,Manager → IT → Finance → Procurement,18.62,0,Недостаточно бюджета,0,Отклонена
12151,IT,184639.41,HR,2026-06-04,Manager → IT → Finance → Procurement,45.24,0,,0,Одобрена
10532,IT,202603.04,Operations,2026-06-04,Manager → IT → Finance → Procurement,41.9,1,,1,Одобрена
11546,Простая,2000.0,Operations,2026-06-04,Manager → Procurement,34.63,2,,6,Одобрена
10205,Простая,7193.53,IT,2026-06-04,Manager → Procurement,10.03,0,,0,Одобрена
13302,Простая,20915.17,Sales,2026-06-04,Manager → Procurement,1.46,0,,0,Одобрена
14204,IT,87683.01,Sales,2026-06-04,Manager → IT → Finance → Procurement,18.12,0,,0,В процессе
12411,IT,71124.64,Operations,2026-06-04,Manager → IT → Finance → Procurement,30.17,0,,0,Одобрена
10465,IT,77566.57,IT,2026-06-04,Manager → IT → Finance → Procurement,38.18,0,,0,Одобрена
13182,Простая,29090.89,Operations,2026-06-04,Manager → Procurement,15.11,0,,1,Одобрена
13484,IT,299084.0,HR,2026-06-04,Manager → IT → Finance → Procurement,40.23,0,,1,Одобрена
12924,IT,54064.11,HR,2026-06-04,Manager → IT → Finance → Procurement,51.52,1,,3,Одобрена
10596,Простая,6392.96,HR,2026-06-04,Manager → Procurement,9.57,0,,0,Одобрена
14764,IT,144459.8,Marketing,2026-06-04,Manager → IT → Finance → Procurement,36.32,0,,0,В процессе
10415,Простая,45746.37,Finance,2026-06-04,Manager → Procurement,1.79,0,,1,Одобрена
12233,Простая,3892.6,IT,2026-06-04,Manager → Procurement,9.0,1,,1,Одобрена
13804,Простая,19378.99,Marketing,2026-06-04,Manager → Procurement,8.26,0,,0,Одобрена
10846,Юридическая,247888.48,Operations,2026-06-04,Manager → Finance → Legal → Procurement,99.94,0,,1,Одобрена
11146,Простая,8030.61,Finance,2026-06-04,Manager → Procurement,10.87,0,,1,Одобрена
10858,Юридическая,381449.79,Sales,2026-06-05,Manager → Legal → Finance → Procurement,64.14,2,,4,Одобрена
10615,Простая,17912.21,HR,2026-06-05,Manager → Procurement,6.32,0,,0,В процессе
11329,Простая,11383.49,Sales,2026-06-05,Manager → Procurement,11.16,0,,0,Одобрена
12698,Простая,6084.3,Operations,2026-06-05,Manager → Procurement,7.23,0,Не согласовано руководителем,0,Отклонена
11834,Простая,8879.96,Administration,2026-06-05,Manager → Procurement,1.74,0,,0,Одобрена
12354,IT,81901.06,HR,2026-06-05,Manager → IT → Procurement → Finance,60.13,0,,1,Одобрена
11889,Юридическая,262992.38,HR,2026-06-05,Manager → Finance → Legal → Procurement,49.09,1,,3,Одобрена
12228,Простая,16068.76,Marketing,2026-06-05,Manager → Procurement,7.38,0,,0,Одобрена
11203,IT,36105.06,HR,2026-06-05,Manager → IT → Finance → Procurement,56.51,3,,5,Одобрена
13412,Простая,6378.4,Sales,2026-06-05,Manager → Procurement,3.59,0,,0,Одобрена
11498,IT,120721.95,Sales,2026-06-05,Manager → IT → Finance → Procurement,14.23,0,,0,Одобрена
12897,Юридическая,395694.27,HR,2026-06-06,Manager → Finance → Legal → Procurement,72.09,0,,1,Одобрена
14712,Простая,15084.51,Sales,2026-06-06,Manager → Procurement,3.99,0,,1,Одобрена
10591,Юридическая,1212081.77,Sales,2026-06-06,Manager → Legal → Finance → Procurement,61.34,0,,0,Одобрена
12875,Простая,27018.98,Sales,2026-06-06,Manager → Procurement,7.94,0,,1,Одобрена
12788,IT,51207.83,Operations,2026-06-06,Manager → IT → Finance → Procurement,23.54,0,,0,Одобрена
10096,IT,253909.94,HR,2026-06-06,Manager → IT → Finance → Procurement,33.86,0,,0,Одобрена
11360,Простая,49470.58,Sales,2026-06-06,Manager → Procurement,6.44,0,,0,Одобрена
11188,Юридическая,478576.32,Marketing,2026-06-06,Manager → Finance → Legal → Procurement,58.1,0,,0,Одобрена
10557,Простая,20194.0,Marketing,2026-06-06,Manager → Procurement,8.21,0,Недостаточно бюджета,1,Отклонена
13086,Простая,20840.65,Operations,2026-06-06,Manager → Procurement,4.85,0,,0,Одобрена
12063,IT,45525.14,Marketing,2026-06-06,Manager → Finance → IT → Procurement,53.04,0,,1,Одобрена
13569,IT,70554.5,Finance,2026-06-06,Manager → IT → Finance → Procurement,42.47,1,,2,Одобрена
11949,Простая,25882.07,Finance,2026-06-06,Manager → Procurement,10.16,0,,0,В процессе
10441,Юридическая,385082.49,IT,2026-06-06,Manager → Finance → Legal → Procurement,47.37,0,,0,Одобрена
12218,Юридическая,229173.77,Finance,2026-06-06,Manager → Finance → Legal → Procurement,46.4,0,,0,Одобрена
12013,Простая,2930.43,IT,2026-06-06,Manager → Procurement,11.11,0,,1,Одобрена
11536,Простая,11172.65,IT,2026-06-06,Manager → Procurement,10.63,0,,1,Одобрена
14434,Простая,19694.35,Sales,2026-06-06,Manager → Procurement,2.96,0,,0,Одобрена
11648,IT,48010.22,IT,2026-06-06,Manager → IT → Finance → Procurement,29.63,0,,1,Одобрена
13522,Юридическая,460612.09,Sales,2026-06-06,Manager → Finance → Legal → Procurement,92.25,0,,1,Одобрена
10395,Простая,12042.2,Sales,2026-06-06,Manager → Procurement,11.24,0,,1,В процессе
14224,Простая,19604.24,Finance,2026-06-06,Manager → Procurement,6.87,0,,0,Одобрена
14065,Простая,29136.26,IT,2026-06-06,Manager → Procurement,13.58,0,,1,Одобрена
14154,Простая,10304.4,Administration,2026-06-06,Manager → Procurement,11.22,0,,0,Одобрена
12200,IT,96717.66,Finance,2026-06-07,Manager → IT → Finance → Procurement,46.6,0,,0,Одобрена
14886,IT,102511.97,Operations,2026-06-07,Manager → IT → Finance → Procurement,58.4,1,,2,Одобрена
13919,IT,178133.57,Operations,2026-06-07,Manager → IT → Finance → Procurement,27.7,0,Некорректные данные,1,Отклонена
11170,Простая,50000.0,Finance,2026-06-07,Manager → Procurement,7.48,0,,0,Одобрена
14901,Простая,13783.07,Marketing,2026-06-07,Manager → Procurement,3.63,0,,0,В процессе
11132,IT,88769.36,HR,2026-06-07,Manager → IT → Finance → Procurement,45.58,0,,1,Одобрена
12042,IT,223322.66,IT,2026-06-07,Manager → IT → Finance → Procurement,47.65,0,,0,Одобрена
13896,IT,241251.39,IT,2026-06-07,Manager → IT → Finance → Procurement,19.08,0,,0,Одобрена
11210,Простая,10921.44,Operations,2026-06-07,Manager → Procurement,21.63,1,Не согласовано руководителем,2,Отклонена
13969,Простая,10050.89,Administration,2026-06-07,Manager → Procurement,7.24,0,,0,Одобрена
12934,Юридическая,1065695.99,IT,2026-06-07,Manager → Finance → Legal → Procurement,43.98,0,,0,Одобрена
13036,IT,32282.66,Operations,2026-06-07,Manager → IT → Finance → Procurement,42.35,1,,1,Одобрена
13112,Простая,21593.03,Marketing,2026-06-07,Manager → Procurement,1.84,0,,0,Одобрена
13127,IT,33389.33,Sales,2026-06-07,Manager → IT → Finance → Procurement,63.45,0,,0,Одобрена
13132,Юридическая,300796.5,Administration,2026-06-07,Manager → Finance → Legal → Procurement,92.35,0,,0,Одобрена
12136,IT,232149.09,Finance,2026-06-07,Manager → IT → Finance → Procurement,60.5,2,,4,Одобрена
11951,Юридическая,340433.81,HR,2026-06-07,Manager → Legal → Finance → Procurement,62.27,0,,0,В процессе
12744,IT,74099.42,Administration,2026-06-08,Manager → IT → Finance → Procurement,34.81,1,,2,Одобрена
10736,IT,30000.0,Administration,2026-06-08,Manager → IT → Finance → Procurement,41.72,0,,1,Одобрена
12643,IT,113311.56,Marketing,2026-06-08,Manager → IT → Finance → Procurement,40.88,0,,0,Одобрена
10721,IT,48988.16,Operations,2026-06-08,Manager → IT → Finance → Procurement,29.75,0,,0,Одобрена
13105,IT,107589.58,Finance,2026-06-08,Manager → Finance → IT → Procurement,40.1,1,,1,Одобрена
12578,Юридическая,225579.73,IT,2026-06-08,Manager → Finance → Legal → Procurement,54.13,0,,1,Одобрена
10623,Юридическая,228300.32,HR,2026-06-08,Manager → Finance → Legal → Procurement,33.61,0,,0,Одобрена
10956,Юридическая,221462.26,HR,2026-06-08,Manager → Finance → Legal → Procurement,92.74,0,,0,Одобрена
11424,Простая,8245.99,Operations,2026-06-08,Manager → Procurement,8.78,0,,0,В процессе
10145,Простая,11105.63,Marketing,2026-06-08,Manager → Procurement,3.37,0,,0,Одобрена
14093,IT,43622.17,IT,2026-06-08,Manager → IT → Finance → Procurement,23.53,0,,1,Одобрена
13765,Простая,14941.7,Sales,2026-06-08,Manager → Procurement,19.8,0,,0,Одобрена
11660,Простая,11684.99,Sales,2026-06-08,Manager → Procurement,2.24,0,,0,Одобрена
11052,Простая,10635.0,Sales,2026-06-08,Manager → Procurement,10.3,0,,0,Одобрена
11623,IT,273589.39,IT,2026-06-08,Manager → IT → Finance → Procurement,69.85,3,,6,Одобрена
12075,Простая,10727.91,Operations,2026-06-09,Manager → Procurement,15.31,0,,0,Одобрена
13900,Простая,31866.03,IT,2026-06-09,Manager → Procurement,11.62,0,,0,Одобрена
13253,Простая,34964.93,Finance,2026-06-09,Manager → Procurement,8.99,0,,1,Одобрена
10223,IT,160005.38,IT,2026-06-09,Manager → IT → Finance → Procurement,58.38,1,,1,Одобрена
10229,IT,73208.45,IT,2026-06-09,Manager → IT → Finance → Procurement,31.1,0,,0,Одобрена
10232,Простая,20563.92,Administration,2026-06-09,Manager → Procurement,1.0,0,,0,Одобрена
14132,IT,86123.2,Finance,2026-06-09,Manager → IT → Finance → Procurement,36.0,0,,0,В процессе
10275,IT,51625.17,Sales,2026-06-09,Manager → IT → Finance → Procurement,32.72,0,,0,Одобрена
10457,Юридическая,272599.1,IT,2026-06-09,Manager → Finance → Legal → Procurement,36.44,0,,0,Одобрена
10851,Простая,8528.82,Administration,2026-06-09,Manager → Procurement,1.0,0,,0,Одобрена
14557,IT,59920.52,Sales,2026-06-09,Manager → IT → Finance → Procurement,38.16,0,,0,Одобрена
10566,IT,148742.51,Marketing,2026-06-09,Manager → IT → Finance → Procurement,41.41,1,,2,Одобрена
11975,Простая,9676.12,HR,2026-06-09,Manager → Procurement,1.98,0,,0,Одобрена
14976,Простая,23662.86,IT,2026-06-09,Manager → Procurement,8.14,0,,0,Одобрена
14108,IT,90138.4,Sales,2026-06-10,Manager → IT → Finance → Procurement,34.06,0,,1,Одобрена
12474,IT,130115.72,Sales,2026-06-10,Manager → IT → Finance → Procurement,29.31,0,Технические требования не соблюдены,1,Отклонена
11271,Юридическая,345200.99,Sales,2026-06-10,Manager → Finance → Legal → Procurement,72.57,1,,2,Одобрена
11449,IT,91980.71,Finance,2026-06-10,Manager → IT → Finance → Procurement,14.05,1,,1,Одобрена
10988,Простая,9136.21,Sales,2026-06-10,Manager → Procurement,8.91,0,,0,Одобрена
11244,Простая,13821.75,Operations,2026-06-10,Manager → Procurement,11.9,0,,0,Одобрена
10792,Простая,16270.22,Finance,2026-06-10,Manager → Procurement,9.0,0,,1,Одобрена
10549,IT,148654.21,Finance,2026-06-10,Manager → IT → Finance → Procurement,30.5,0,,1,Одобрена
14354,Простая,17896.5,Finance,2026-06-10,Manager → Procurement,28.78,2,,5,Одобрена
10611,IT,42369.77,IT,2026-06-10,Manager → IT → Finance → Procurement,58.94,2,,5,Одобрена
12238,Простая,50000.0,HR,2026-06-11,Manager → Procurement,10.09,0,,0,Одобрена
13904,IT,152120.48,Marketing,2026-06-11,Manager → IT → Finance → Procurement,24.5,0,,0,Одобрена
13668,Простая,22771.53,Finance,2026-06-11,Manager → Procurement,11.01,0,,1,Одобрена
14903,Простая,10768.05,Finance,2026-06-11,Manager → Procurement,18.16,0,,1,Одобрена
10227,Простая,17555.92,IT,2026-06-11,Manager → Procurement,5.68,0,,0,Одобрена
10239,Простая,17372.92,Sales,2026-06-11,Manager → Procurement,18.01,0,,0,Одобрена
13907,IT,91535.51,Sales,2026-06-11,Manager → IT → Procurement → Finance,46.71,0,,0,Одобрена
13138,Простая,17886.16,IT,2026-06-11,Manager → Procurement,8.93,0,,1,Одобрена
11957,IT,165606.45,Marketing,2026-06-11,Manager → IT → Finance → Procurement,13.71,0,,0,Одобрена
11699,Юридическая,1669796.34,Finance,2026-06-11,Manager → Finance → Legal → Procurement,62.04,1,,3,Одобрена
13126,Простая,8967.95,Sales,2026-06-11,Manager → Procurement,47.51,2,,5,Одобрена
10309,Простая,13334.02,IT,2026-06-11,Manager → Procurement,20.35,1,,3,Одобрена
13342,IT,98545.28,HR,2026-06-11,Manager → IT → Finance → Procurement,38.0,0,,0,Одобрена
13840,Простая,7587.0,Finance,2026-06-11,Manager → Procurement,9.51,0,,1,Одобрена
13533,Простая,22972.34,IT,2026-06-11,Manager → Procurement,7.61,0,,1,Одобрена
13545,Простая,6659.75,Marketing,2026-06-11,Manager → Procurement,8.71,0,,0,Одобрена
11797,IT,69638.19,Operations,2026-06-12,Manager → IT → Finance → Procurement,46.84,1,,3,Одобрена
12797,IT,125129.42,Marketing,2026-06-12,Manager → IT → Finance → Procurement,35.04,0,Некорректные данные,0,Отклонена
12999,Юридическая,149023.94,Marketing,2026-06-12,Manager → Finance → Legal → Procurement,90.92,2,,4,Одобрена
14249,Простая,7181.01,HR,2026-06-12,Manager → Procurement,14.84,0,Недостаточно бюджета,1,Отклонена
11543,Простая,36770.2,Administration,2026-06-12,Manager → Procurement,9.7,0,,0,Одобрена
12179,Простая,6076.11,Administration,2026-06-12,Manager → Procurement,1.0,0,,0,Одобрена
14552,IT,49684.83,IT,2026-06-12,Manager → IT → Finance → Procurement,26.14,1,,1,Одобрена
11304,Простая,15624.18,IT,2026-06-12,Manager → Finance → Procurement,18.68,0,,1,Одобрена
14747,Простая,24318.41,Finance,2026-06-12,Manager → Procurement,1.33,0,,0,Одобрена
12603,Простая,5588.23,Sales,2026-06-12,Manager → Procurement,7.62,0,,1,Одобрена
12627,IT,79737.82,Administration,2026-06-12,Manager → IT → Procurement → Finance,18.37,0,,0,Одобрена
10955,Юридическая,426186.57,Sales,2026-06-13,Manager → Finance → Legal → Procurement,41.53,0,,0,Одобрена
14608,Простая,28305.04,Sales,2026-06-13,Manager → Procurement,2.84,0,,0,Одобрена
14695,Простая,6061.42,Sales,2026-06-13,Manager → Procurement,17.97,0,,1,Одобрена
10451,Простая,39704.65,IT,2026-06-13,Manager → Procurement,9.16,0,Недостаточно бюджета,0,Отклонена
10681,Простая,16162.04,Operations,2026-06-13,Manager → Procurement,10.79,0,,0,Одобрена
11349,Простая,4168.51,Sales,2026-06-13,Manager → Procurement,3.94,0,,0,Одобрена
11121,IT,104083.4,IT,2026-06-13,Manager → IT → Finance → Procurement,51.09,1,,1,Одобрена
10701,Простая,7668.15,Operations,2026-06-13,Manager → Procurement,18.17,0,,0,Одобрена
12096,Простая,7912.43,Marketing,2026-06-13,Manager → Procurement,9.66,0,,0,Одобрена
14682,Простая,10280.9,IT,2026-06-13,Manager → Procurement,8.02,0,,0,Одобрена
14303,Юридическая,492211.74,Marketing,2026-06-13,Manager → Finance → Legal → Procurement,97.65,3,,4,Одобрена
14307,IT,115675.17,Operations,2026-06-13,Manager → IT → Finance → Procurement,29.73,0,,0,Одобрена
10111,Простая,11848.56,IT,2026-06-13,Manager → Procurement,1.0,0,,0,Одобрена
14860,Простая,27628.98,Sales,2026-06-13,Manager → Procurement,3.92,0,,0,Одобрена
14481,Простая,5987.03,Administration,2026-06-13,Manager → Procurement,10.41,0,,0,Одобрена
14044,Юридическая,471816.2,HR,2026-06-14,Manager → Finance → Legal → Procurement,28.52,0,,0,Одобрена
14031,IT,112154.1,Marketing,2026-06-14,Manager → IT → Finance → Procurement,28.88,2,,3,Одобрена
13364,IT,78354.8,Sales,2026-06-14,Manager → IT → Finance → Procurement,25.94,0,,1,Одобрена
14599,Простая,12002.26,Finance,2026-06-14,Manager → Procurement,10.17,0,,1,Одобрена
10984,Простая,14539.11,Marketing,2026-06-14,Manager → Procurement,7.53,0,,0,В процессе
13966,Простая,18889.34,IT,2026-06-14,Manager → Procurement,10.53,0,,0,Одобрена
11954,Юридическая,496674.0,HR,2026-06-14,Manager → Finance → Legal → Procurement,81.42,0,,0,Одобрена
10238,IT,109073.23,IT,2026-06-14,Manager → IT → Finance → Procurement,11.23,0,,1,Одобрена
12779,Простая,9557.4,Marketing,2026-06-14,Manager → Procurement,14.16,0,,0,Одобрена
12216,Простая,3756.56,IT,2026-06-14,Manager → Procurement,56.14,2,,6,Одобрена
14900,IT,107807.42,Administration,2026-06-14,Manager → IT → Finance → Procurement,31.57,0,,1,Одобрена
12459,Простая,32853.62,IT,2026-06-14,Manager → Procurement,5.33,0,,0,Одобрена
10201,IT,191777.66,Marketing,2026-06-14,Manager → IT → Finance → Procurement,51.7,1,,3,Одобрена
11419,Юридическая,394057.88,Operations,2026-06-14,Manager → Finance → Legal → Procurement,49.41,0,Недостаточно бюджета,0,Отклонена
13454,Простая,43580.15,Administration,2026-06-15,Manager → Procurement,58.26,3,,6,Одобрена
11039,Простая,13752.52,Marketing,2026-06-15,Manager → Procurement,7.96,0,,0,Одобрена
14604,IT,129527.39,Sales,2026-06-15,Manager → IT → Finance → Procurement,48.93,0,,1,Одобрена
10127,Простая,17615.82,Sales,2026-06-15,Manager → Procurement,10.31,0,,0,Одобрена
10517,Простая,50000.0,IT,2026-06-15,Manager → Procurement,11.36,0,,1,В процессе
11742,Простая,50000.0,Sales,2026-06-15,Manager → Procurement,6.71,0,,0,Одобрена
11702,Юридическая,839146.21,HR,2026-06-15,Manager → Finance → Legal → Procurement,31.4,0,,1,В процессе
12784,Простая,24911.08,Marketing,2026-06-15,Manager → Procurement,10.7,0,,0,Одобрена
14222,Простая,50000.0,Marketing,2026-06-15,Manager → Finance → Procurement,20.23,0,,0,Одобрена
14423,IT,49904.57,HR,2026-06-15,Manager → IT → Finance → Procurement,19.16,0,,0,Одобрена
11888,Простая,35074.12,Marketing,2026-06-15,Manager → Procurement,16.88,0,Некорректные данные,1,Отклонена
10021,IT,79801.41,Administration,2026-06-15,Manager → IT → Finance → Procurement,20.61,0,,0,В процессе
13690,Простая,16594.31,Operations,2026-06-15,Manager → Procurement,2.9,0,,0,Одобрена
13640,IT,143485.74,IT,2026-06-15,Manager → Finance → IT → Procurement,24.35,0,,0,Одобрена
13581,IT,44268.54,HR,2026-06-15,Manager → IT → Finance → Procurement,41.75,0,,0,Одобрена
13338,Юридическая,995410.53,IT,2026-06-16,Manager → Finance → Legal → Procurement,29.04,0,,0,Одобрена
13721,IT,300000.0,Operations,2026-06-16,Manager → IT → Finance → Procurement,35.56,1,,3,Одобрена
11192,Простая,5137.47,IT,2026-06-16,Manager → Procurement,2.99,0,,1,Одобрена
13884,Простая,14758.06,IT,2026-06-16,Manager → Procurement,1.64,0,,1,Одобрена
11425,Простая,11136.21,IT,2026-06-16,Manager → Procurement,17.35,0,,1,Одобрена
13806,Простая,26892.19,Sales,2026-06-16,Manager → Procurement,16.9,0,,1,Одобрена
14994,Простая,8257.57,IT,2026-06-16,Manager → Procurement,4.5,0,,0,Одобрена
12076,IT,84072.82,Sales,2026-06-16,Manager → IT → Finance → Procurement,35.63,0,,0,Одобрена
13134,Простая,15248.69,Operations,2026-06-16,Manager → Procurement,7.21,0,,1,Одобрена
14020,IT,68401.5,Operations,2026-06-16,Manager → IT → Finance → Procurement,67.78,2,,5,Одобрена
11318,Простая,45523.39,Finance,2026-06-16,Manager → Procurement,8.77,0,,0,Одобрена
14526,IT,140815.47,HR,2026-06-17,Manager → IT → Finance → Procurement,28.69,1,,3,Одобрена
10761,IT,94471.93,IT,2026-06-17,Manager → Finance → IT → Procurement,22.53,0,,1,Одобрена
13811,IT,117391.08,Operations,2026-06-17,Manager → IT → Finance → Procurement,25.87,0,,0,Одобрена
13855,IT,68270.32,Sales,2026-06-17,Manager → IT → Finance → Procurement,38.4,0,Недостаточно бюджета,0,Отклонена
12766,Юридическая,306465.53,IT,2026-06-17,Manager → Legal → Finance → Procurement,65.06,0,,0,Одобрена
11363,IT,34995.54,Sales,2026-06-17,Manager → IT → Finance → Procurement,33.93,0,,1,Одобрена
12724,Простая,13497.31,Sales,2026-06-17,Manager → Procurement,1.0,0,Некорректные данные,0,Отклонена
12502,IT,73546.69,Finance,2026-06-18,Manager → IT → Finance → Procurement,1.46,0,,0,Одобрена
14885,Юридическая,299328.99,Marketing,2026-06-18,Manager → Finance → Legal → Procurement,78.42,0,,0,Одобрена
11898,Простая,19431.08,IT,2026-06-18,Manager → Procurement,13.96,0,,0,Одобрена
11141,Простая,27862.71,IT,2026-06-18,Manager → Procurement,9.57,0,,0,Одобрена
14642,Простая,42023.37,IT,2026-06-18,Manager → Procurement,7.5,0,,0,Одобрена
14199,Простая,8263.96,Marketing,2026-06-18,Manager → Procurement,9.47,0,,0,Одобрена
14706,Простая,37816.02,IT,2026-06-18,Manager → Procurement,8.41,0,Недостаточно бюджета,1,Отклонена
11663,IT,67698.34,IT,2026-06-18,Manager → IT → Finance → Procurement,62.16,1,,2,Одобрена
13761,Юридическая,176511.9,HR,2026-06-18,Manager → Finance → Legal → Procurement,87.43,3,,6,Одобрена
12710,IT,207566.52,Finance,2026-06-18,Manager → IT → Finance → Procurement,38.2,0,,0,Одобрена
13418,IT,102977.48,Operations,2026-06-18,Manager → IT → Finance → Procurement,23.08,0,,1,Одобрена
12737,Простая,8198.16,Finance,2026-06-18,Manager → Procurement,6.34,0,,0,Одобрена
11562,IT,110046.05,Sales,2026-06-19,Manager → IT → Finance → Procurement,15.92,0,,0,Одобрена
11472,Простая,24258.89,HR,2026-06-19,Manager → Procurement,10.31,0,Некорректные данные,1,Отклонена
11788,IT,116376.09,Finance,2026-06-19,Manager → IT → Finance → Procurement,47.5,0,,1,Одобрена
10657,Юридическая,1667464.97,Administration,2026-06-19,Manager → Finance → Legal → Procurement,115.36,0,Недостаточно бюджета,0,Отклонена
10853,Юридическая,342686.24,IT,2026-06-19,Manager → Finance → Legal → Procurement,37.88,0,,0,Одобрена
10335,Простая,44653.19,Sales,2026-06-19,Manager → Procurement,12.51,0,,1,Одобрена
12899,IT,147055.36,Administration,2026-06-19,Manager → IT → Finance → Procurement,21.04,0,Недостаточно бюджета,0,Отклонена
13435,Простая,14128.66,Operations,2026-06-19,Manager → Procurement,5.89,0,,0,Одобрена
10461,IT,64130.76,Finance,2026-06-19,Manager → IT → Finance → Procurement,23.83,0,,0,Одобрена
12492,Простая,21445.9,Administration,2026-06-19,Manager → Procurement,5.2,0,,0,Одобрена
12765,Простая,6203.98,HR,2026-06-19,Manager → Procurement,13.2,0,,1,Одобрена
12437,IT,86831.25,IT,2026-06-19,Manager → IT → Finance → Procurement,24.32,0,,1,Одобрена
11185,Простая,15362.38,IT,2026-06-20,Manager → Procurement,16.52,0,,0,Одобрена
10593,Простая,9675.1,HR,2026-06-20,Manager → Procurement,16.22,0,,1,Одобрена
11847,Простая,43501.39,Marketing,2026-06-20,Manager → Procurement,1.7,0,,1,Одобрена
11723,IT,172389.91,Sales,2026-06-20,Manager → IT → Finance → Procurement,38.62,1,,1,Одобрена
11031,IT,82651.11,Sales,2026-06-20,Manager → IT → Finance → Procurement,30.53,0,,0,Одобрена
13525,IT,161993.82,IT,2026-06-20,Manager → IT → Finance → Procurement,40.67,1,,1,Одобрена
13231,Простая,6060.54,Marketing,2026-06-20,Manager → Procurement,9.52,0,,1,В процессе
14638,IT,60237.75,Operations,2026-06-20,Manager → IT → Finance → Procurement,35.79,1,Недостаточно бюджета,2,Отклонена
10938,Простая,50000.0,Sales,2026-06-20,Manager → Procurement,14.29,0,,0,Одобрена
11512,Простая,17255.41,IT,2026-06-20,Manager → Procurement,13.17,0,,0,Одобрена
10693,Простая,24618.0,Sales,2026-06-20,Manager → Procurement,8.68,0,,0,Одобрена
14334,Простая,15309.05,HR,2026-06-20,Manager → Procurement,15.49,0,,1,Одобрена
13624,IT,66772.08,Finance,2026-06-20,Manager → IT → Finance → Procurement,23.66,0,,0,Одобрена
12565,IT,80439.77,Marketing,2026-06-20,Manager → IT → Finance → Procurement,24.77,0,,1,Одобрена
12525,Юридическая,1408698.46,IT,2026-06-20,Manager → Finance → Legal → Procurement,37.27,0,,0,Одобрена
10007,IT,77980.38,Operations,2026-06-21,Manager → IT → Finance → Procurement,29.81,0,,0,Одобрена
13711,Юридическая,658578.3,Finance,2026-06-21,Manager → Legal → Finance → Procurement,104.04,0,,0,Одобрена
11394,Простая,28261.46,IT,2026-06-21,Manager → Procurement,11.21,0,,0,Одобрена
12963,Простая,24448.75,Finance,2026-06-21,Manager → Procurement,8.27,0,,1,В процессе
11168,IT,179571.56,Sales,2026-06-21,Manager → IT → Finance → Procurement,33.12,1,,3,Одобрена
13956,IT,90268.99,Sales,2026-06-21,Manager → IT → Finance → Procurement,46.52,0,,1,Одобрена
10556,Простая,18605.94,Operations,2026-06-21,Manager → Procurement,11.11,0,,0,Одобрена
13654,Простая,20299.75,IT,2026-06-21,Manager → Procurement,14.45,0,,0,Одобрена
13006,IT,300000.0,Finance,2026-06-21,Manager → IT → Finance → Procurement,13.83,0,,0,Одобрена
14524,Юридическая,538078.31,Sales,2026-06-21,Manager → Finance → Legal → Procurement,58.43,0,,1,Одобрена
13524,Простая,8274.83,Sales,2026-06-22,Manager → Procurement,7.4,0,,0,Одобрена
14497,Простая,12651.9,IT,2026-06-22,Manager → Procurement,7.86,0,,0,Одобрена
11237,Простая,17151.48,Sales,2026-06-22,Manager → Procurement,6.5,0,,1,Одобрена
10534,IT,60754.56,Marketing,2026-06-22,Manager → IT → Finance → Procurement,51.59,2,,5,Одобрена
10834,IT,68891.79,Finance,2026-06-22,Manager → IT → Finance → Procurement,44.67,0,,0,Одобрена
14713,IT,86359.46,Operations,2026-06-22,Manager → IT → Finance → Procurement,12.25,0,,0,Одобрена
11084,IT,181078.93,IT,2026-06-22,Manager → IT → Finance → Procurement,27.29,0,,0,Одобрена
14073,Простая,11961.35,Finance,2026-06-22,Manager → Procurement,9.03,0,,1,Одобрена
14960,IT,86093.74,Marketing,2026-06-22,Manager → IT → Procurement → Finance,45.4,0,,1,Одобрена
12729,Простая,8419.48,HR,2026-06-22,Manager → Procurement,2.45,0,,0,Одобрена
10092,IT,300000.0,Operations,2026-06-22,Manager → IT → Finance → Procurement,28.5,0,,1,Одобрена
10683,Простая,10156.9,IT,2026-06-22,Manager → Procurement,16.7,0,,0,Одобрена
10388,Юридическая,216904.77,IT,2026-06-22,Manager → Finance → Legal → Procurement,23.45,0,,0,Одобрена
10669,Простая,43322.34,Finance,2026-06-22,Manager → Procurement,18.6,0,,1,Одобрена
10710,Простая,8750.46,HR,2026-06-22,Manager → Procurement,5.53,0,,0,Одобрена
10119,Простая,17665.23,IT,2026-06-22,Manager → Procurement,15.63,0,,0,Одобрена
11196,Простая,6377.1,Sales,2026-06-22,Manager → Procurement,2.35,0,,1,Одобрена
12995,IT,34963.23,IT,2026-06-22,Manager → IT → Finance → Procurement,25.0,0,,1,Одобрена
10357,IT,45260.65,HR,2026-06-23,Manager → IT → Finance → Procurement,38.14,0,,1,Одобрена
13867,IT,78127.04,IT,2026-06-23,Manager → IT → Finance → Procurement,37.36,0,Некорректные данные,1,Отклонена
14453,IT,49912.87,Operations,2026-06-23,Manager → IT → Finance → Procurement,14.06,0,Некорректные данные,1,Отклонена
11556,IT,134768.68,Sales,2026-06-23,Manager → Finance → IT → Procurement,51.45,0,,1,Одобрена
13349,IT,100524.31,IT,2026-06-23,Manager → IT → Finance → Procurement,39.51,0,Технические требования не соблюдены,0,Отклонена
13341,Простая,9974.21,IT,2026-06-23,Manager → Finance → Procurement,10.34,0,,0,Одобрена
13196,Простая,9002.86,Sales,2026-06-23,Manager → Procurement,1.0,0,,0,Одобрена
13346,IT,116570.12,Sales,2026-06-23,Manager → IT → Finance → Procurement,46.79,0,,0,Одобрена
12977,IT,207209.59,Operations,2026-06-23,Manager → IT → Finance → Procurement,57.53,0,,1,Одобрена
12681,IT,300000.0,Administration,2026-06-23,Manager → IT → Finance → Procurement,21.31,0,,0,Одобрена
12510,IT,135927.35,HR,2026-06-23,Manager → IT → Finance → Procurement,35.08,0,,0,В процессе
10902,Простая,26350.68,IT,2026-06-23,Manager → Procurement,9.2,0,,0,Одобрена
14961,Простая,8288.39,Sales,2026-06-23,Manager → Procurement,10.0,0,,0,Одобрена
13457,Юридическая,614237.85,Administration,2026-06-23,Manager → Finance → Legal → Procurement,71.6,0,,1,Одобрена
11886,Простая,4880.73,Administration,2026-06-23,Manager → Procurement,16.67,0,,0,Одобрена
10302,Простая,21146.16,HR,2026-06-23,Manager → Procurement,14.51,0,,0,Одобрена
10819,IT,79848.95,Sales,2026-06-24,Manager → IT → Finance → Procurement,1.0,0,,0,Одобрена
11320,Юридическая,271774.35,HR,2026-06-24,Manager → Finance → Legal → Procurement,27.16,0,,0,Одобрена
14895,IT,224034.1,Sales,2026-06-24,Manager → IT → Finance → Procurement,59.87,2,,5,Одобрена
12189,Простая,8011.02,IT,2026-06-24,Manager → Procurement,7.73,0,,0,Одобрена
11471,Юридическая,983647.49,Sales,2026-06-24,Manager → Finance → Legal → Procurement,14.33,0,,0,Одобрена
12081,Простая,17811.96,Operations,2026-06-24,Manager → Procurement,9.4,0,,1,Одобрена
14056,IT,89211.34,Administration,2026-06-24,Manager → IT → Finance → Procurement,47.08,0,,1,В процессе
11808,Простая,13971.97,Administration,2026-06-24,Manager → Procurement,1.22,0,Недостаточно бюджета,0,Отклонена
12278,Простая,21386.27,Finance,2026-06-24,Manager → Procurement,14.92,0,,0,Одобрена
12676,IT,177679.32,Sales,2026-06-24,Manager → IT → Finance → Procurement,88.47,3,,3,Одобрена
12873,Простая,26459.49,Marketing,2026-06-24,Manager → Procurement,14.97,0,,1,Одобрена
13669,Простая,46803.73,HR,2026-06-24,Manager → Procurement,7.24,0,,0,Одобрена
11048,IT,61263.82,IT,2026-06-25,Manager → IT → Finance → Procurement,36.2,1,,2,В процессе
14890,Юридическая,904646.51,Administration,2026-06-25,Manager → Finance → Legal → Procurement,25.7,0,,1,Одобрена
13692,IT,93412.97,Marketing,2026-06-25,Manager → IT → Finance → Procurement,47.59,0,,0,Одобрена
12448,Простая,12672.67,Sales,2026-06-25,Manager → Procurement,12.57,0,,0,Одобрена
14274,Юридическая,420813.56,HR,2026-06-25,Manager → Finance → Legal → Procurement,20.82,0,,0,Одобрена
11461,IT,213939.7,Marketing,2026-06-25,Manager → IT → Finance → Procurement,23.62,0,,1,Одобрена
11378,Юридическая,936966.35,Operations,2026-06-25,Manager → Finance → Legal → Procurement,39.79,0,,1,Одобрена
12715,Юридическая,1733911.6,Marketing,2026-06-25,Manager → Finance → Legal → Procurement,98.85,0,,0,Одобрена
13599,Юридическая,204469.62,Sales,2026-06-25,Manager → Finance → Legal → Procurement,52.24,0,Некорректные данные,0,Отклонена
12119,Простая,15448.31,Marketing,2026-06-25,Manager → Procurement,10.96,0,,0,Одобрена
14628,Простая,15831.59,Sales,2026-06-26,Manager → Procurement,12.42,0,,0,Одобрена
12365,IT,178593.07,IT,2026-06-26,Manager → IT → Finance → Procurement,33.61,0,,0,Одобрена
10954,Простая,17147.77,IT,2026-06-26,Manager → Finance → Procurement,21.04,0,,1,Одобрена
14417,IT,45126.24,Sales,2026-06-26,Manager → IT → Finance → Procurement,13.7,0,,0,В процессе
11560,Юридическая,367559.61,Marketing,2026-06-26,Manager → Finance → Legal → Procurement,48.78,0,,0,Одобрена
14846,Простая,18972.39,HR,2026-06-26,Manager → Procurement,1.0,0,,0,Одобрена
10266,Простая,13368.64,IT,2026-06-26,Manager → Procurement,11.63,0,,1,Одобрена
10037,Простая,11378.3,Operations,2026-06-26,Manager → Procurement,3.11,0,,0,Одобрена
14009,Простая,14301.76,Finance,2026-06-26,Manager → Procurement,6.46,0,,0,Одобрена
10124,Простая,21408.87,HR,2026-06-26,Manager → Procurement,9.33,0,,0,Одобрена
14381,IT,54753.12,Sales,2026-06-27,Manager → IT → Finance → Procurement,33.62,1,,1,В процессе
10852,Простая,23361.3,Operations,2026-06-27,Manager → Procurement,5.25,0,,0,Одобрена
14986,Простая,49876.57,Administration,2026-06-27,Manager → Procurement,3.2,0,,0,Одобрена
13630,Простая,12890.84,Operations,2026-06-27,Manager → Procurement,1.8,0,,1,Одобрена
12613,Простая,12248.8,Finance,2026-06-27,Manager → Procurement,28.73,2,,5,Одобрена
14265,IT,161470.94,IT,2026-06-27,Manager → IT → Finance → Procurement,30.89,0,,0,Одобрена
11354,Простая,14265.32,Sales,2026-06-27,Manager → Procurement,7.88,0,,0,Одобрена
13782,IT,192812.48,IT,2026-06-27,Manager → Finance → IT → Procurement,23.13,0,,0,Одобрена
13270,Простая,8009.37,Marketing,2026-06-27,Manager → Procurement,3.99,0,,1,Одобрена
11516,Простая,7699.82,Sales,2026-06-27,Manager → Procurement,6.88,0,,0,Одобрена
12518,Простая,37193.0,Finance,2026-06-27,Manager → Procurement,6.55,0,,0,Одобрена
10714,Юридическая,883945.65,Finance,2026-06-27,Manager → Finance → Legal → Procurement,52.83,1,,2,Одобрена
13014,IT,45709.22,Sales,2026-06-27,Manager → IT → Finance → Procurement,28.48,0,,0,Одобрена
13877,Простая,23376.96,Operations,2026-06-27,Manager → Procurement,5.89,0,,0,Одобрена
11242,Простая,9218.07,IT,2026-06-27,Manager → Finance → Procurement,10.73,0,,0,Одобрена
11029,IT,236121.36,Administration,2026-06-27,Manager → IT → Finance → Procurement,25.44,0,,1,В процессе
14119,Простая,15215.87,HR,2026-06-27,Manager → Procurement,4.01,0,,0,Одобрена
13549,Простая,34088.76,Finance,2026-06-27,Manager → Procurement,9.57,0,,1,Одобрена
10217,Простая,7533.68,Sales,2026-06-28,Manager → Procurement,2.31,0,,1,Одобрена
12733,IT,69723.67,Marketing,2026-06-28,Manager → IT → Finance → Procurement,27.48,0,,0,Одобрена
14672,Простая,18133.48,Administration,2026-06-28,Manager → Procurement,4.53,0,,0,Одобрена
10624,Простая,23509.39,HR,2026-06-28,Manager → Procurement,15.76,0,,0,Одобрена
12590,Простая,7456.41,Sales,2026-06-28,Manager → Procurement,9.79,0,,1,Одобрена
11897,IT,218892.18,Administration,2026-06-28,Manager → IT → Finance → Procurement,36.23,1,,1,Одобрена
10314,Простая,25127.84,HR,2026-06-28,Manager → Finance → Procurement,15.65,0,,0,Одобрена
14331,Простая,7971.08,HR,2026-06-28,Manager → Procurement,24.36,0,,1,В процессе
13922,Юридическая,285830.07,Finance,2026-06-28,Manager → Finance → Legal → Procurement,62.32,1,,1,Одобрена
13594,Простая,40849.27,Sales,2026-06-28,Manager → Procurement,8.14,0,,0,Одобрена
12865,Простая,39921.45,Finance,2026-06-28,Manager → Procurement,15.03,0,Некорректные данные,1,Отклонена
10408,IT,68201.66,IT,2026-06-28,Manager → IT → Finance → Procurement,4.17,0,Некорректные данные,0,Отклонена
12496,IT,42129.79,Finance,2026-06-29,Manager → IT → Finance → Procurement,104.69,3,,4,Одобрена
10101,Юридическая,1000491.59,HR,2026-06-29,Manager → Finance → Legal → Procurement,89.34,0,Недостаточно бюджета,0,Отклонена
14981,Юридическая,728370.35,Marketing,2026-06-29,Manager → Finance → Legal → Procurement,91.66,0,,0,Одобрена
14593,IT,103534.58,Administration,2026-06-29,Manager → IT → Finance → Procurement,39.12,0,,0,Одобрена
13015,Простая,8807.91,IT,2026-06-29,Manager → Procurement,2.94,0,,1,Одобрена
10704,Юридическая,258176.39,Operations,2026-06-29,Manager → Finance → Legal → Procurement,58.89,0,,0,Одобрена
11918,IT,134857.62,Finance,2026-06-29,Manager → IT → Finance → Procurement,66.64,1,,3,Одобрена
12397,Простая,17595.62,Sales,2026-06-29,Manager → Procurement,16.69,0,,0,Одобрена
11720,IT,52133.27,Sales,2026-06-29,Manager → IT → Finance → Procurement,35.15,1,,2,Одобрена
10423,Простая,8425.9,Operations,2026-06-29,Manager → Procurement,2.77,0,,0,Одобрена
12251,IT,65803.82,Sales,2026-06-29,Manager → IT → Finance → Procurement,42.29,0,,1,Одобрена
14407,Юридическая,487796.1,Sales,2026-06-29,Manager → Finance → Legal → Procurement,53.57,0,,1,В процессе
12922,Простая,29980.5,Sales,2026-06-29,Manager → Procurement,19.65,0,,0,Одобрена
10953,Простая,13008.41,Sales,2026-06-29,Manager → Procurement,22.68,1,,2,Одобрена
14789,Простая,12778.29,Marketing,2026-06-29,Manager → Procurement,7.98,0,,0,Одобрена
10265,Юридическая,499502.35,Sales,2026-06-29,Manager → Finance → Legal → Procurement,104.89,0,,0,Одобрена
13601,Простая,12210.63,Sales,2026-06-29,Manager → Procurement,12.89,0,,1,В процессе
14375,IT,68556.05,HR,2026-06-29,Manager → IT → Finance → Procurement,41.91,0,,1,Одобрена
12058,Простая,5811.79,IT,2026-06-30,Manager → Procurement,21.97,0,,1,Одобрена
10868,IT,85120.82,Finance,2026-06-30,Manager → IT → Finance → Procurement,23.35,1,,2,Одобрена
13246,IT,162097.23,IT,2026-06-30,Manager → IT → Finance → Procurement,49.43,0,,1,Одобрена
12655,Простая,10431.22,Marketing,2026-06-30,Manager → Procurement,9.41,0,,0,Одобрена
10815,Простая,13969.68,Sales,2026-06-30,Manager → Procurement,8.4,0,,0,Одобрена
12891,Простая,21509.14,Sales,2026-06-30,Manager → Procurement,10.29,0,,1,Одобрена
14190,Простая,9362.46,Finance,2026-06-30,Manager → Procurement,2.78,0,,1,Одобрена
13929,Простая,20945.41,Sales,2026-06-30,Manager → Procurement,7.66,0,,0,Одобрена
13162,Юридическая,700982.66,HR,2026-06-30,Manager → Finance → Legal → Procurement,77.83,3,,6,Одобрена
10763,Простая,14644.85,Finance,2026-06-30,Manager → Procurement,10.65,0,,0,Одобрена
14161,IT,72292.5,Marketing,2026-06-30,Manager → IT → Finance → Procurement,20.01,0,,1,Одобрена
10180,IT,67838.96,Sales,2026-07-01,Manager → IT → Finance → Procurement,26.94,0,,1,Одобрена
11294,Простая,16683.46,Administration,2026-07-01,Manager → Procurement,3.97,0,,1,Одобрена
11250,Юридическая,185850.84,Sales,2026-07-01,Manager → Finance → Legal → Procurement,53.84,0,,1,Одобрена
11494,IT,58247.02,IT,2026-07-01,Manager → IT → Finance → Procurement,15.76,0,,0,Одобрена
14435,IT,145491.78,Operations,2026-07-01,Manager → IT → Finance → Procurement,38.03,2,,6,Одобрена
10738,Простая,18588.51,Finance,2026-07-01,Manager → Procurement,15.32,0,,1,В процессе
14430,Простая,10595.85,Operations,2026-07-01,Manager → Procurement,9.84,0,,0,Одобрена
11426,Простая,50000.0,IT,2026-07-01,Manager → Procurement,23.06,1,,3,Одобрена
12763,Простая,9986.01,Marketing,2026-07-01,Manager → Procurement,4.5,0,Не согласовано руководителем,0,Отклонена
11213,IT,198153.26,Sales,2026-07-01,Manager → IT → Finance → Procurement,18.78,0,,0,Одобрена
11756,IT,84499.32,IT,2026-07-01,Manager → IT → Finance → Procurement,22.75,1,,3,Одобрена
14624,Юридическая,625843.08,Finance,2026-07-01,Manager → Finance → Legal → Procurement,71.13,0,,0,Одобрена
13033,Простая,12780.16,HR,2026-07-01,Manager → Procurement,11.14,0,,0,Одобрена
12232,IT,182717.99,Marketing,2026-07-01,Manager → IT → Finance → Procurement,56.98,0,,0,В процессе
14462,Простая,11875.92,IT,2026-07-02,Manager → Procurement,3.73,0,Не согласовано руководителем,0,Отклонена
11393,Простая,21441.81,Marketing,2026-07-02,Manager → Procurement,1.34,0,,0,Одобрена
12602,IT,70234.65,Administration,2026-07-02,Manager → IT → Finance → Procurement,3.82,0,Некорректные данные,0,Отклонена
12486,Простая,8942.43,Operations,2026-07-02,Manager → Procurement,1.11,0,Некорректные данные,0,Отклонена
13074,IT,84691.68,Sales,2026-07-02,Manager → IT → Finance → Procurement,17.11,0,,0,Одобрена
14543,Юридическая,371539.89,Sales,2026-07-02,Manager → Finance → Legal → Procurement,73.02,0,,1,Одобрена
11362,Простая,10736.6,HR,2026-07-02,Manager → Procurement,17.8,0,Недостаточно бюджета,0,Отклонена
11359,IT,108472.75,Sales,2026-07-02,Manager → IT → Finance → Procurement,42.51,0,,0,Одобрена
10084,Простая,14876.72,IT,2026-07-02,Manager → Procurement,6.63,0,,0,Одобрена
14182,Простая,21881.05,IT,2026-07-02,Manager → Procurement,3.75,0,Некорректные данные,0,Отклонена
10578,IT,95871.72,Finance,2026-07-02,Manager → IT → Finance → Procurement,26.13,0,,1,Одобрена
13985,Простая,10656.04,HR,2026-07-02,Manager → Procurement,5.34,0,,1,Одобрена
14029,Простая,30209.68,IT,2026-07-02,Manager → Finance → Procurement,20.25,0,,1,Одобрена
13461,Простая,14650.45,Administration,2026-07-02,Manager → Procurement,8.71,0,,0,Одобрена
14704,Простая,15132.41,Marketing,2026-07-03,Manager → Procurement,11.86,0,,1,Одобрена
14771,IT,300000.0,Sales,2026-07-03,Manager → IT → Finance → Procurement,23.31,0,Некорректные данные,0,Отклонена
10342,Юридическая,239815.49,IT,2026-07-03,Manager → Finance → Legal → Procurement,29.31,0,,0,Одобрена
14872,Простая,30593.01,Operations,2026-07-03,Manager → Procurement,1.0,0,,0,Одобрена
11747,IT,87628.06,HR,2026-07-03,Manager → IT → Finance → Procurement,19.87,0,,1,Одобрена
12376,Простая,8553.95,IT,2026-07-03,Manager → Procurement,9.98,0,,0,Одобрена
14657,Юридическая,830313.77,Sales,2026-07-03,Manager → Finance → Legal → Procurement,47.82,0,,1,Одобрена
12566,Простая,30662.99,Operations,2026-07-03,Manager → Procurement,5.99,0,Не согласовано руководителем,1,Отклонена
13975,Простая,13550.62,Marketing,2026-07-03,Manager → Procurement,6.61,0,,0,Одобрена
12175,Простая,3903.54,Sales,2026-07-03,Manager → Procurement,4.53,0,,1,Одобрена
13408,Простая,9593.11,Finance,2026-07-03,Manager → Procurement,11.06,0,,0,Одобрена
14739,Простая,12876.87,HR,2026-07-03,Manager → Procurement,1.0,0,,0,Одобрена
13243,Юридическая,366652.39,Administration,2026-07-03,Manager → Finance → Legal → Procurement,66.39,0,,0,Одобрена
10931,Простая,6593.98,Administration,2026-07-03,Manager → Procurement,25.68,1,,1,Одобрена
13283,Простая,18469.21,Sales,2026-07-03,Manager → Procurement,7.58,0,,0,Одобрена
14905,IT,88080.64,HR,2026-07-03,Manager → IT → Finance → Procurement,47.4,2,,4,Одобрена
13315,Простая,14952.63,Marketing,2026-07-04,Manager → Procurement,12.35,0,,1,Одобрена
14074,Простая,7722.83,Finance,2026-07-04,Manager → Procurement,5.42,0,,1,Одобрена
13351,Простая,7689.5,Administration,2026-07-04,Manager → Procurement,8.32,0,,1,Одобрена
14451,IT,114733.19,Administration,2026-07-04,Manager → IT → Finance → Procurement,48.7,0,,1,Одобрена
11868,Простая,5985.99,IT,2026-07-04,Manager → Procurement,5.55,0,,0,Одобрена
14102,IT,57072.66,Sales,2026-07-04,Manager → IT → Finance → Procurement,34.42,0,,0,Одобрена
13899,Простая,50000.0,Marketing,2026-07-04,Manager → Procurement,1.0,0,,0,Одобрена
13544,Простая,40453.79,Administration,2026-07-04,Manager → Procurement,5.15,0,,0,Одобрена
10806,Простая,11357.78,Finance,2026-07-04,Manager → Procurement,9.28,0,Некорректные данные,0,Отклонена
10822,IT,79567.41,Operations,2026-07-04,Manager → IT → Finance → Procurement,59.2,1,,3,Одобрена
12647,IT,87571.19,IT,2026-07-04,Manager → IT → Finance → Procurement,18.42,0,,0,Одобрена
11700,IT,105995.14,HR,2026-07-04,Manager → IT → Finance → Procurement,41.94,1,,2,В процессе
13751,Простая,14444.34,Finance,2026-07-05,Manager → Procurement,11.94,0,,0,Одобрена
14534,Простая,14606.78,Sales,2026-07-05,Manager → Procurement,9.12,0,,0,Одобрена
12836,IT,182562.49,Marketing,2026-07-05,Manager → IT → Finance → Procurement,43.55,0,,1,Одобрена
11434,Простая,10912.17,Administration,2026-07-05,Manager → Procurement,19.92,1,,1,Одобрена
10614,Юридическая,142060.46,Finance,2026-07-05,Manager → Finance → Legal → Procurement,59.33,0,,1,Одобрена
10327,IT,73929.18,HR,2026-07-05,Manager → IT → Procurement → Finance,42.81,0,,1,Одобрена
12352,Юридическая,157043.67,IT,2026-07-05,Manager → Finance → Legal → Procurement,45.78,0,,1,Одобрена
11060,IT,105976.34,Operations,2026-07-05,Manager → IT → Finance → Procurement,23.93,1,,1,Одобрена
12414,IT,148120.15,HR,2026-07-05,Manager → IT → Finance → Procurement,42.32,1,,2,Одобрена
10636,Простая,13376.01,Finance,2026-07-05,Manager → Procurement,1.34,0,,0,Одобрена
14641,Простая,5659.47,Finance,2026-07-05,Manager → Procurement,13.29,0,,1,Одобрена
14159,Простая,18781.4,Marketing,2026-07-05,Manager → Procurement,15.45,0,,0,Одобрена
10407,Простая,43069.94,Sales,2026-07-05,Manager → Procurement,9.34,0,,0,Одобрена
10024,Юридическая,199411.53,HR,2026-07-05,Manager → Finance → Legal → Procurement,97.34,0,,0,Одобрена
11166,Юридическая,100000.0,Finance,2026-07-05,Manager → Finance → Legal → Procurement,123.04,1,,3,Одобрена
12678,IT,113878.36,Administration,2026-07-05,Manager → IT → Finance → Procurement,34.2,0,,1,Одобрена
14120,Простая,27791.31,Operations,2026-07-05,Manager → Procurement,19.11,0,,1,Одобрена
13358,Простая,7486.27,IT,2026-07-05,Manager → Procurement,17.87,0,,0,Одобрена
13801,Простая,5395.28,IT,2026-07-06,Manager → Procurement,9.53,0,,1,Одобрена
11301,Простая,10274.38,Marketing,2026-07-06,Manager → Procurement,7.64,0,,0,В процессе
11229,Юридическая,525348.27,Sales,2026-07-06,Manager → Finance → Legal → Procurement,41.47,0,,1,Одобрена
11295,Простая,13712.09,IT,2026-07-06,Manager → Procurement,6.6,0,,0,Одобрена
12646,Юридическая,475755.45,Marketing,2026-07-06,Manager → Finance → Legal → Procurement,52.17,0,,0,Одобрена
13750,Простая,11458.24,Sales,2026-07-06,Manager → Procurement,14.16,0,,0,Одобрена
14145,Простая,9750.37,IT,2026-07-06,Manager → Procurement,6.47,0,,1,Одобрена
14456,Простая,20071.54,IT,2026-07-06,Manager → Procurement,12.5,0,,0,Одобрена
13272,IT,224329.69,IT,2026-07-06,Manager → IT → Finance → Procurement,36.71,0,,0,Одобрена
11487,Юридическая,392846.21,Marketing,2026-07-06,Manager → Finance → Legal → Procurement,55.87,1,,1,Одобрена
12677,Простая,10085.1,Marketing,2026-07-06,Manager → Procurement,24.1,1,,3,Одобрена
12177,Простая,31621.04,IT,2026-07-06,Manager → Procurement,1.8,0,,1,Одобрена
11571,Простая,17678.94,Finance,2026-07-06,Manager → Procurement,10.98,0,,0,Одобрена
11384,Юридическая,1774245.82,Operations,2026-07-06,Manager → Finance → Legal → Procurement,64.95,0,,0,Одобрена
10414,Юридическая,112562.12,IT,2026-07-06,Manager → Finance → Legal → Procurement,52.64,0,,0,Одобрена
14060,IT,78231.81,Operations,2026-07-06,Manager → IT → Finance → Procurement,26.61,0,,0,Одобрена
12818,IT,55030.2,Finance,2026-07-07,Manager → IT → Finance → Procurement,47.01,0,,0,Одобрена
14486,Простая,50000.0,Marketing,2026-07-07,Manager → Procurement,7.31,0,,0,Одобрена
12299,Простая,15179.56,Administration,2026-07-07,Manager → Procurement,12.08,0,,0,Одобрена
10171,Простая,13132.17,Finance,2026-07-07,Manager → Procurement,4.33,0,,0,Одобрена
11511,Простая,10614.48,Operations,2026-07-07,Manager → Procurement,11.14,0,,0,Одобрена
13264,Простая,7741.84,Administration,2026-07-07,Manager → Procurement,7.39,0,,0,Одобрена
12293,IT,115876.59,Operations,2026-07-07,Manager → IT → Finance → Procurement,47.18,0,,1,Одобрена
11144,IT,38929.07,HR,2026-07-07,Manager → IT → Finance → Procurement,35.41,0,,0,Одобрена
11143,IT,53201.14,IT,2026-07-07,Manager → IT → Finance → Procurement,31.69,0,,0,Одобрена
13696,Простая,10868.83,Sales,2026-07-07,Manager → Procurement,3.1,0,,1,Одобрена
11535,Простая,49990.03,Sales,2026-07-07,Manager → Procurement,4.4,0,,0,Одобрена
11934,IT,91688.44,Finance,2026-07-07,Manager → IT → Finance → Procurement,33.88,0,,0,Одобрена
12870,Простая,10252.94,Finance,2026-07-07,Manager → Procurement,18.37,0,,0,В процессе
11011,IT,43681.71,Operations,2026-07-08,Manager → IT → Finance → Procurement,39.15,1,,3,Одобрена
12692,Простая,7098.67,Sales,2026-07-08,Manager → Procurement,10.3,0,,0,Одобрена
14779,Простая,5141.01,Finance,2026-07-08,Manager → Procurement,1.96,0,,1,Одобрена
14676,Простая,13401.5,IT,2026-07-08,Manager → Procurement,21.48,1,,3,Одобрена
10537,IT,93585.97,Marketing,2026-07-08,Manager → IT → Finance → Procurement,13.08,0,Недостаточно бюджета,0,Отклонена
14444,Юридическая,482712.99,Marketing,2026-07-08,Manager → Finance → Legal → Procurement,46.4,0,,0,Одобрена
11492,IT,46849.55,Finance,2026-07-08,Manager → IT → Finance → Procurement,31.98,0,,0,В процессе
12034,Простая,11873.31,IT,2026-07-08,Manager → Finance → Procurement,33.94,0,,1,Одобрена
11709,Юридическая,729988.63,HR,2026-07-08,Manager → Finance → Legal → Procurement,45.07,0,,0,В процессе
13962,Простая,26774.41,Sales,2026-07-08,Manager → Procurement,4.74,0,,0,Одобрена
12275,Юридическая,745265.11,Finance,2026-07-08,Manager → Finance → Legal → Procurement,38.59,0,,0,Одобрена
14037,Простая,11940.35,Administration,2026-07-08,Manager → Procurement,1.0,0,,0,Одобрена
10162,Юридическая,199332.34,Administration,2026-07-08,Manager → Finance → Legal → Procurement,88.26,1,,1,Одобрена
11933,IT,30000.0,HR,2026-07-08,Manager → IT → Finance → Procurement,33.09,0,,1,Одобрена
14262,Юридическая,142118.72,IT,2026-07-08,Manager → Finance → Legal → Procurement,47.06,0,,0,Одобрена
10477,Простая,24201.78,Marketing,2026-07-08,Manager → Procurement,11.94,1,,2,Одобрена
14410,Простая,20255.3,HR,2026-07-09,Manager → Procurement,5.81,0,,1,Одобрена
12224,Простая,9017.5,IT,2026-07-09,Manager → Procurement,11.87,0,,1,Одобрена
14002,Простая,5833.04,Marketing,2026-07-09,Manager → Procurement,10.07,0,,0,Одобрена
13938,IT,123427.64,IT,2026-07-09,Manager → IT → Finance → Procurement,35.35,0,Недостаточно бюджета,0,Отклонена
13049,Юридическая,226833.26,Sales,2026-07-09,Manager → Finance → Legal → Procurement,69.87,0,,0,В процессе
12714,Простая,32421.49,Marketing,2026-07-09,Manager → Procurement,4.84,0,,0,Одобрена
10828,Простая,8814.36,Marketing,2026-07-09,Manager → Procurement,4.74,0,,0,Одобрена
11907,Простая,10490.87,Finance,2026-07-09,Manager → Procurement,8.05,0,,1,Одобрена
12972,IT,192619.18,IT,2026-07-09,Manager → IT → Finance → Procurement,29.17,0,,0,Одобрена
10290,Простая,14763.63,HR,2026-07-09,Manager → Procurement,7.47,0,,1,Одобрена
13616,IT,110255.96,HR,2026-07-09,Manager → IT → Finance → Procurement,3.61,0,,0,Одобрена
14342,Простая,19455.52,IT,2026-07-09,Manager → Procurement,11.85,0,,1,Одобрена
12074,Юридическая,159389.84,Sales,2026-07-09,Manager → Finance → Legal → Procurement,76.25,0,,1,Одобрена
11365,Простая,11072.71,Operations,2026-07-09,Manager → Procurement,6.19,0,,0,Одобрена
14784,IT,106943.22,Marketing,2026-07-09,Manager → IT → Finance → Procurement,35.06,0,,0,Одобрена
11462,IT,134345.44,Finance,2026-07-09,Manager → IT → Finance → Procurement,33.37,0,,0,Одобрена
11078,Простая,28118.94,Sales,2026-07-09,Manager → Procurement,9.32,0,,1,Одобрена
14272,Простая,16832.86,Operations,2026-07-09,Manager → Finance → Procurement,21.9,0,,1,Одобрена
13414,Простая,7977.4,Marketing,2026-07-09,Manager → Finance → Procurement,23.76,0,,1,Одобрена
13531,Простая,10406.73,HR,2026-07-09,Manager → Procurement,11.67,0,,0,Одобрена
14317,Юридическая,291861.31,Operations,2026-07-09,Manager → Finance → Legal → Procurement,63.44,0,,0,Одобрена
13073,IT,83467.51,Marketing,2026-07-09,Manager → IT → Finance → Procurement,43.01,1,,2,Одобрена
13004,IT,98114.67,IT,2026-07-09,Manager → IT → Finance → Procurement,30.89,0,,0,Одобрена
12156,Юридическая,138668.92,Finance,2026-07-09,Manager → Finance → Legal → Procurement,57.1,0,,0,Одобрена
13002,IT,88796.18,Operations,2026-07-09,Manager → IT → Finance → Procurement,26.65,0,,0,Одобрена
11124,Простая,42059.0,Marketing,2026-07-09,Manager → Finance → Procurement,8.4,0,,1,Одобрена
10435,Простая,9922.29,Finance,2026-07-09,Manager → Procurement,9.91,0,,0,Одобрена
11774,Юридическая,138066.02,Administration,2026-07-10,Manager → Finance → Legal → Procurement,58.63,1,,2,Одобрена
13224,IT,119593.46,Administration,2026-07-10,Manager → IT → Finance → Procurement,47.15,0,,0,Одобрена
11586,Юридическая,1301147.87,Marketing,2026-07-10,Manager → Finance → Legal → Procurement,80.85,0,Недостаточно бюджета,1,Отклонена
10078,IT,30000.0,IT,2026-07-10,Manager → IT → Finance → Procurement,62.77,0,,1,Одобрена
12369,Простая,13500.86,Administration,2026-07-10,Manager → Procurement,14.88,0,,1,Одобрена
13391,Простая,25085.54,Finance,2026-07-10,Manager → Procurement,13.98,0,,0,Одобрена
12497,IT,145643.2,Marketing,2026-07-10,Manager → IT → Finance → Procurement,61.12,2,,6,Одобрена
10758,Юридическая,602725.6,Sales,2026-07-10,Manager → Finance → Procurement → Legal,59.9,0,,0,В процессе
12591,IT,126137.88,Sales,2026-07-10,Manager → IT → Finance → Procurement,35.12,1,,1,Одобрена
12555,Простая,18748.7,Finance,2026-07-10,Manager → Procurement,1.0,0,,0,Одобрена
10243,Простая,13337.3,Marketing,2026-07-10,Manager → Procurement,4.64,0,,0,В процессе
14494,Простая,31442.34,HR,2026-07-10,Manager → Procurement,1.0,0,,0,Одобрена
10355,Простая,6897.77,Administration,2026-07-10,Manager → Procurement,8.35,0,,1,В процессе
12053,Простая,12157.48,Sales,2026-07-10,Manager → Procurement,11.15,0,,0,В процессе
13691,Простая,17471.62,Sales,2026-07-10,Manager → Procurement,6.96,0,,0,Одобрена
11081,Простая,3856.48,IT,2026-07-10,Manager → Procurement,5.64,0,,0,Одобрена
10651,Простая,9152.11,Operations,2026-07-10,Manager → Procurement,16.49,0,,1,Одобрена
13059,Простая,37535.16,Finance,2026-07-11,Manager → Procurement,7.79,0,,0,Одобрена
11307,IT,128625.8,Finance,2026-07-11,Manager → IT → Finance → Procurement,20.65,0,,0,Одобрена
14308,Простая,10631.99,Administration,2026-07-11,Manager → Procurement,4.5,0,,1,Одобрена
12441,Юридическая,587805.24,Operations,2026-07-11,Manager → Finance → Legal → Procurement,101.65,0,,0,Одобрена
13061,IT,52498.44,HR,2026-07-11,Manager → IT → Finance → Procurement,10.28,1,,1,В процессе
12438,IT,78911.44,Sales,2026-07-11,Manager → IT → Finance → Procurement,48.35,1,,3,Одобрена
12791,IT,166643.38,Finance,2026-07-11,Manager → IT → Finance → Procurement,45.1,3,,3,Одобрена
10644,Простая,20863.72,Sales,2026-07-11,Manager → Procurement,16.19,1,,1,Одобрена
14013,Юридическая,551690.07,Operations,2026-07-11,Manager → Finance → Legal → Procurement,67.49,0,,1,Одобрена
14501,Простая,17840.84,Finance,2026-07-11,Manager → Procurement,3.01,0,,0,Одобрена
13149,Юридическая,100000.0,Operations,2026-07-11,Manager → Finance → Legal → Procurement,91.65,0,,0,В процессе
13898,Простая,13906.55,Marketing,2026-07-11,Manager → Procurement,12.85,0,,0,Одобрена
13674,Простая,11296.35,IT,2026-07-11,Manager → Procurement,11.46,0,,1,Одобрена
10142,Простая,12567.67,HR,2026-07-11,Manager → Procurement,3.9,0,Некорректные данные,0,Отклонена
12500,Простая,12136.95,IT,2026-07-12,Manager → Procurement,4.07,0,,0,Одобрена
13304,Юридическая,978085.83,Sales,2026-07-12,Manager → Finance → Legal → Procurement,54.26,1,,3,Одобрена
10149,Простая,20753.48,Operations,2026-07-12,Manager → Procurement,13.7,0,,0,Одобрена
14498,Простая,20701.01,IT,2026-07-12,Manager → Procurement,3.47,0,,0,Одобрена
10781,Простая,18551.33,Administration,2026-07-12,Manager → Procurement,3.95,0,Некорректные данные,0,Отклонена
11611,Простая,35923.34,Finance,2026-07-12,Manager → Finance → Procurement,19.85,0,,0,Одобрена
14910,Простая,9489.32,Operations,2026-07-12,Manager → Procurement,1.71,0,,0,Одобрена
10871,IT,300000.0,HR,2026-07-12,Manager → IT → Finance → Procurement,64.17,2,,3,Одобрена
12197,Простая,20430.12,IT,2026-07-12,Manager → Procurement,15.43,0,,0,Одобрена
10462,Простая,50000.0,IT,2026-07-12,Manager → Procurement,8.09,0,,1,Одобрена
14814,Юридическая,823143.03,IT,2026-07-12,Manager → Finance → Legal → Procurement,32.29,0,,1,Одобрена
10579,Юридическая,450680.05,Operations,2026-07-12,Manager → Finance → Legal → Procurement,66.17,0,,0,Одобрена
11842,IT,75234.29,Administration,2026-07-12,Manager → IT → Finance → Procurement,39.08,0,,0,Одобрена
10877,Простая,8943.88,HR,2026-07-12,Manager → Procurement,12.19,0,,1,Одобрена
11656,Простая,7112.75,Sales,2026-07-12,Manager → Procurement,3.0,0,,1,Одобрена
14897,Простая,14133.67,Finance,2026-07-12,Manager → Procurement,9.12,0,,0,Одобрена
10914,Юридическая,319207.33,Marketing,2026-07-12,Manager → Finance → Legal → Procurement,36.96,0,,0,Одобрена
11958,Простая,12053.43,HR,2026-07-13,Manager → Procurement,5.18,0,,1,Одобрена
13564,Простая,9177.17,Marketing,2026-07-13,Manager → Procurement,3.06,0,,1,Одобрена
13396,Юридическая,237609.94,Sales,2026-07-13,Manager → Legal → Finance → Procurement,26.19,0,,0,Одобрена
10729,Простая,26494.96,Administration,2026-07-13,Manager → Procurement,8.11,0,,0,В процессе
11247,IT,74028.01,Administration,2026-07-13,Manager → IT → Finance → Procurement,31.95,0,,0,Одобрена
13439,Простая,12815.84,Administration,2026-07-13,Manager → Procurement,11.78,0,,0,Одобрена
12317,Простая,31780.48,Operations,2026-07-13,Manager → Procurement,8.14,0,Некорректные данные,0,Отклонена
10039,Простая,9989.91,Operations,2026-07-13,Manager → Procurement,10.6,0,,1,Одобрена
14724,IT,119588.47,Sales,2026-07-13,Manager → IT → Finance → Procurement,14.43,0,,0,Одобрена
10673,Юридическая,192007.49,Sales,2026-07-13,Manager → Finance → Legal → Procurement,62.4,0,,0,Одобрена
12675,IT,36443.58,Sales,2026-07-13,Manager → IT → Finance → Procurement,36.04,0,,1,Одобрена
10901,Простая,8526.2,Operations,2026-07-13,Manager → Procurement,9.71,0,,0,Одобрена
12068,Юридическая,492968.05,Administration,2026-07-13,Manager → Finance → Procurement → Legal,88.56,1,,1,Одобрена
14495,Простая,7708.87,IT,2026-07-13,Manager → Procurement,1.84,0,,0,Одобрена
11372,Юридическая,1117121.34,IT,2026-07-13,Manager → Finance → Legal → Procurement,68.95,0,,0,Одобрена
14558,IT,141513.67,HR,2026-07-13,Manager → IT → Finance → Procurement,25.86,0,,0,Одобрена
11987,Простая,15578.93,HR,2026-07-14,Manager → Procurement,6.92,0,,1,Одобрена
11887,Простая,4829.83,Sales,2026-07-14,Manager → Procurement,2.21,0,Некорректные данные,0,Отклонена
12998,Простая,15003.33,Sales,2026-07-14,Manager → Procurement,6.33,0,,0,Одобрена
11721,Простая,20681.09,Sales,2026-07-14,Manager → Procurement,1.0,0,,0,Одобрена
12768,IT,65034.86,Sales,2026-07-14,Manager → IT → Finance → Procurement,11.06,0,,0,Одобрена
13720,Простая,5909.38,IT,2026-07-14,Manager → Procurement,15.25,1,,3,Одобрена
11100,Простая,25493.47,IT,2026-07-14,Manager → Procurement,8.25,0,,1,Одобрена
14076,Простая,9574.48,IT,2026-07-14,Manager → Procurement,8.41,0,,0,Одобрена
14636,Простая,42096.8,IT,2026-07-14,Manager → Procurement,3.02,0,,0,Одобрена
10723,Простая,14718.25,IT,2026-07-14,Manager → Procurement,12.98,0,,1,Одобрена
10071,Простая,12990.96,Marketing,2026-07-15,Manager → Procurement,15.23,0,,0,Одобрена
10061,IT,88209.6,IT,2026-07-15,Manager → IT → Finance → Procurement,33.93,0,,0,Одобрена
10080,IT,276330.34,Finance,2026-07-15,Manager → IT → Finance → Procurement,13.43,0,,0,Одобрена
14691,Простая,31317.83,Sales,2026-07-15,Manager → Procurement,7.44,0,,0,Одобрена
13688,Юридическая,224762.79,Marketing,2026-07-15,Manager → Finance → Legal → Procurement,34.61,0,Недостаточно бюджета,1,Отклонена
14601,IT,90269.4,Sales,2026-07-15,Manager → Finance → IT → Procurement,27.72,0,,0,Одобрена
14051,Юридическая,394017.99,IT,2026-07-15,Manager → Legal → Finance → Procurement,133.5,0,,0,В процессе
14398,IT,183697.07,Operations,2026-07-15,Manager → IT → Finance → Procurement,40.86,0,,1,Одобрена
12377,Юридическая,274773.06,IT,2026-07-15,Manager → Finance → Legal → Procurement,42.83,0,,0,Одобрена
11019,Простая,6533.78,Finance,2026-07-15,Manager → Procurement,1.0,0,,0,Одобрена
11469,IT,105666.15,Administration,2026-07-15,Manager → IT → Finance → Procurement,55.22,0,,0,Одобрена
11333,IT,40665.83,Sales,2026-07-15,Manager → IT → Finance → Procurement,11.8,0,,0,Одобрена
11930,Простая,9813.55,Administration,2026-07-15,Manager → Procurement,12.67,0,,1,Одобрена
10627,IT,74404.89,Finance,2026-07-15,Manager → IT → Finance → Procurement,7.31,0,,0,В процессе
14243,Простая,4833.43,IT,2026-07-16,Manager → Procurement,1.4,0,,0,Одобрена
10379,Простая,24715.85,Marketing,2026-07-16,Manager → Finance → Procurement,15.65,0,,0,Одобрена
14813,IT,217589.95,HR,2026-07-16,Manager → IT → Finance → Procurement,92.35,2,,4,Одобрена
14098,IT,202321.75,Sales,2026-07-16,Manager → IT → Finance → Procurement,38.8,1,,1,Одобрена
10328,IT,110481.6,Administration,2026-07-16,Manager → IT → Finance → Procurement,60.87,1,,2,Одобрена
14943,IT,141152.8,Operations,2026-07-16,Manager → IT → Finance → Procurement,30.3,0,,0,Одобрена
13621,IT,94689.19,Administration,2026-07-16,Manager → IT → Finance → Procurement,41.53,1,,3,Одобрена
11803,Простая,7984.59,Sales,2026-07-16,Manager → Procurement,10.71,0,,0,Одобрена
14738,Простая,20122.84,IT,2026-07-17,Manager → Procurement,8.11,0,,1,Одобрена
13857,IT,132703.51,Operations,2026-07-17,Manager → IT → Finance → Procurement,14.39,0,,0,Одобрена
12845,Простая,11268.85,IT,2026-07-17,Manager → Procurement,3.42,0,,0,Одобрена
10724,Юридическая,163100.85,Operations,2026-07-17,Manager → Finance → Legal → Procurement,94.42,0,,0,Одобрена
13882,Юридическая,100000.0,Administration,2026-07-17,Manager → Finance → Procurement → Legal,35.36,0,,0,Одобрена
14300,IT,85309.19,IT,2026-07-17,Manager → IT → Finance → Procurement,12.2,0,,1,Одобрена
12872,Простая,3601.13,IT,2026-07-17,Manager → Procurement,11.21,0,,0,Одобрена
10187,Простая,5649.7,IT,2026-07-17,Manager → Procurement,11.38,0,,0,Одобрена
10883,Юридическая,876185.86,Operations,2026-07-18,Manager → Finance → Legal → Procurement,56.84,0,,0,Одобрена
14759,Простая,21465.81,IT,2026-07-18,Manager → Procurement,14.47,0,,1,Одобрена
11998,Простая,6280.58,Sales,2026-07-18,Manager → Procurement,10.16,0,,0,Одобрена
14795,Простая,13160.66,IT,2026-07-18,Manager → Procurement,14.58,0,,1,Одобрена
12900,Простая,32965.06,Marketing,2026-07-18,Manager → Procurement,16.15,0,,1,Одобрена
14878,IT,192009.43,Operations,2026-07-18,Manager → IT → Finance → Procurement,33.12,0,,0,Одобрена
13124,Простая,6085.59,IT,2026-07-18,Manager → Procurement,4.94,0,,0,Одобрена
10890,IT,97820.05,IT,2026-07-18,Manager → IT → Finance → Procurement,33.65,0,,0,Одобрена
10711,Юридическая,244406.33,Operations,2026-07-18,Manager → Finance → Legal → Procurement,30.14,0,,0,Одобрена
12526,Простая,8931.65,Marketing,2026-07-18,Manager → Procurement,2.18,0,,1,Одобрена
10694,Простая,4744.91,Operations,2026-07-18,Manager → Procurement,11.12,0,Некорректные данные,0,Отклонена
12469,IT,78122.47,Operations,2026-07-18,Manager → IT → Finance → Procurement,37.55,0,,1,Одобрена
13745,Простая,11064.54,HR,2026-07-18,Manager → Procurement,10.84,0,Не согласовано руководителем,0,Отклонена
13787,Юридическая,1190326.42,HR,2026-07-18,Manager → Finance → Legal → Procurement,86.37,1,,3,Одобрена
11741,Простая,32346.52,HR,2026-07-18,Manager → Procurement,3.97,0,,0,Одобрена
10236,IT,49417.32,HR,2026-07-18,Manager → IT → Procurement → Finance,72.86,0,,0,Одобрена
10173,Простая,16727.84,Operations,2026-07-19,Manager → Procurement,14.58,0,,0,Одобрена
13716,IT,65384.23,IT,2026-07-19,Manager → IT → Finance → Procurement,34.1,0,,0,Одобрена
11730,Простая,13824.06,HR,2026-07-19,Manager → Procurement,9.54,0,,0,Одобрена
10927,Простая,5867.53,Operations,2026-07-19,Manager → Procurement,1.0,0,,0,Одобрена
13444,Простая,11679.74,Sales,2026-07-19,Manager → Procurement,7.9,0,,1,Одобрена
14359,Простая,17328.23,HR,2026-07-19,Manager → Procurement,3.52,0,,0,Одобрена
14574,Простая,10818.46,Finance,2026-07-19,Manager → Procurement,3.71,0,,1,Одобрена
14685,Юридическая,674978.4,IT,2026-07-19,Manager → Finance → Legal → Procurement,28.24,0,,0,Одобрена
11981,Юридическая,311866.04,Administration,2026-07-19,Manager → Finance → Legal → Procurement,46.13,0,,0,Одобрена
10585,Юридическая,554306.94,Finance,2026-07-19,Manager → Finance → Legal → Procurement,74.65,0,,0,Одобрена
11278,Простая,33238.95,Finance,2026-07-19,Manager → Procurement,14.15,0,,0,Одобрена
14301,Простая,14470.23,Operations,2026-07-19,Manager → Procurement,21.12,0,,0,Одобрена
10745,IT,64409.89,Finance,2026-07-20,Manager → IT → Finance → Procurement,69.03,1,,3,Одобрена
12203,Юридическая,747417.65,IT,2026-07-20,Manager → Finance → Legal → Procurement,35.0,0,,0,Одобрена
10019,IT,59845.54,HR,2026-07-20,Manager → IT → Finance → Procurement,45.92,2,,3,Одобрена
14833,IT,82181.93,Finance,2026-07-20,Manager → IT → Finance → Procurement,8.72,0,,0,Одобрена
12244,Простая,9679.52,Operations,2026-07-20,Manager → Procurement,9.14,0,,0,Одобрена
11022,IT,123615.52,Operations,2026-07-20,Manager → IT → Finance → Procurement,25.98,0,,0,Одобрена
10608,Простая,9807.5,HR,2026-07-20,Manager → Procurement,15.43,0,,1,Одобрена
11099,Юридическая,749908.79,HR,2026-07-20,Manager → Finance → Legal → Procurement,51.7,0,,0,Одобрена
11416,IT,98177.6,IT,2026-07-20,Manager → IT → Finance → Procurement,32.58,0,,1,Одобрена
11610,Простая,8549.1,IT,2026-07-20,Manager → Procurement,11.36,0,,1,Одобрена
13159,Юридическая,298304.0,Marketing,2026-07-21,Manager → Finance → Legal → Procurement,70.76,0,,0,Одобрена
11942,Простая,2000.0,Sales,2026-07-21,Manager → Procurement,13.92,0,,0,Одобрена
12588,Простая,15703.08,Administration,2026-07-21,Manager → Procurement,15.01,0,,1,Одобрена
11507,IT,125956.44,Administration,2026-07-21,Manager → IT → Finance → Procurement,55.65,0,,0,В процессе
13833,Простая,9871.48,IT,2026-07-21,Manager → Procurement,6.61,0,,0,Одобрена
13609,Простая,15014.44,Marketing,2026-07-21,Manager → Procurement,6.9,0,,0,Одобрена
12078,Простая,13272.26,Administration,2026-07-21,Manager → Procurement,10.72,0,,0,Одобрена
11513,IT,200224.93,IT,2026-07-21,Manager → IT → Finance → Procurement,37.6,0,,1,Одобрена
13993,Простая,7904.08,IT,2026-07-21,Manager → Procurement,1.53,0,,0,Одобрена
11325,Простая,10715.9,HR,2026-07-21,Manager → Procurement,10.35,0,Недостаточно бюджета,0,Отклонена
12182,Юридическая,255965.79,Sales,2026-07-21,Manager → Finance → Legal → Procurement,77.77,0,,0,Одобрена
13445,Юридическая,817164.12,Operations,2026-07-21,Manager → Finance → Legal → Procurement,25.12,0,,1,Одобрена
14085,IT,30000.0,IT,2026-07-21,Manager → IT → Finance → Procurement,56.58,1,,1,Одобрена
14585,IT,47500.96,Operations,2026-07-21,Manager → IT → Finance → Procurement,67.98,2,,3,Одобрена
13971,Юридическая,109711.22,Operations,2026-07-22,Manager → Finance → Legal → Procurement,79.36,0,,1,Одобрена
11916,Простая,11832.37,Operations,2026-07-22,Manager → Procurement,15.35,0,,1,Одобрена
12465,Простая,14317.3,Administration,2026-07-22,Manager → Procurement,8.01,0,,0,Одобрена
11289,Простая,24871.32,Marketing,2026-07-22,Manager → Procurement,14.72,0,,0,Одобрена
14755,Юридическая,228640.15,HR,2026-07-22,Manager → Finance → Legal → Procurement,1.0,0,,0,Одобрена
14629,Простая,50000.0,Administration,2026-07-22,Manager → Procurement,11.72,0,Недостаточно бюджета,1,Отклонена
11115,Юридическая,366171.96,Sales,2026-07-22,Manager → Finance → Legal → Procurement,75.49,0,,0,Одобрена
11151,Простая,50000.0,Operations,2026-07-22,Manager → Procurement,17.51,0,,0,Одобрена
10035,Простая,12920.1,HR,2026-07-22,Manager → Procurement,16.88,0,,0,Одобрена
12605,Простая,23469.86,Operations,2026-07-22,Manager → Procurement,16.43,0,,0,Одобрена
12049,Простая,43044.08,Sales,2026-07-22,Manager → Procurement,9.87,0,,0,Одобрена
13160,Простая,12820.47,Marketing,2026-07-22,Manager → Procurement,3.99,0,,0,Одобрена
12127,Простая,18085.92,Marketing,2026-07-22,Manager → Procurement,5.55,0,,1,Одобрена
12329,IT,287531.49,Marketing,2026-07-22,Manager → IT → Finance → Procurement,40.15,0,,0,Одобрена
12961,IT,41078.37,IT,2026-07-22,Manager → IT → Finance → Procurement,46.01,2,,6,В процессе
10666,IT,59070.36,Finance,2026-07-22,Manager → IT → Finance → Procurement,40.56,0,,0,Одобрена
12828,Простая,50000.0,IT,2026-07-22,Manager → Finance → Procurement,21.1,0,,0,Одобрена
14348,Юридическая,750524.58,Operations,2026-07-22,Manager → Finance → Legal → Procurement,49.17,0,,0,В процессе
14483,IT,68274.62,Administration,2026-07-22,Manager → IT → Finance → Procurement,88.84,3,,3,В процессе
10154,IT,142702.12,Marketing,2026-07-23,Manager → IT → Finance → Procurement,34.59,0,,0,Одобрена
11098,IT,88347.82,Sales,2026-07-23,Manager → IT → Finance → Procurement,37.09,0,,0,Одобрена
10270,Простая,10780.75,Sales,2026-07-23,Manager → Procurement,16.08,0,,1,Одобрена
12265,IT,195473.37,HR,2026-07-23,Manager → IT → Finance → Procurement,62.61,2,,5,Одобрена
14150,Простая,17281.01,IT,2026-07-23,Manager → Finance → Procurement,15.91,0,,0,В процессе
14112,IT,115370.38,Sales,2026-07-23,Manager → IT → Finance → Procurement,46.25,0,,0,Одобрена
13039,Простая,38273.47,IT,2026-07-23,Manager → Procurement,6.7,0,,0,Одобрена
10143,Юридическая,154032.31,Marketing,2026-07-23,Manager → Finance → Legal → Procurement,123.06,2,,6,Одобрена
14393,IT,89064.18,HR,2026-07-23,Manager → Finance → IT → Procurement,59.49,0,,0,Одобрена
11854,IT,61022.24,Sales,2026-07-23,Manager → IT → Finance → Procurement,56.95,0,,0,Одобрена
12091,Простая,8374.9,Sales,2026-07-23,Manager → Procurement,11.24,0,,0,Одобрена
14492,Юридическая,938564.98,Administration,2026-07-24,Manager → Legal → Finance → Procurement,126.65,0,,0,Одобрена
14401,IT,86784.33,Finance,2026-07-24,Manager → IT → Finance → Procurement,22.23,0,,0,В процессе
10911,IT,133363.73,Administration,2026-07-24,Manager → IT → Finance → Procurement,25.47,0,,0,В процессе
10706,IT,30000.0,Sales,2026-07-24,Manager → Finance → IT → Procurement,60.81,0,,1,Одобрена
11592,Простая,14928.11,Finance,2026-07-24,Manager → Procurement,9.68,0,,0,Одобрена
12522,IT,123291.35,Sales,2026-07-24,Manager → IT → Finance → Procurement,26.38,0,,0,В процессе
12626,Простая,37055.79,IT,2026-07-24,Manager → Procurement,13.19,0,,0,Одобрена
12534,Простая,7050.04,IT,2026-07-24,Manager → Procurement,3.02,0,,1,Одобрена
14660,Простая,28054.4,Sales,2026-07-24,Manager → Procurement,13.89,0,,1,Одобрена
14369,Простая,9198.02,Operations,2026-07-24,Manager → Procurement,13.58,0,,0,Одобрена
11617,Простая,8589.19,Sales,2026-07-24,Manager → Procurement,11.49,0,,1,Одобрена
11986,Юридическая,741515.43,HR,2026-07-24,Manager → Finance → Legal → Procurement,72.27,1,,3,Одобрена
11412,Юридическая,561590.89,Operations,2026-07-24,Manager → Finance → Legal → Procurement,96.29,2,,5,Одобрена
10324,IT,105246.49,IT,2026-07-24,Manager → IT → Finance → Procurement,32.0,0,,0,Одобрена
11440,Юридическая,518699.19,HR,2026-07-25,Manager → Finance → Legal → Procurement,53.95,0,,0,Одобрена
13308,Простая,8674.49,Finance,2026-07-25,Manager → Procurement,6.45,0,,1,Одобрена
14133,Простая,13962.71,Sales,2026-07-25,Manager → Procurement,15.84,0,,1,Одобрена
13339,Простая,5251.41,Sales,2026-07-25,Manager → Procurement,10.94,0,,0,Одобрена
10432,IT,55381.34,Sales,2026-07-25,Manager → IT → Finance → Procurement,8.38,0,,1,Одобрена
10155,Простая,16535.55,IT,2026-07-25,Manager → Procurement,1.39,0,,0,Одобрена
10491,IT,175588.44,Marketing,2026-07-25,Manager → IT → Finance → Procurement,29.37,0,,0,Одобрена
14057,Простая,17773.99,HR,2026-07-25,Manager → Procurement,9.76,0,,0,Одобрена
10759,Простая,19638.79,Marketing,2026-07-25,Manager → Procurement,12.27,0,,0,Одобрена
11752,Простая,20909.78,Marketing,2026-07-25,Manager → Procurement,13.35,0,,0,Одобрена
13306,Простая,5190.91,IT,2026-07-25,Manager → Procurement,4.14,0,,1,Одобрена
12739,IT,73714.43,IT,2026-07-25,Manager → IT → Finance → Procurement,18.31,0,,1,Одобрена
11371,Простая,22337.54,Operations,2026-07-25,Manager → Procurement,10.84,0,,0,Одобрена
13913,Юридическая,565710.75,HR,2026-07-26,Manager → Finance → Legal → Procurement,53.72,0,,0,Одобрена
10005,Простая,8989.58,IT,2026-07-26,Manager → Procurement,11.94,0,,0,Одобрена
10696,IT,107738.97,Marketing,2026-07-26,Manager → IT → Finance → Procurement,32.16,0,Некорректные данные,1,Отклонена
14027,IT,165937.01,Operations,2026-07-26,Manager → IT → Finance → Procurement,45.42,0,,1,Одобрена
10754,Простая,5507.74,Operations,2026-07-26,Manager → Procurement,11.03,0,Недостаточно бюджета,1,Отклонена
10428,IT,88443.36,Operations,2026-07-26,Manager → IT → Finance → Procurement,36.74,0,,0,Одобрена
11993,Простая,12434.36,Administration,2026-07-26,Manager → Procurement,5.83,0,,0,Одобрена
12022,Простая,8704.99,Administration,2026-07-26,Manager → Procurement,15.03,0,,1,Одобрена
14770,IT,60005.12,IT,2026-07-26,Manager → IT → Finance → Procurement,25.19,0,,1,Одобрена
11935,IT,107147.46,HR,2026-07-26,Manager → IT → Finance → Procurement,23.75,1,,2,В процессе
13467,IT,125710.21,Sales,2026-07-26,Manager → IT → Finance → Procurement,41.08,0,,1,Одобрена
14397,Простая,26922.96,HR,2026-07-26,Manager → Procurement,9.97,0,,0,В процессе
13508,IT,201635.49,Marketing,2026-07-27,Manager → IT → Finance → Procurement,29.43,0,,1,Одобрена
14956,Простая,11997.05,Sales,2026-07-27,Manager → Procurement,1.43,0,,0,Одобрена
14567,IT,121461.19,Marketing,2026-07-27,Manager → IT → Finance → Procurement,35.81,0,,0,Одобрена
10412,IT,65059.15,Operations,2026-07-27,Manager → IT → Finance → Procurement,14.69,1,,3,Одобрена
13551,Юридическая,1018654.66,HR,2026-07-27,Manager → Finance → Legal → Procurement,85.12,0,,0,Одобрена
13040,IT,66903.62,Operations,2026-07-27,Manager → IT → Finance → Procurement,39.92,0,,0,Одобрена
12379,Простая,13287.78,Sales,2026-07-27,Manager → Procurement,10.07,0,,0,Одобрена
11533,IT,111017.06,Finance,2026-07-27,Manager → IT → Finance → Procurement,21.61,0,,0,Одобрена
11142,IT,66713.53,IT,2026-07-27,Manager → IT → Finance → Procurement,23.32,0,,0,Одобрена
12697,IT,261615.23,Marketing,2026-07-27,Manager → IT → Finance → Procurement,26.59,0,,0,Одобрена
10788,Простая,13112.26,Operations,2026-07-27,Manager → Procurement,3.93,0,,0,Одобрена
12671,IT,97065.4,Administration,2026-07-27,Manager → IT → Finance → Procurement,48.93,0,,0,Одобрена
12815,Простая,23001.88,HR,2026-07-27,Manager → Finance → Procurement,30.31,0,,0,Одобрена
10130,IT,203965.45,Administration,2026-07-28,Manager → IT → Finance → Procurement,5.36,0,,0,В процессе
11463,Простая,7953.74,Finance,2026-07-28,Manager → Procurement,11.14,0,,1,Одобрена
14283,IT,114113.65,Sales,2026-07-28,Manager → IT → Finance → Procurement,39.76,0,,0,Одобрена
12032,IT,232621.1,Marketing,2026-07-28,Manager → IT → Finance → Procurement,70.18,1,,3,Одобрена
10626,Простая,14491.74,HR,2026-07-28,Manager → Procurement,11.48,0,,0,Одобрена
14385,IT,157585.28,Sales,2026-07-28,Manager → IT → Finance → Procurement,46.37,0,,0,Одобрена
12804,IT,30331.71,Sales,2026-07-29,Manager → IT → Finance → Procurement,17.56,0,,0,В процессе
12501,Простая,16584.65,Sales,2026-07-29,Manager → Procurement,1.0,0,,0,Одобрена
11180,Простая,8757.43,Sales,2026-07-29,Manager → Procurement,14.9,0,,0,Одобрена
12023,Простая,25024.14,Marketing,2026-07-29,Manager → Procurement,15.9,0,,1,Одобрена
11352,IT,111940.14,Administration,2026-07-29,Manager → IT → Finance → Procurement,36.3,0,,0,Одобрена
12617,Простая,10044.83,Marketing,2026-07-29,Manager → Procurement,12.66,0,,1,Одобрена
10604,IT,104474.46,Administration,2026-07-29,Manager → IT → Finance → Procurement,16.51,0,,0,В процессе
12003,Юридическая,144889.14,HR,2026-07-29,Manager → Finance → Legal → Procurement,84.41,0,,0,Одобрена
14839,Простая,16776.27,Operations,2026-07-29,Manager → Procurement,1.0,0,,0,Одобрена
10521,Юридическая,323116.22,Sales,2026-07-29,Manager → Finance → Legal → Procurement,43.76,2,,4,Одобрена
10944,Простая,15184.78,Operations,2026-07-29,Manager → Procurement,9.88,0,,0,Одобрена
13438,Простая,25726.17,Operations,2026-07-30,Manager → Procurement,1.54,0,,1,Одобрена
13566,IT,30000.0,Sales,2026-07-30,Manager → IT → Finance → Procurement,43.17,0,,0,Одобрена
10062,Простая,35840.8,IT,2026-07-30,Manager → Procurement,12.66,0,,1,Одобрена
12124,Простая,22242.41,Operations,2026-07-30,Manager → Procurement,15.58,0,,0,Одобрена
12612,IT,48458.21,Finance,2026-07-30,Manager → IT → Finance → Procurement,19.67,0,,0,Одобрена
13062,Простая,14143.63,Marketing,2026-07-30,Manager → Procurement,5.97,0,,1,Одобрена
14080,Простая,7630.86,Marketing,2026-07-30,Manager → Procurement,12.77,0,,0,Одобрена
12041,Простая,48149.77,Finance,2026-07-30,Manager → Procurement,15.08,0,Не согласовано руководителем,0,Отклонена
13839,IT,158531.52,IT,2026-07-30,Manager → IT → Finance → Procurement,47.22,1,,1,Одобрена
10786,Простая,30352.53,Finance,2026-07-30,Manager → Procurement,2.81,0,,0,Одобрена
13301,Юридическая,311882.31,Finance,2026-07-30,Manager → Finance → Legal → Procurement,55.78,1,,3,Одобрена
10847,Простая,17368.85,Administration,2026-07-30,Manager → Procurement,12.67,0,Некорректные данные,0,Отклонена
13767,IT,76221.3,Operations,2026-07-30,Manager → IT → Finance → Procurement,39.51,1,,1,Одобрена
13106,IT,96328.92,IT,2026-07-30,Manager → IT → Finance → Procurement,27.71,1,,3,Одобрена
13175,IT,193871.96,IT,2026-07-31,Manager → IT → Finance → Procurement,1.69,0,,1,Одобрена
11248,Простая,21834.15,Administration,2026-07-31,Manager → Procurement,13.31,0,,0,Одобрена
14099,IT,125275.06,HR,2026-07-31,Manager → IT → Finance → Procurement,22.14,0,,0,Одобрена
14689,Юридическая,324330.01,IT,2026-07-31,Manager → Finance → Legal → Procurement,68.07,0,,0,Одобрена
14999,Простая,28996.32,Sales,2026-07-31,Manager → Procurement,4.68,0,,0,Одобрена
11283,Простая,21377.76,Sales,2026-07-31,Manager → Procurement,10.89,0,,1,Одобрена
10801,IT,111527.3,Sales,2026-07-31,Manager → IT → Finance → Procurement,45.15,0,,0,Одобрена
10648,IT,78378.54,IT,2026-07-31,Manager → IT → Finance → Procurement,2.46,0,,0,Одобрена
13482,IT,115660.49,IT,2026-07-31,Manager → IT → Finance → Procurement,60.14,1,,1,Одобрена
11111,Простая,12247.85,IT,2026-07-31,Manager → Procurement,10.01,0,,0,Одобрена
13666,Простая,10015.01,Finance,2026-07-31,Manager → Procurement,12.06,0,,0,Одобрена
14291,Простая,14087.03,Sales,2026-07-31,Manager → Procurement,13.04,0,,0,Одобрена
13732,Юридическая,860875.33,Sales,2026-07-31,Manager → Finance → Legal → Procurement,1.05,0,,0,Одобрена
11960,IT,56218.15,Administration,2026-07-31,Manager → IT → Finance → Procurement,41.4,0,,1,Одобрена
10374,Простая,36792.73,HR,2026-07-31,Manager → Procurement,5.17,0,,1,Одобрена
12350,Простая,5284.01,IT,2026-07-31,Manager → Finance → Procurement,25.39,0,,1,Одобрена
11413,IT,111364.49,Sales,2026-07-31,Manager → IT → Finance → Procurement,40.89,0,,0,В процессе
11485,IT,275830.11,Administration,2026-08-01,Manager → IT → Finance → Procurement,26.29,0,,0,Одобрена
13520,IT,105947.17,IT,2026-08-01,Manager → IT → Finance → Procurement,30.64,0,,0,Одобрена
12485,IT,266466.35,Marketing,2026-08-01,Manager → IT → Finance → Procurement,42.47,1,,2,Одобрена
11537,IT,197860.48,IT,2026-08-01,Manager → IT → Finance → Procurement,10.92,0,,0,Одобрена
10598,IT,207383.95,Sales,2026-08-01,Manager → IT → Finance → Procurement,38.88,0,,1,Одобрена
12915,Простая,6693.3,Administration,2026-08-01,Manager → Procurement,12.12,0,,0,Одобрена
13294,Простая,27614.21,IT,2026-08-01,Manager → Procurement,6.38,0,,0,Одобрена
11624,Простая,13983.68,Sales,2026-08-02,Manager → Procurement,4.47,0,,0,Одобрена
13897,Простая,20728.71,Marketing,2026-08-02,Manager → Procurement,16.72,0,,1,Одобрена
11383,IT,64932.47,Finance,2026-08-02,Manager → IT → Finance → Procurement,57.91,0,Недостаточно бюджета,0,Отклонена
13026,Простая,18377.7,Sales,2026-08-02,Manager → Procurement,1.7,0,,1,Одобрена
11014,Юридическая,308800.12,HR,2026-08-02,Manager → Finance → Legal → Procurement,39.93,0,,1,Одобрена
14038,IT,51347.93,HR,2026-08-02,Manager → IT → Finance → Procurement,42.91,0,,0,Одобрена
10808,Простая,9328.48,Operations,2026-08-02,Manager → Procurement,9.85,0,,0,Одобрена
11612,IT,288266.51,Marketing,2026-08-02,Manager → IT → Finance → Procurement,23.67,0,,1,Одобрена
11548,IT,112374.23,HR,2026-08-02,Manager → IT → Finance → Procurement,38.78,0,,1,Одобрена
11647,Простая,20725.67,IT,2026-08-02,Manager → Procurement,11.3,0,,0,Одобрена
14776,Простая,17144.61,IT,2026-08-02,Manager → Procurement,17.72,0,,0,Одобрена
12885,IT,111883.69,IT,2026-08-02,Manager → IT → Finance → Procurement,53.07,1,,1,Одобрена
12624,Юридическая,165883.59,IT,2026-08-02,Manager → Finance → Legal → Procurement,87.44,0,,0,Одобрена
12383,Простая,16203.81,Administration,2026-08-02,Manager → Procurement,7.75,0,,0,Одобрена
14970,IT,76007.76,Sales,2026-08-02,Manager → IT → Finance → Procurement,38.5,0,,0,Одобрена
11230,Простая,21805.1,Sales,2026-08-02,Manager → Procurement,1.0,0,,0,В процессе
14654,Простая,20016.97,Finance,2026-08-03,Manager → Procurement,10.08,0,,0,Одобрена
12703,Простая,28083.04,HR,2026-08-03,Manager → Procurement,2.86,0,,1,Одобрена
14239,IT,155018.5,Operations,2026-08-03,Manager → IT → Finance → Procurement,45.14,0,,1,Одобрена
13865,Юридическая,495536.42,IT,2026-08-03,Manager → Finance → Legal → Procurement,90.53,1,,3,Одобрена
12332,Простая,9634.54,Operations,2026-08-03,Manager → Procurement,2.89,0,,0,Одобрена
10049,IT,282438.05,IT,2026-08-03,Manager → Finance → IT → Procurement,26.64,0,,0,Одобрена
10539,Простая,11937.1,Sales,2026-08-03,Manager → Procurement,8.47,0,,1,Одобрена
11287,Простая,21130.53,Sales,2026-08-03,Manager → Procurement,10.63,0,,0,Одобрена
11094,Простая,24397.7,HR,2026-08-03,Manager → Finance → Procurement,16.86,0,,1,Одобрена
12015,Простая,3975.64,Marketing,2026-08-03,Manager → Finance → Procurement,49.88,2,,6,Одобрена
12472,Юридическая,903648.0,Operations,2026-08-04,Manager → Finance → Legal → Procurement,45.63,0,,1,Одобрена
14820,IT,192436.86,Operations,2026-08-04,Manager → IT → Finance → Procurement,27.66,0,,0,В процессе
12176,IT,95157.66,IT,2026-08-04,Manager → IT → Finance → Procurement,17.28,0,,0,Одобрена
12180,Юридическая,360317.55,Marketing,2026-08-04,Manager → Finance → Legal → Procurement,80.51,0,,1,Одобрена
13762,Простая,10437.79,IT,2026-08-04,Manager → Procurement,1.0,0,,0,В процессе
10361,Юридическая,479501.95,HR,2026-08-04,Manager → Finance → Legal → Procurement,52.92,0,,1,В процессе
14103,IT,56081.76,Sales,2026-08-04,Manager → IT → Finance → Procurement,8.53,0,,1,Одобрена
14949,IT,76424.91,HR,2026-08-04,Manager → IT → Finance → Procurement,30.71,0,,1,Одобрена
13534,Простая,19544.09,Administration,2026-08-04,Manager → Procurement,5.23,0,,0,Одобрена
13290,Простая,23546.13,Marketing,2026-08-04,Manager → Procurement,12.43,0,,0,Одобрена
13094,Юридическая,604151.43,Administration,2026-08-04,Manager → Finance → Legal → Procurement,114.1,0,,0,В процессе
13140,Простая,50000.0,Marketing,2026-08-05,Manager → Procurement,20.29,0,,0,В процессе
13035,Юридическая,341434.1,IT,2026-08-05,Manager → Finance → Legal → Procurement,70.57,0,,1,Одобрена
13446,Простая,16385.46,IT,2026-08-05,Manager → Procurement,8.23,0,,0,Одобрена
11417,IT,39338.68,Sales,2026-08-05,Manager → IT → Procurement → Finance,67.14,1,,2,Одобрена
13766,IT,120081.1,Sales,2026-08-05,Manager → IT → Finance → Procurement,44.13,0,,0,Одобрена
13120,Простая,15168.06,Finance,2026-08-05,Manager → Procurement,10.93,0,,1,Одобрена
14153,Простая,23584.51,Sales,2026-08-05,Manager → Procurement,2.21,0,,1,Одобрена
10359,Простая,17708.81,Sales,2026-08-05,Manager → Procurement,20.14,0,Некорректные данные,1,Отклонена
14061,Юридическая,1816865.57,Operations,2026-08-05,Manager → Finance → Legal → Procurement,68.56,1,,3,Одобрена
13239,Простая,7878.27,Finance,2026-08-05,Manager → Procurement,9.12,0,,1,Одобрена
11221,Простая,3545.06,Sales,2026-08-05,Manager → Procurement,8.94,0,,0,Одобрена
14800,IT,122538.61,Sales,2026-08-05,Manager → IT → Finance → Procurement,50.76,0,,0,В процессе
11606,Простая,8251.3,IT,2026-08-05,Manager → Procurement,7.66,0,,0,Одобрена
10791,Простая,25106.29,Operations,2026-08-05,Manager → Procurement,12.07,0,,0,Одобрена
14781,Простая,9929.27,IT,2026-08-05,Manager → Procurement,6.3,0,,0,Одобрена
12388,Простая,5280.82,IT,2026-08-05,Manager → Procurement,11.83,0,,0,Одобрена
12758,IT,64856.78,IT,2026-08-06,Manager → IT → Finance → Procurement,31.91,0,,0,Одобрена
13965,Простая,18492.26,Sales,2026-08-06,Manager → Procurement,15.85,0,,0,Одобрена
13378,Юридическая,919629.09,Operations,2026-08-06,Manager → Finance → Legal → Procurement,22.34,1,Недостаточно бюджета,3,Отклонена
11824,IT,56468.62,IT,2026-08-06,Manager → IT → Finance → Procurement,1.82,0,,0,Одобрена
14950,IT,190271.17,Sales,2026-08-06,Manager → IT → Finance → Procurement,16.87,0,,0,Одобрена
13864,Простая,35551.52,HR,2026-08-06,Manager → Procurement,19.87,0,,1,Одобрена
11038,Простая,11102.37,Marketing,2026-08-06,Manager → Procurement,5.55,0,,0,Одобрена
11245,Простая,5730.36,IT,2026-08-06,Manager → Procurement,7.55,0,,1,Одобрена
13261,Простая,47313.33,Sales,2026-08-07,Manager → Procurement,5.22,0,,0,Одобрена
13415,Простая,6288.94,IT,2026-08-07,Manager → Procurement,4.7,0,,1,Одобрена
13786,Юридическая,335339.72,Marketing,2026-08-07,Manager → Finance → Legal → Procurement,35.15,0,,0,Одобрена
10999,Юридическая,118247.99,Operations,2026-08-07,Manager → Finance → Legal → Procurement,51.07,0,,1,Одобрена
13497,IT,101759.8,IT,2026-08-07,Manager → IT → Finance → Procurement,41.81,0,,0,Одобрена
13312,Юридическая,403051.88,Marketing,2026-08-07,Manager → Finance → Legal → Procurement,58.27,0,,1,Одобрена
10785,Юридическая,637571.44,Marketing,2026-08-07,Manager → Finance → Legal → Procurement,69.83,1,,3,Одобрена
12360,Простая,26662.47,Finance,2026-08-07,Manager → Procurement,3.85,0,,1,Одобрена
14859,Простая,10626.9,Sales,2026-08-07,Manager → Procurement,3.65,0,,0,В процессе
11985,IT,145186.37,Marketing,2026-08-07,Manager → IT → Finance → Procurement,24.15,0,Недостаточно бюджета,1,Отклонена
11565,IT,70886.86,Sales,2026-08-07,Manager → IT → Finance → Procurement,28.28,0,,0,Одобрена
14045,Простая,28737.68,Marketing,2026-08-08,Manager → Procurement,30.35,2,,4,В процессе
14919,Юридическая,685759.34,IT,2026-08-08,Manager → Finance → Legal → Procurement,33.72,0,,0,В процессе
11835,Простая,10588.95,Sales,2026-08-08,Manager → Procurement,2.74,0,,0,Одобрена
10776,Юридическая,141187.24,IT,2026-08-08,Manager → Finance → Legal → Procurement,51.92,0,,0,Одобрена
14607,Юридическая,326723.32,Sales,2026-08-08,Manager → Finance → Legal → Procurement,47.91,1,,3,В процессе
13060,Простая,11418.14,Operations,2026-08-08,Manager → Procurement,15.64,0,,1,В процессе
13019,Простая,46154.75,Marketing,2026-08-08,Manager → Procurement,11.58,0,,1,Одобрена
14208,Простая,12412.45,Sales,2026-08-08,Manager → Procurement,10.05,0,,0,Одобрена
12861,Простая,13473.47,HR,2026-08-08,Manager → Procurement,9.93,0,Не согласовано руководителем,0,Отклонена
13387,IT,127408.4,Administration,2026-08-08,Manager → IT → Finance → Procurement,44.11,0,,0,Одобрена
14729,IT,126164.05,HR,2026-08-09,Manager → IT → Finance → Procurement,62.41,1,,3,Одобрена
10612,IT,93883.85,Finance,2026-08-09,Manager → IT → Finance → Procurement,26.34,0,,1,Одобрена
10674,IT,102891.29,Sales,2026-08-09,Manager → IT → Procurement → Finance,49.8,0,,0,В процессе
10667,IT,62567.42,Marketing,2026-08-09,Manager → IT → Finance → Procurement,48.95,0,,1,Одобрена
10569,Простая,23276.41,IT,2026-08-09,Manager → Procurement,8.67,0,,0,В процессе
11357,IT,118035.74,Marketing,2026-08-09,Manager → IT → Finance → Procurement,45.37,0,,0,Одобрена
11396,Простая,13282.85,Operations,2026-08-09,Manager → Procurement,14.83,0,,1,Одобрена
14094,Простая,12301.96,Marketing,2026-08-09,Manager → Procurement,10.52,0,,1,Одобрена
13671,Простая,50000.0,IT,2026-08-09,Manager → Procurement,9.95,0,,1,Одобрена
13681,IT,127452.24,IT,2026-08-09,Manager → IT → Finance → Procurement,56.26,0,,0,Одобрена
11938,IT,36960.2,HR,2026-08-09,Manager → IT → Finance → Procurement,27.09,0,,0,Одобрена
12564,IT,55522.14,Sales,2026-08-09,Manager → IT → Finance → Procurement,38.82,0,,1,Одобрена
14465,Простая,11972.96,Administration,2026-08-09,Manager → Procurement,1.0,0,,0,Одобрена
10546,Простая,10089.72,Marketing,2026-08-09,Manager → Procurement,3.92,0,,0,Одобрена
14449,IT,120733.25,Marketing,2026-08-09,Manager → IT → Finance → Procurement,11.61,0,,0,Одобрена
12662,Простая,25711.24,Administration,2026-08-10,Manager → Procurement,6.95,0,,1,Одобрена
14185,Юридическая,183375.27,Operations,2026-08-10,Manager → Finance → Legal → Procurement,75.1,0,,0,Одобрена
11260,Юридическая,133712.08,Marketing,2026-08-10,Manager → Finance → Legal → Procurement,28.65,0,,0,Одобрена
10855,Простая,8948.24,IT,2026-08-10,Manager → Procurement,11.26,0,,1,В процессе
10455,Простая,12447.75,Administration,2026-08-10,Manager → Procurement,3.62,0,,0,Одобрена
11706,Юридическая,253892.48,Sales,2026-08-10,Manager → Finance → Legal → Procurement,68.02,1,,3,Одобрена
10797,Простая,23299.29,Sales,2026-08-10,Manager → Procurement,4.4,0,,0,Одобрена
11691,IT,205587.78,Sales,2026-08-10,Manager → IT → Finance → Procurement,47.36,0,,0,Одобрена
11950,Юридическая,406443.31,Operations,2026-08-10,Manager → Finance → Legal → Procurement,74.49,0,,0,Одобрена
13820,IT,74381.07,Operations,2026-08-10,Manager → IT → Finance → Procurement,47.09,1,,2,Одобрена
11181,IT,91977.63,IT,2026-08-10,Manager → IT → Finance → Procurement,87.1,1,,1,Одобрена
10831,IT,268827.94,Finance,2026-08-10,Manager → IT → Finance → Procurement,32.24,0,,0,Одобрена
14569,IT,104525.57,IT,2026-08-10,Manager → IT → Finance → Procurement,16.74,0,,0,Одобрена
14896,Простая,28775.61,Operations,2026-08-10,Manager → Procurement,3.85,0,Недостаточно бюджета,0,Отклонена
11521,Простая,15854.82,Administration,2026-08-10,Manager → Procurement,3.58,0,,0,В процессе
12139,IT,149854.67,Finance,2026-08-10,Manager → IT → Finance → Procurement,27.59,0,,1,Одобрена
13173,IT,120416.73,HR,2026-08-10,Manager → IT → Finance → Procurement,30.13,0,,0,В процессе
11982,Простая,33938.59,Administration,2026-08-11,Manager → Procurement,7.64,0,,0,Одобрена
11174,IT,67305.85,Sales,2026-08-11,Manager → IT → Finance → Procurement,17.98,0,,1,Одобрена
13288,Простая,19212.86,Administration,2026-08-11,Manager → Procurement,2.04,0,,0,Одобрена
12090,Простая,18357.85,Marketing,2026-08-11,Manager → Procurement,7.13,0,,0,В процессе
13744,IT,67443.71,Finance,2026-08-11,Manager → IT → Finance → Procurement,48.83,2,,5,Одобрена
11309,Простая,26134.07,Marketing,2026-08-11,Manager → Finance → Procurement,12.64,0,,0,Одобрена
10364,Простая,6869.25,Administration,2026-08-11,Manager → Procurement,7.83,0,,0,Одобрена
11815,IT,173022.14,Sales,2026-08-11,Manager → IT → Finance → Procurement,3.02,0,,1,Одобрена
10860,IT,165756.64,Marketing,2026-08-11,Manager → IT → Finance → Procurement,45.15,0,,0,В процессе
14200,Простая,9592.2,Sales,2026-08-11,Manager → Procurement,15.23,0,,0,Одобрена
14460,IT,123733.4,Administration,2026-08-11,Manager → IT → Finance → Procurement,33.37,0,,1,Одобрена
14210,Простая,11214.19,Finance,2026-08-11,Manager → Procurement,9.74,0,,0,Одобрена
13614,Юридическая,1036481.33,IT,2026-08-11,Manager → Finance → Legal → Procurement,77.39,0,,1,Одобрена
12392,IT,144244.2,IT,2026-08-11,Manager → IT → Finance → Procurement,25.74,0,,0,Одобрена
11321,Простая,18575.36,Marketing,2026-08-11,Manager → Procurement,8.13,0,,0,Одобрена
11895,Простая,7939.72,IT,2026-08-12,Manager → Procurement,13.6,0,,0,Одобрена
11915,Простая,20090.28,Finance,2026-08-12,Manager → Procurement,6.93,0,,0,Одобрена
11669,Простая,22602.73,IT,2026-08-12,Manager → Procurement,1.0,0,,0,Одобрена
11865,IT,59379.52,Sales,2026-08-12,Manager → IT → Finance → Procurement,12.93,0,,0,В процессе
14097,IT,56264.21,Sales,2026-08-12,Manager → IT → Finance → Procurement,47.76,0,,0,Одобрена
11658,IT,40706.58,Administration,2026-08-12,Manager → IT → Finance → Procurement,23.98,0,,0,Одобрена
14052,IT,54729.63,HR,2026-08-12,Manager → IT → Finance → Procurement,36.14,0,Некорректные данные,0,Отклонена
13008,Простая,11764.75,Operations,2026-08-12,Manager → Procurement,18.97,0,,1,Одобрена
14340,IT,122193.22,Marketing,2026-08-12,Manager → IT → Finance → Procurement,47.62,0,,0,Одобрена
12021,IT,82048.3,Administration,2026-08-12,Manager → IT → Finance → Procurement,45.49,1,Недостаточно бюджета,1,Отклонена
12682,Юридическая,440028.16,Finance,2026-08-12,Manager → Finance → Legal → Procurement,84.96,0,,1,Одобрена
10606,IT,123987.65,HR,2026-08-12,Manager → IT → Finance → Procurement,23.99,0,,0,Одобрена
11456,Простая,19440.84,Finance,2026-08-12,Manager → Procurement,6.85,0,,0,Одобрена
14523,IT,30000.0,IT,2026-08-12,Manager → IT → Finance → Procurement,32.59,0,,0,Одобрена
12208,Простая,10307.69,IT,2026-08-12,Manager → Procurement,12.55,0,,0,Одобрена
10445,Простая,21757.1,Administration,2026-08-13,Manager → Procurement,6.02,0,,0,Одобрена
13422,Простая,6919.39,Operations,2026-08-13,Manager → Procurement,14.04,0,,1,Одобрена
14819,IT,183996.21,Sales,2026-08-13,Manager → IT → Finance → Procurement,36.03,0,,0,Одобрена
11186,IT,55644.37,Finance,2026-08-13,Manager → IT → Finance → Procurement,25.61,0,,0,Одобрена
14003,Юридическая,1350343.35,Sales,2026-08-13,Manager → Finance → Legal → Procurement,48.32,1,,3,Одобрена
14180,Юридическая,463407.5,IT,2026-08-13,Manager → Finance → Legal → Procurement,42.72,0,,1,Одобрена
10764,Простая,3330.49,Administration,2026-08-13,Manager → Procurement,5.3,0,,0,Одобрена
12927,IT,234896.3,IT,2026-08-13,Manager → IT → Finance → Procurement,1.0,0,,0,В процессе
12810,Простая,17190.94,IT,2026-08-13,Manager → Procurement,15.05,0,,0,Одобрена
11430,Простая,9586.07,IT,2026-08-13,Manager → Procurement,12.4,0,,0,Одобрена
14241,IT,123486.18,Marketing,2026-08-13,Manager → IT → Procurement → Finance,61.49,0,,0,Одобрена
12422,Простая,20413.11,IT,2026-08-13,Manager → Procurement,1.57,0,,0,Одобрена
10159,IT,54862.44,Sales,2026-08-13,Manager → IT → Finance → Procurement,62.23,1,,2,В процессе
13718,IT,120208.65,IT,2026-08-14,Manager → IT → Finance → Procurement,22.91,0,,0,Одобрена
11653,Простая,13965.68,Finance,2026-08-14,Manager → Procurement,5.3,0,,0,Одобрена
10888,Простая,7128.18,IT,2026-08-14,Manager → Procurement,5.19,0,,1,Одобрена
13814,Простая,30761.84,Administration,2026-08-14,Manager → Procurement,11.21,0,,0,Одобрена
11851,Простая,15482.04,Administration,2026-08-14,Manager → Procurement,5.49,0,Некорректные данные,0,Отклонена
11836,Простая,18792.55,IT,2026-08-14,Manager → Procurement,11.3,0,Некорректные данные,1,Отклонена
13749,Простая,22298.89,Operations,2026-08-14,Manager → Finance → Procurement,16.56,0,,0,Одобрена
11259,IT,90789.84,Sales,2026-08-14,Manager → IT → Finance → Procurement,26.87,0,,1,Одобрена
10850,Юридическая,528201.48,Operations,2026-08-14,Manager → Finance → Legal → Procurement,88.9,0,,1,Одобрена
14000,Простая,11243.23,HR,2026-08-14,Manager → Procurement,25.79,1,,1,Одобрена
11876,IT,84856.21,Sales,2026-08-14,Manager → IT → Finance → Procurement,28.74,0,,1,Одобрена
14687,Простая,20155.41,Operations,2026-08-14,Manager → Procurement,7.16,0,,1,Одобрена
13539,Простая,21350.36,IT,2026-08-14,Manager → Procurement,15.61,0,,0,Одобрена
12366,IT,266300.93,IT,2026-08-14,Manager → IT → Finance → Procurement,31.06,0,,0,Одобрена
11008,Простая,11476.87,Operations,2026-08-14,Manager → Procurement,23.18,1,,2,В процессе
10385,Простая,13489.18,Marketing,2026-08-14,Manager → Procurement,5.0,0,,0,Одобрена
10473,Простая,19659.26,Administration,2026-08-15,Manager → Procurement,7.53,0,,0,В процессе
14931,IT,144196.68,IT,2026-08-15,Manager → IT → Finance → Procurement,54.05,0,Некорректные данные,1,Отклонена
13506,IT,128639.48,Marketing,2026-08-15,Manager → IT → Finance → Procurement,47.34,0,Технические требования не соблюдены,1,Отклонена
14728,Простая,41590.15,Marketing,2026-08-15,Manager → Procurement,18.52,0,,1,Одобрена
14708,Простая,18245.2,Administration,2026-08-15,Manager → Procurement,6.8,0,,0,Одобрена
11749,Простая,11092.92,Sales,2026-08-15,Manager → Procurement,11.55,0,,1,Одобрена
14680,Юридическая,139693.62,Sales,2026-08-15,Manager → Finance → Legal → Procurement,50.43,0,,0,Одобрена
14639,Простая,5101.21,HR,2026-08-15,Manager → Procurement,1.0,0,,0,Одобрена
11391,Юридическая,225826.11,IT,2026-08-15,Manager → Finance → Legal → Procurement,68.39,0,,0,Одобрена
12149,IT,151836.25,Finance,2026-08-15,Manager → IT → Finance → Procurement,18.92,0,,0,В процессе
13760,Простая,18605.87,IT,2026-08-15,Manager → Procurement,3.16,0,,0,В процессе
11261,Простая,16295.62,Operations,2026-08-15,Manager → Procurement,13.24,0,,0,Одобрена
13427,Простая,6102.97,Operations,2026-08-16,Manager → Procurement,7.71,0,Недостаточно бюджета,1,Отклонена
11855,IT,101290.28,IT,2026-08-16,Manager → IT → Finance → Procurement,51.36,0,,1,Одобрена
13499,Простая,32597.77,HR,2026-08-16,Manager → Procurement,8.03,0,,0,Одобрена
10625,Юридическая,238388.86,IT,2026-08-16,Manager → Finance → Legal → Procurement,58.82,0,,1,Одобрена
14193,IT,61988.49,Sales,2026-08-16,Manager → IT → Finance → Procurement,35.67,0,,1,Одобрена
11145,Простая,5886.34,HR,2026-08-16,Manager → Procurement,1.0,0,,0,В процессе
14370,Простая,44883.16,Operations,2026-08-16,Manager → Procurement,9.91,0,,1,Одобрена
11564,Юридическая,911198.17,Administration,2026-08-16,Manager → Finance → Legal → Procurement,122.56,0,,0,Одобрена
12964,IT,97521.21,Finance,2026-08-16,Manager → IT → Finance → Procurement,18.98,0,,0,Одобрена
14985,Простая,20885.38,HR,2026-08-16,Manager → Procurement,8.48,0,,0,Одобрена
12962,Юридическая,196103.7,Marketing,2026-08-16,Manager → Finance → Legal → Procurement,50.9,0,,1,Одобрена
14603,Юридическая,371433.04,Finance,2026-08-16,Manager → Finance → Legal → Procurement,51.44,0,,0,Одобрена
12725,Простая,9215.07,Operations,2026-08-16,Manager → Procurement,2.45,0,,1,Одобрена
11332,Простая,18686.42,Administration,2026-08-16,Manager → Procurement,7.86,0,Недостаточно бюджета,1,Отклонена
12909,Юридическая,552344.02,Sales,2026-08-16,Manager → Finance → Legal → Procurement,77.13,0,,0,Одобрена
10086,Простая,4915.81,Sales,2026-08-16,Manager → Procurement,14.06,0,,1,В процессе
10076,Простая,19166.82,Marketing,2026-08-16,Manager → Procurement,10.18,0,,0,Одобрена
13659,Юридическая,279865.61,HR,2026-08-17,Manager → Finance → Legal → Procurement,96.27,0,,0,Одобрена
10864,IT,202268.4,Finance,2026-08-17,Manager → IT → Finance → Procurement,20.61,0,,0,Одобрена
11043,IT,68773.04,Operations,2026-08-17,Manager → IT → Finance → Procurement,25.01,0,,1,Одобрена
13835,Простая,14868.38,Sales,2026-08-17,Manager → Procurement,17.88,0,,1,Одобрена
11631,Простая,40754.2,Finance,2026-08-17,Manager → Procurement,9.45,0,,1,Одобрена
10920,IT,99066.32,Marketing,2026-08-17,Manager → IT → Finance → Procurement,15.43,0,,1,Одобрена
13584,IT,128118.17,IT,2026-08-17,Manager → IT → Finance → Procurement,51.83,0,,1,Одобрена
10865,Простая,10217.03,Finance,2026-08-17,Manager → Finance → Procurement,15.12,0,Недостаточно бюджета,0,Отклонена
10499,Простая,50000.0,IT,2026-08-17,Manager → Procurement,11.78,0,,0,Одобрена
14064,IT,106663.12,Operations,2026-08-17,Manager → IT → Finance → Procurement,35.0,0,,0,Одобрена
11875,Юридическая,405004.96,Marketing,2026-08-17,Manager → Finance → Legal → Procurement,28.07,0,Некорректные данные,0,Отклонена
14337,Простая,50000.0,Sales,2026-08-18,Manager → Finance → Procurement,25.85,0,,1,Одобрена
14570,IT,107934.1,HR,2026-08-18,Manager → IT → Finance → Procurement,35.54,0,,0,Одобрена
10398,Простая,6251.07,Marketing,2026-08-18,Manager → Procurement,7.35,0,,0,Одобрена
11481,Простая,14439.28,Operations,2026-08-18,Manager → Procurement,13.84,0,,1,Одобрена
12730,Юридическая,100000.0,IT,2026-08-18,Manager → Finance → Legal → Procurement,2.08,0,,1,Одобрена
13189,Простая,11808.35,HR,2026-08-18,Manager → Procurement,14.41,0,,1,В процессе
11130,Юридическая,237853.09,IT,2026-08-18,Manager → Finance → Legal → Procurement,43.56,0,,0,Одобрена
13687,Простая,13283.44,Operations,2026-08-18,Manager → Procurement,10.69,0,,0,Одобрена
14174,Простая,19005.63,IT,2026-08-18,Manager → Procurement,15.8,0,,1,Одобрена
12835,IT,124512.49,HR,2026-08-18,Manager → IT → Finance → Procurement,33.63,0,,0,Одобрена
14324,Простая,22063.36,Finance,2026-08-18,Manager → Procurement,9.12,0,,0,Одобрена
14588,Юридическая,546730.28,Sales,2026-08-18,Manager → Finance → Legal → Procurement,76.37,0,,0,Одобрена
14525,IT,61398.9,IT,2026-08-18,Manager → IT → Finance → Procurement,51.44,1,,1,В процессе
14406,IT,91492.13,HR,2026-08-18,Manager → IT → Finance → Procurement,38.01,0,Недостаточно бюджета,0,Отклонена
14368,IT,56834.06,Operations,2026-08-19,Manager → IT → Finance → Procurement,13.4,0,,0,Одобрена
11619,Юридическая,194514.66,Marketing,2026-08-19,Manager → Finance → Legal → Procurement,41.64,0,,1,Одобрена
12738,IT,54139.31,Sales,2026-08-19,Manager → IT → Finance → Procurement,58.37,0,,0,Одобрена
13574,Простая,30845.24,Sales,2026-08-19,Manager → Procurement,1.0,0,,0,Одобрена
14230,Простая,12597.9,Sales,2026-08-19,Manager → Procurement,9.99,0,,0,Одобрена
11714,Юридическая,1152026.71,HR,2026-08-19,Manager → Finance → Legal → Procurement,52.83,0,Недостаточно бюджета,0,Отклонена
11745,IT,142717.71,IT,2026-08-19,Manager → IT → Finance → Procurement,30.47,0,,1,Одобрена
12903,Простая,18654.75,Administration,2026-08-19,Manager → Procurement,3.23,0,,1,Одобрена
14830,Юридическая,100000.0,Sales,2026-08-19,Manager → Finance → Legal → Procurement,72.5,0,,0,Одобрена
13977,Простая,4772.61,IT,2026-08-19,Manager → Procurement,4.12,0,,0,Одобрена
13892,IT,179403.64,Finance,2026-08-19,Manager → IT → Finance → Procurement,17.94,0,,0,Одобрена
14412,Простая,36934.71,Sales,2026-08-20,Manager → Procurement,9.97,0,,0,Одобрена
10972,Простая,10515.2,IT,2026-08-20,Manager → Procurement,31.12,1,,1,Одобрена
14399,Простая,27387.43,Operations,2026-08-20,Manager → Procurement,9.63,0,Некорректные данные,0,Отклонена
12065,Простая,50000.0,Sales,2026-08-20,Manager → Procurement,12.75,0,,0,Одобрена
10034,Простая,8599.53,Sales,2026-08-20,Manager → Procurement,11.74,0,Некорректные данные,0,Отклонена
13686,Простая,7195.7,IT,2026-08-20,Manager → Procurement,11.65,0,,0,Одобрена
13678,IT,64202.71,Finance,2026-08-20,Manager → IT → Finance → Procurement,38.82,0,,0,Одобрена
13335,Простая,13911.73,Marketing,2026-08-20,Manager → Procurement,1.89,0,,0,Одобрена
10188,Простая,11310.74,Sales,2026-08-20,Manager → Procurement,14.33,0,,1,Одобрена
13403,IT,78789.18,HR,2026-08-20,Manager → IT → Finance → Procurement,65.93,2,,5,Одобрена
13575,Простая,7735.27,Administration,2026-08-20,Manager → Procurement,12.75,0,Некорректные данные,0,Отклонена
12665,Простая,18615.54,IT,2026-08-20,Manager → Procurement,9.06,0,,1,Одобрена
10774,IT,90337.27,Sales,2026-08-20,Manager → IT → Finance → Procurement,15.61,0,,0,Одобрена
13868,Простая,4632.91,Sales,2026-08-20,Manager → Procurement,5.3,0,,0,Одобрена
11268,Юридическая,225349.5,Operations,2026-08-20,Manager → Finance → Procurement → Legal,52.85,0,,0,Одобрена
14619,Простая,3179.2,HR,2026-08-20,Manager → Procurement,5.54,0,,0,Одобрена
11684,Простая,9606.8,Operations,2026-08-20,Manager → Procurement,14.55,0,,1,Одобрена
10103,Простая,33158.5,IT,2026-08-20,Manager → Procurement,13.17,0,,0,Одобрена
14089,Простая,11467.14,Sales,2026-08-20,Manager → Procurement,15.53,0,,1,Одобрена
10094,Простая,42587.75,Sales,2026-08-21,Manager → Procurement,12.41,0,Недостаточно бюджета,0,Отклонена
10980,Простая,26959.56,Finance,2026-08-21,Manager → Procurement,2.54,0,,0,Одобрена
13209,Простая,12199.21,HR,2026-08-21,Manager → Procurement,7.6,0,,0,Одобрена
13047,Простая,24276.11,Finance,2026-08-21,Manager → Finance → Procurement,20.4,0,,0,Одобрена
10267,Простая,8063.72,Marketing,2026-08-21,Manager → Procurement,12.99,1,,2,В процессе
11290,IT,130332.84,Operations,2026-08-21,Manager → IT → Finance → Procurement,26.49,0,,1,Одобрена
12241,Простая,16371.38,HR,2026-08-21,Manager → Procurement,7.65,0,,0,Одобрена
12167,Юридическая,637026.54,Finance,2026-08-21,Manager → Finance → Legal → Procurement,30.04,0,,0,Одобрена
14838,Простая,50000.0,Sales,2026-08-21,Manager → Procurement,7.12,0,,0,Одобрена
11270,Простая,10191.77,IT,2026-08-21,Manager → Procurement,1.0,0,,0,Одобрена
13344,Простая,22779.95,Sales,2026-08-21,Manager → Procurement,3.68,0,,0,Одобрена
14311,IT,300000.0,Marketing,2026-08-21,Manager → IT → Finance → Procurement,49.46,0,,1,Одобрена
11530,Простая,46485.65,IT,2026-08-21,Manager → Procurement,2.32,0,,1,В процессе
14929,IT,300000.0,Operations,2026-08-21,Manager → IT → Finance → Procurement,36.58,0,,0,Одобрена
13959,Простая,11373.52,IT,2026-08-22,Manager → Procurement,14.98,0,,1,Одобрена
11435,Простая,11839.07,HR,2026-08-22,Manager → Procurement,16.59,0,,1,Одобрена
10741,Простая,11215.56,Finance,2026-08-22,Manager → Procurement,14.03,0,,1,Одобрена
10409,Простая,17006.09,Marketing,2026-08-22,Manager → Procurement,7.28,0,,1,В процессе
13079,IT,38213.47,Administration,2026-08-22,Manager → IT → Finance → Procurement,21.79,0,,0,Одобрена
10561,Простая,31944.9,Administration,2026-08-22,Manager → Procurement,10.46,0,,0,Одобрена
13111,Простая,11765.89,Marketing,2026-08-22,Manager → Procurement,2.38,0,,1,Одобрена
10805,Простая,6661.32,Sales,2026-08-22,Manager → Finance → Procurement,32.27,0,Недостаточно бюджета,0,Отклонена
14259,Юридическая,1101939.97,Sales,2026-08-22,Manager → Finance → Legal → Procurement,21.33,1,Некорректные данные,2,Отклонена
14664,Простая,18061.06,Operations,2026-08-22,Manager → Procurement,4.44,0,,0,Одобрена
13570,Простая,19294.57,Operations,2026-08-22,Manager → Procurement,1.0,0,,0,Одобрена
13089,IT,30000.0,Sales,2026-08-22,Manager → IT → Finance → Procurement,42.95,0,Недостаточно бюджета,1,Отклонена
11177,Простая,10169.58,Finance,2026-08-22,Manager → Procurement,8.23,0,,1,Одобрена
13214,IT,123319.09,HR,2026-08-22,Manager → IT → Finance → Procurement,33.2,0,,0,Одобрена
13634,Простая,48276.87,HR,2026-08-23,Manager → Procurement,6.39,0,,0,В процессе
14990,Простая,8045.11,Marketing,2026-08-23,Manager → Procurement,7.81,0,,0,Одобрена
12600,Юридическая,486799.34,HR,2026-08-23,Manager → Finance → Legal → Procurement,92.93,1,,3,В процессе
10141,Простая,6939.91,HR,2026-08-23,Manager → Procurement,6.04,0,,0,Одобрена
10131,Простая,9313.87,Marketing,2026-08-23,Manager → Procurement,1.0,0,,0,В процессе
12833,Простая,5394.23,IT,2026-08-23,Manager → Procurement,8.28,0,,0,В процессе
11633,IT,31712.93,Operations,2026-08-23,Manager → IT → Finance → Procurement,35.48,0,,0,Одобрена
14284,Простая,5241.19,IT,2026-08-23,Manager → Procurement,4.0,0,,1,Одобрена
13883,IT,203993.64,HR,2026-08-23,Manager → IT → Finance → Procurement,34.77,0,,0,Одобрена
13872,Простая,37562.09,Operations,2026-08-23,Manager → Procurement,17.35,0,,0,Одобрена
14309,Юридическая,190944.27,Marketing,2026-08-23,Manager → Finance → Legal → Procurement,66.9,0,,1,Одобрена
14884,Простая,13973.55,Marketing,2026-08-23,Manager → Procurement,16.42,0,,0,Одобрена
12535,Юридическая,1540310.7,Marketing,2026-08-24,Manager → Finance → Legal → Procurement,50.19,0,,0,Одобрена
13043,IT,104808.05,Operations,2026-08-24,Manager → IT → Finance → Procurement,34.19,0,,0,Одобрена
12641,IT,99200.77,IT,2026-08-24,Manager → IT → Finance → Procurement,45.81,0,,1,Одобрена
14212,Простая,8792.85,Sales,2026-08-24,Manager → Finance → Procurement,29.38,0,Некорректные данные,1,Отклонена
14964,Простая,10219.8,Administration,2026-08-24,Manager → Procurement,4.89,0,,0,Одобрена
14801,Простая,12311.25,IT,2026-08-24,Manager → Procurement,2.4,0,,1,Одобрена
12416,Простая,28429.43,Operations,2026-08-24,Manager → Procurement,11.72,0,,0,В процессе
11418,IT,88033.08,Marketing,2026-08-24,Manager → IT → Finance → Procurement,60.97,1,,3,Одобрена
10968,Простая,18966.36,Marketing,2026-08-24,Manager → Finance → Procurement,21.64,0,,0,Одобрена
14459,Простая,7897.34,HR,2026-08-24,Manager → Procurement,12.54,0,,0,Одобрена
11510,IT,62782.38,HR,2026-08-24,Manager → IT → Finance → Procurement,17.46,0,,0,Одобрена
12488,IT,103277.56,IT,2026-08-24,Manager → IT → Finance → Procurement,14.29,0,,0,Одобрена
12390,Простая,8497.69,Marketing,2026-08-25,Manager → Procurement,2.53,0,Не согласовано руководителем,0,Отклонена
10818,IT,187980.73,Marketing,2026-08-25,Manager → IT → Finance → Procurement,13.14,0,,0,Одобрена
12016,IT,300000.0,Administration,2026-08-25,Manager → IT → Finance → Procurement,57.09,3,,5,Одобрена
13945,Простая,43543.74,Operations,2026-08-25,Manager → Procurement,15.23,1,,1,Одобрена
10233,Юридическая,1465508.93,Sales,2026-08-25,Manager → Finance → Legal → Procurement,74.75,1,,1,Одобрена
13095,Простая,14924.38,IT,2026-08-25,Manager → Procurement,19.43,0,,1,Одобрена
11652,Простая,22172.23,Administration,2026-08-25,Manager → Procurement,6.04,0,,0,Одобрена
12479,Простая,31984.23,Sales,2026-08-25,Manager → Procurement,5.0,0,,1,Одобрена
12444,IT,65491.87,IT,2026-08-25,Manager → IT → Finance → Procurement,28.07,0,,0,Одобрена
10790,IT,135046.97,Sales,2026-08-25,Manager → IT → Finance → Procurement,38.77,0,,0,Одобрена
14140,IT,68323.83,IT,2026-08-25,Manager → IT → Finance → Procurement,29.48,0,,0,Одобрена
13548,Юридическая,931191.79,HR,2026-08-25,Manager → Finance → Legal → Procurement,29.83,0,,1,Одобрена
12762,Юридическая,116188.64,Administration,2026-08-25,Manager → Finance → Legal → Procurement,23.08,0,,0,Одобрена
14749,Юридическая,635045.97,Operations,2026-08-25,Manager → Finance → Legal → Procurement,32.67,0,,1,Одобрена
14818,IT,141684.48,IT,2026-08-25,Manager → IT → Finance → Procurement,30.71,1,,3,В процессе
11893,IT,63609.89,IT,2026-08-26,Manager → IT → Finance → Procurement,31.96,0,,0,Одобрена
14711,IT,98860.92,Operations,2026-08-26,Manager → IT → Finance → Procurement,70.1,2,,3,Одобрена
12301,Юридическая,381826.45,Sales,2026-08-26,Manager → Finance → Legal → Procurement,56.28,1,Юридические риски,3,Отклонена
14854,Простая,3241.74,IT,2026-08-26,Manager → Finance → Procurement,17.89,0,,1,Одобрена
13083,IT,94066.39,IT,2026-08-26,Manager → IT → Finance → Procurement,14.04,0,,0,Одобрена
10671,Простая,12317.83,HR,2026-08-26,Manager → Procurement,13.13,0,,1,Одобрена
14499,Юридическая,527287.2,Administration,2026-08-26,Manager → Finance → Legal → Procurement,40.7,0,,0,Одобрена
13077,Простая,32526.82,IT,2026-08-26,Manager → Procurement,20.79,1,,2,Одобрена
14806,IT,43870.52,Operations,2026-08-26,Manager → IT → Finance → Procurement,21.01,0,,0,Одобрена
10402,Юридическая,235107.42,Marketing,2026-08-26,Manager → Finance → Legal → Procurement,36.67,0,,1,Одобрена
12230,IT,40245.83,Administration,2026-08-26,Manager → IT → Finance → Procurement,14.85,0,,0,Одобрена
10210,IT,110320.26,IT,2026-08-26,Manager → IT → Finance → Procurement,51.64,1,,1,Одобрена
13420,Юридическая,770191.58,IT,2026-08-26,Manager → Finance → Legal → Procurement,49.26,0,,1,Одобрена
10060,Простая,15997.08,IT,2026-08-26,Manager → Procurement,8.79,0,,0,Одобрена
12846,IT,144220.88,Marketing,2026-08-26,Manager → IT → Finance → Procurement,42.23,1,,2,Одобрена
11056,IT,53258.17,IT,2026-08-27,Manager → IT → Finance → Procurement,41.27,0,,0,Одобрена
11828,Простая,21263.52,Operations,2026-08-27,Manager → Procurement,6.28,0,,0,Одобрена
14697,Простая,5007.8,Sales,2026-08-27,Manager → Procurement,11.53,0,,0,Одобрена
14661,IT,55039.09,Sales,2026-08-27,Manager → IT → Finance → Procurement,53.44,0,,0,Одобрена
11339,Юридическая,256604.93,IT,2026-08-27,Manager → Finance → Legal → Procurement,83.55,0,Некорректные данные,0,Отклонена
12926,IT,223969.51,IT,2026-08-27,Manager → IT → Finance → Procurement,61.53,1,,3,Одобрена
13586,IT,176438.82,Sales,2026-08-27,Manager → IT → Finance → Procurement,22.01,1,,3,Одобрена
11844,Юридическая,403847.13,Marketing,2026-08-27,Manager → Finance → Legal → Procurement,75.25,0,,1,Одобрена
13100,Простая,9642.65,Administration,2026-08-27,Manager → Procurement,4.95,0,,0,Одобрена
14972,Простая,12205.35,IT,2026-08-27,Manager → Procurement,33.32,2,,5,Одобрена
11036,IT,187636.32,Operations,2026-08-27,Manager → IT → Finance → Procurement,25.1,0,,0,Одобрена
10165,IT,60012.65,HR,2026-08-27,Manager → IT → Finance → Procurement,23.96,0,,0,Одобрена
14954,Юридическая,100000.0,Sales,2026-08-27,Manager → Finance → Legal → Procurement,29.77,0,,0,В процессе
12051,Юридическая,367716.77,Administration,2026-08-27,Manager → Finance → Legal → Procurement,90.27,3,,5,Одобрена
14382,Простая,14729.98,Sales,2026-08-27,Manager → Procurement,9.56,0,,0,Одобрена
14365,IT,167067.66,Operations,2026-08-27,Manager → IT → Finance → Procurement,28.23,0,,1,Одобрена
13841,IT,86338.61,IT,2026-08-27,Manager → IT → Finance → Procurement,48.66,3,,4,Одобрена
13245,Простая,34710.51,Administration,2026-08-28,Manager → Procurement,33.53,2,,4,Одобрена
13332,Простая,4794.0,HR,2026-08-28,Manager → Procurement,3.39,0,,0,Одобрена
13316,Простая,29000.33,Sales,2026-08-28,Manager → Procurement,14.56,0,Недостаточно бюджета,1,Отклонена
14050,IT,141259.98,Sales,2026-08-28,Manager → IT → Finance → Procurement,32.39,0,,0,Одобрена
13380,Юридическая,391204.06,Sales,2026-08-28,Manager → Finance → Legal → Procurement,27.54,0,,0,Одобрена
11826,Простая,4794.88,HR,2026-08-28,Manager → Procurement,2.02,0,,0,Одобрена
14195,Простая,23083.89,Sales,2026-08-28,Manager → Procurement,4.8,0,,1,Одобрена
12649,IT,119415.92,Marketing,2026-08-28,Manager → IT → Finance → Procurement,33.58,0,,0,Одобрена
10170,Юридическая,336224.83,Marketing,2026-08-28,Manager → Finance → Legal → Procurement,56.46,0,,1,Одобрена
11149,Простая,16924.47,Administration,2026-08-28,Manager → Procurement,15.9,0,,1,Одобрена
12117,Простая,9435.76,Sales,2026-08-28,Manager → Procurement,6.3,0,,1,Одобрена
10987,Простая,5076.96,IT,2026-08-28,Manager → Procurement,23.21,1,Недостаточно бюджета,3,Отклонена
14590,Юридическая,443260.82,IT,2026-08-28,Manager → Finance → Legal → Procurement,81.05,0,,0,Одобрена
13648,Простая,13837.26,Marketing,2026-08-28,Manager → Procurement,12.5,0,,1,Одобрена
14618,IT,52170.48,IT,2026-08-28,Manager → IT → Finance → Procurement,47.36,0,Недостаточно бюджета,0,Отклонена
10069,Простая,35236.29,Marketing,2026-08-28,Manager → Procurement,13.96,0,,1,Одобрена
12162,Простая,50000.0,Sales,2026-08-28,Manager → Finance → Procurement,13.99,0,,0,Одобрена
14560,IT,34284.31,Finance,2026-08-28,Manager → IT → Finance → Procurement,2.22,0,,0,Одобрена
10113,Простая,15124.76,Operations,2026-08-29,Manager → Procurement,6.74,0,,1,Одобрена
10181,Юридическая,100784.4,Finance,2026-08-29,Manager → Finance → Legal → Procurement,23.59,0,,1,Одобрена
10088,Простая,27047.79,Sales,2026-08-29,Manager → Finance → Procurement,38.46,0,,0,Одобрена
11882,IT,30624.81,Finance,2026-08-29,Manager → Finance → IT → Procurement,35.3,0,,0,В процессе
11863,Юридическая,258116.15,IT,2026-08-29,Manager → Finance → Legal → Procurement,73.21,0,,0,Одобрена
13912,Простая,33726.26,Sales,2026-08-29,Manager → Procurement,6.23,0,,0,Одобрена
10716,Простая,11090.58,IT,2026-08-29,Manager → Procurement,12.98,0,,0,Одобрена
13221,Простая,10323.78,Marketing,2026-08-29,Manager → Procurement,7.28,0,,0,Одобрена
10446,IT,88119.14,Marketing,2026-08-30,Manager → IT → Finance → Procurement,25.68,0,,1,Одобрена
10998,Простая,50000.0,Operations,2026-08-30,Manager → Procurement,12.71,0,,0,Одобрена
10192,Простая,23290.35,Finance,2026-08-30,Manager → Procurement,5.28,0,,0,В процессе
10843,IT,54701.48,Marketing,2026-08-30,Manager → IT → Finance → Procurement,34.69,1,,2,Одобрена
10924,IT,104835.66,Marketing,2026-08-30,Manager → IT → Finance → Procurement,27.19,0,,0,Одобрена
11451,IT,99360.18,Marketing,2026-08-30,Manager → IT → Finance → Procurement,23.93,0,,0,В процессе
10360,IT,86166.33,Operations,2026-08-30,Manager → IT → Procurement → Finance,95.8,1,,3,Одобрена
11629,Простая,12451.23,Marketing,2026-08-30,Manager → Finance → Procurement,17.05,0,,0,Одобрена
12386,IT,64758.58,Operations,2026-08-30,Manager → IT → Finance → Procurement,47.32,1,,1,Одобрена
11621,Простая,8859.36,Operations,2026-08-30,Manager → Procurement,4.22,0,,1,Одобрена
14256,Простая,13190.82,Marketing,2026-08-31,Manager → Procurement,5.97,0,,1,Одобрена
14556,IT,41028.63,IT,2026-08-31,Manager → Finance → IT → Procurement,42.57,0,,0,Одобрена
12587,Простая,3234.99,IT,2026-08-31,Manager → Procurement,12.5,0,,0,Одобрена
12095,Юридическая,105875.9,Finance,2026-08-31,Manager → Finance → Legal → Procurement,58.7,1,,1,Одобрена
10592,Простая,35843.74,Operations,2026-08-31,Manager → Procurement,11.56,0,,0,Одобрена
13158,Простая,21810.03,Marketing,2026-08-31,Manager → Procurement,10.97,0,Недостаточно бюджета,0,Отклонена
13317,IT,224545.91,Administration,2026-08-31,Manager → IT → Finance → Procurement,42.88,1,,2,Одобрена
14975,IT,43307.58,HR,2026-08-31,Manager → IT → Finance → Procurement,60.17,0,,0,Одобрена
12341,Простая,11698.21,Sales,2026-08-31,Manager → Procurement,14.22,0,,1,В процессе
11479,Простая,28321.34,Marketing,2026-08-31,Manager → Procurement,2.98,0,,1,Одобрена
14894,Простая,11374.2,Operations,2026-09-01,Manager → Procurement,7.65,0,,0,Одобрена
13987,Простая,15859.52,Marketing,2026-09-01,Manager → Procurement,9.07,0,,1,Одобрена
13453,Простая,22387.89,IT,2026-09-01,Manager → Finance → Procurement,21.23,0,,1,Одобрена
14610,Юридическая,127091.98,Sales,2026-09-01,Manager → Finance → Legal → Procurement,56.42,0,,1,Одобрена
11517,Простая,50000.0,Finance,2026-09-01,Manager → Procurement,1.0,0,Недостаточно бюджета,0,Отклонена
10675,IT,128998.59,Sales,2026-09-01,Manager → IT → Finance → Procurement,39.05,1,,1,Одобрена
12406,Простая,11275.21,IT,2026-09-01,Manager → Procurement,1.84,0,,0,Одобрена
10257,IT,69368.56,HR,2026-09-01,Manager → IT → Finance → Procurement,16.0,0,,1,Одобрена
13836,Простая,10591.8,IT,2026-09-01,Manager → Procurement,21.01,1,,1,Одобрена
13980,IT,300000.0,HR,2026-09-01,Manager → IT → Finance → Procurement,39.67,0,Некорректные данные,1,Отклонена
10697,IT,139865.31,IT,2026-09-01,Manager → IT → Finance → Procurement,49.21,0,,0,Одобрена
12206,IT,185904.43,Sales,2026-09-01,Manager → IT → Finance → Procurement,24.17,1,,2,Одобрена
14021,Простая,50000.0,Marketing,2026-09-01,Manager → Procurement,10.75,0,,0,Одобрена
14135,IT,67418.44,IT,2026-09-01,Manager → IT → Finance → Procurement,50.76,0,,0,Одобрена
11211,IT,99845.8,IT,2026-09-01,Manager → IT → Finance → Procurement,28.21,1,,3,Одобрена
14049,Простая,21152.31,Administration,2026-09-01,Manager → Procurement,5.56,0,,0,Одобрена
13655,Простая,18002.61,Marketing,2026-09-01,Manager → Finance → Procurement,23.19,0,,1,Одобрена
12871,IT,61382.24,IT,2026-09-01,Manager → IT → Finance → Procurement,60.96,1,,2,В процессе
10182,Юридическая,683642.74,Sales,2026-09-01,Manager → Finance → Legal → Procurement,41.22,0,,0,Одобрена
14565,Простая,11098.68,Finance,2026-09-01,Manager → Procurement,4.2,0,,0,Одобрена
10835,IT,63399.89,Sales,2026-09-02,Manager → IT → Finance → Procurement,51.99,2,,3,Одобрена
13590,Простая,8925.54,HR,2026-09-02,Manager → Procurement,1.81,0,,1,В процессе
13188,Юридическая,340556.72,Sales,2026-09-02,Manager → Finance → Legal → Procurement,74.04,0,,0,Одобрена
11408,Простая,10828.73,Marketing,2026-09-02,Manager → Finance → Procurement,18.01,0,,0,Одобрена
12181,IT,83020.07,Marketing,2026-09-02,Manager → IT → Procurement → Finance,25.99,0,,0,Одобрена
13340,IT,42308.27,Finance,2026-09-02,Manager → IT → Finance → Procurement,33.73,0,,0,Одобрена
13961,Простая,13829.63,Marketing,2026-09-02,Manager → Procurement,7.81,0,,1,В процессе
10289,IT,40103.78,Marketing,2026-09-02,Manager → IT → Finance → Procurement,61.93,0,,0,Одобрена
13512,IT,133272.16,Sales,2026-09-02,Manager → IT → Finance → Procurement,25.21,0,,0,Одобрена
12026,Простая,21269.62,Sales,2026-09-02,Manager → Procurement,9.58,0,,1,Одобрена
13510,Простая,27386.41,Operations,2026-09-02,Manager → Procurement,2.18,0,,0,Одобрена
10947,IT,183201.97,IT,2026-09-02,Manager → IT → Finance → Procurement,30.33,0,,1,Одобрена
12240,IT,93641.88,Operations,2026-09-02,Manager → IT → Finance → Procurement,46.51,0,,0,Одобрена
13260,Простая,12780.83,HR,2026-09-02,Manager → Finance → Procurement,23.96,0,,0,Одобрена
12101,IT,89117.08,Marketing,2026-09-02,Manager → IT → Finance → Procurement,29.74,0,,1,Одобрена
13537,Простая,50000.0,IT,2026-09-02,Manager → Procurement,9.39,0,,0,Одобрена
13612,Простая,6852.02,Finance,2026-09-03,Manager → Procurement,13.4,0,,1,Одобрена
13248,IT,72594.04,IT,2026-09-03,Manager → IT → Finance → Procurement,9.42,0,Некорректные данные,1,Отклонена
10562,Простая,13138.33,Sales,2026-09-03,Manager → Procurement,11.88,0,,0,Одобрена
12196,IT,92073.19,Administration,2026-09-03,Manager → IT → Finance → Procurement,26.78,0,Технические требования не соблюдены,1,Отклонена
11273,Простая,18473.55,HR,2026-09-03,Manager → Procurement,9.14,0,,0,Одобрена
14482,IT,194583.8,Sales,2026-09-03,Manager → IT → Finance → Procurement,24.8,0,,0,Одобрена
14802,Простая,21141.51,HR,2026-09-03,Manager → Procurement,8.21,0,,0,В процессе
10816,Юридическая,166167.1,Operations,2026-09-03,Manager → Finance → Legal → Procurement,89.34,0,,0,В процессе
11361,IT,109962.66,Marketing,2026-09-03,Manager → IT → Finance → Procurement,17.04,0,,0,Одобрена
12919,Простая,19611.68,Administration,2026-09-03,Manager → Procurement,3.34,0,,0,Одобрена
12246,Простая,48655.47,Administration,2026-09-04,Manager → Procurement,2.23,0,,0,Одобрена
13381,Простая,5868.5,Sales,2026-09-04,Manager → Procurement,10.77,0,,1,Одобрена
14579,Простая,19083.3,IT,2026-09-04,Manager → Procurement,3.73,0,,1,Одобрена
13610,Простая,4613.92,IT,2026-09-04,Manager → Procurement,3.17,0,,0,Одобрена
12225,Юридическая,361337.24,Finance,2026-09-04,Manager → Finance → Legal → Procurement,58.68,0,,0,Одобрена
11718,IT,70945.29,Operations,2026-09-04,Manager → IT → Finance → Procurement,18.9,1,,1,Одобрена
10300,IT,108361.14,IT,2026-09-04,Manager → IT → Finance → Procurement,3.06,0,,0,Одобрена
11693,Простая,24009.08,Operations,2026-09-04,Manager → Procurement,4.24,0,,0,Одобрена
14630,Простая,5660.01,Finance,2026-09-04,Manager → Procurement,3.37,0,,0,Одобрена
10789,IT,89446.86,Operations,2026-09-04,Manager → IT → Finance → Procurement,78.01,3,,4,Одобрена
12458,Простая,18561.35,Operations,2026-09-04,Manager → Procurement,14.88,0,,1,Одобрена
11343,Простая,27133.42,Operations,2026-09-04,Manager → Procurement,4.24,0,,0,Одобрена
14426,Простая,10881.03,Operations,2026-09-04,Manager → Procurement,10.55,0,,0,Одобрена
12814,Простая,13035.49,Marketing,2026-09-04,Manager → Procurement,1.0,0,,0,Одобрена
10718,Простая,5196.61,Administration,2026-09-04,Manager → Procurement,12.04,0,,1,Одобрена
11089,Простая,26294.68,Marketing,2026-09-05,Manager → Procurement,34.81,2,,4,Одобрена
12159,Простая,14369.91,IT,2026-09-05,Manager → Procurement,11.3,0,,1,Одобрена
12777,IT,212739.74,Marketing,2026-09-05,Manager → IT → Finance → Procurement,28.5,0,,0,Одобрена
13262,IT,124664.97,IT,2026-09-05,Manager → IT → Finance → Procurement,52.36,3,,3,Одобрена
14168,Простая,18929.96,IT,2026-09-05,Manager → Finance → Procurement,19.57,0,,0,Одобрена
11101,Простая,22102.05,HR,2026-09-05,Manager → Procurement,15.36,0,,1,Одобрена
11129,IT,141561.17,Sales,2026-09-05,Manager → IT → Finance → Procurement,55.69,1,,2,Одобрена
11152,Юридическая,111400.54,Finance,2026-09-05,Manager → Finance → Legal → Procurement,102.0,0,,0,Одобрена
12567,Простая,17584.33,IT,2026-09-05,Manager → Procurement,13.21,0,,1,Одобрена
11814,Простая,14140.67,IT,2026-09-05,Manager → Procurement,12.44,0,Недостаточно бюджета,0,Отклонена
14467,Простая,13082.78,Marketing,2026-09-05,Manager → Procurement,5.87,0,,0,Одобрена
10383,IT,219204.7,Operations,2026-09-05,Manager → IT → Finance → Procurement,20.39,0,,1,Одобрена
11236,Простая,27189.92,IT,2026-09-05,Manager → Procurement,4.34,0,,1,Одобрена
12731,Простая,5286.19,Finance,2026-09-05,Manager → Procurement,7.33,0,,1,Одобрена
12186,Простая,7503.58,Sales,2026-09-05,Manager → Procurement,1.0,0,,0,Одобрена
11420,Юридическая,495700.28,Finance,2026-09-05,Manager → Finance → Legal → Procurement,80.0,0,,1,Одобрена
12923,Простая,30697.88,Operations,2026-09-06,Manager → Procurement,10.07,0,,0,Одобрена
12033,Простая,13135.22,Marketing,2026-09-06,Manager → Procurement,4.96,0,,0,Одобрена
10728,Простая,22037.76,Marketing,2026-09-06,Manager → Procurement,12.56,0,,1,Одобрена
10827,IT,38727.96,Finance,2026-09-06,Manager → IT → Finance → Procurement,36.16,0,,0,Одобрена
12792,Простая,28020.41,Sales,2026-09-06,Manager → Procurement,3.05,0,,1,Одобрена
14395,Простая,9505.47,Finance,2026-09-06,Manager → Procurement,1.0,0,,0,Одобрена
12929,Простая,9201.37,IT,2026-09-06,Manager → Procurement,14.01,0,,0,Одобрена
13983,IT,107209.72,HR,2026-09-06,Manager → IT → Finance → Procurement,42.42,0,,1,Одобрена
10762,Простая,6978.45,Administration,2026-09-06,Manager → Procurement,2.05,0,,0,Одобрена
13031,IT,200303.5,HR,2026-09-06,Manager → Finance → IT → Procurement,40.39,1,,1,Одобрена
10712,IT,30000.0,HR,2026-09-06,Manager → IT → Finance → Procurement,47.6,0,,0,Одобрена
11506,IT,76224.51,IT,2026-09-06,Manager → IT → Finance → Procurement,31.33,0,,1,Одобрена
12045,Юридическая,474614.63,Administration,2026-09-06,Manager → Finance → Legal → Procurement,39.89,0,,0,Одобрена
10276,Простая,12967.43,Operations,2026-09-06,Manager → Procurement,18.06,0,,1,Одобрена
14474,Простая,20152.57,IT,2026-09-07,Manager → Procurement,1.0,0,,0,Одобрена
10285,IT,72307.96,IT,2026-09-07,Manager → IT → Finance → Procurement,29.11,0,,1,В процессе
12292,IT,49908.76,Marketing,2026-09-07,Manager → IT → Finance → Procurement,35.24,0,,0,Одобрена
11668,Простая,17135.61,Sales,2026-09-07,Manager → Procurement,3.29,0,,0,Одобрена
13153,Простая,13748.05,HR,2026-09-07,Manager → Finance → Procurement,19.86,0,,0,Одобрена
14555,Простая,14787.26,IT,2026-09-07,Manager → Finance → Procurement,17.52,0,,0,Одобрена
10396,Простая,16843.25,Sales,2026-09-07,Manager → Procurement,1.0,0,,0,Одобрена
10471,Простая,36097.76,HR,2026-09-07,Manager → Procurement,5.68,0,,0,Одобрена
10782,Юридическая,1245860.84,Administration,2026-09-07,Manager → Finance → Legal → Procurement,57.86,0,,0,Одобрена
14822,Простая,13570.61,Administration,2026-09-07,Manager → Finance → Procurement,26.22,1,,2,Одобрена
12536,IT,135440.97,Administration,2026-09-07,Manager → IT → Finance → Procurement,27.44,0,,0,В процессе
11790,Простая,15988.16,Operations,2026-09-07,Manager → Procurement,17.54,0,,0,Одобрена
12509,IT,176125.08,HR,2026-09-07,Manager → IT → Finance → Procurement,52.87,1,Технические требования не соблюдены,2,Отклонена
13597,Юридическая,382571.52,Finance,2026-09-07,Manager → Finance → Legal → Procurement,1.0,0,,0,Одобрена
12983,Простая,15145.07,Administration,2026-09-07,Manager → Procurement,10.1,0,,0,Одобрена
11252,Простая,30466.79,Marketing,2026-09-07,Manager → Procurement,6.7,0,,0,Одобрена
11172,IT,30000.0,Sales,2026-09-07,Manager → IT → Finance → Procurement,48.67,0,,1,Одобрена
10041,Простая,23029.79,Marketing,2026-09-07,Manager → Procurement,10.05,0,,0,Одобрена
12943,IT,140283.92,Finance,2026-09-08,Manager → IT → Finance → Procurement,27.81,0,,0,Одобрена
10352,Простая,26141.1,Operations,2026-09-08,Manager → Procurement,10.64,0,,1,Одобрена
11524,IT,199082.25,Marketing,2026-09-08,Manager → IT → Finance → Procurement,50.3,2,,4,Одобрена
12040,IT,37390.24,Administration,2026-09-08,Manager → IT → Finance → Procurement,26.22,0,,1,Одобрена
14521,Простая,28598.81,Administration,2026-09-08,Manager → Procurement,1.0,0,,0,Одобрена
11716,IT,132490.99,Operations,2026-09-08,Manager → IT → Finance → Procurement,55.94,2,Некорректные данные,5,Отклонена
12164,Простая,8779.38,Operations,2026-09-08,Manager → Procurement,6.27,0,,0,Одобрена
11805,IT,113922.23,Operations,2026-09-08,Manager → IT → Finance → Procurement,54.14,2,,5,Одобрена
13746,IT,53936.88,Sales,2026-09-09,Manager → IT → Finance → Procurement,77.93,2,,5,Одобрена
12898,Простая,26200.22,IT,2026-09-09,Manager → Procurement,5.53,0,,0,Одобрена
11905,IT,102825.85,Sales,2026-09-09,Manager → Finance → IT → Procurement,65.09,2,,4,Одобрена
14083,IT,131999.91,IT,2026-09-09,Manager → IT → Finance → Procurement,51.53,1,,1,Одобрена
10903,Простая,37202.4,IT,2026-09-09,Manager → Procurement,11.7,0,,0,Одобрена
11074,Юридическая,558225.47,IT,2026-09-09,Manager → Finance → Legal → Procurement,97.33,0,,1,В процессе
14279,Простая,30884.64,Marketing,2026-09-09,Manager → Procurement,7.23,0,,0,Одобрена
14952,IT,193506.56,Administration,2026-09-09,Manager → IT → Finance → Procurement,39.12,0,,0,Одобрена
11928,IT,150146.94,Administration,2026-09-09,Manager → IT → Finance → Procurement,31.24,0,,0,Одобрена
13791,Простая,6349.86,Operations,2026-09-09,Manager → Procurement,6.79,0,,0,Одобрена
10939,Юридическая,252537.78,Finance,2026-09-09,Manager → Finance → Legal → Procurement,52.38,0,,0,Одобрена
10151,IT,110647.92,Finance,2026-09-09,Manager → IT → Finance → Procurement,44.16,2,Некорректные данные,6,Отклонена
10106,IT,100889.71,Sales,2026-09-09,Manager → IT → Finance → Procurement,17.32,0,,1,Одобрена
14225,Простая,9195.95,IT,2026-09-10,Manager → Procurement,8.42,0,,0,Одобрена
11253,Простая,42055.34,Sales,2026-09-10,Manager → Procurement,9.57,0,,0,Одобрена
10510,Простая,10940.7,HR,2026-09-10,Manager → Procurement,12.81,0,,1,Одобрена
12852,Простая,15971.58,Operations,2026-09-10,Manager → Procurement,2.15,0,,1,Одобрена
13131,Простая,50000.0,HR,2026-09-10,Manager → Procurement,8.99,0,,1,Одобрена
12654,IT,96947.69,IT,2026-09-10,Manager → IT → Finance → Procurement,42.16,0,,1,Одобрена
13456,IT,154019.7,IT,2026-09-10,Manager → IT → Finance → Procurement,26.29,0,,0,Одобрена
10091,Простая,16356.13,Sales,2026-09-10,Manager → Procurement,17.83,0,Недостаточно бюджета,0,Отклонена
11654,Простая,26773.6,Sales,2026-09-10,Manager → Procurement,11.78,0,,1,Одобрена
14906,IT,48475.43,Finance,2026-09-10,Manager → IT → Finance → Procurement,42.11,1,,3,Одобрена
14666,Простая,10561.84,Finance,2026-09-10,Manager → Procurement,8.18,0,Недостаточно бюджета,0,Отклонена
12300,IT,78399.02,HR,2026-09-10,Manager → IT → Finance → Procurement,33.42,0,,0,Одобрена
14440,Простая,8064.89,IT,2026-09-10,Manager → Procurement,14.53,0,,0,Одобрена
11059,IT,117049.91,Operations,2026-09-10,Manager → IT → Finance → Procurement,14.94,0,,0,Одобрена
12638,Простая,12610.05,Administration,2026-09-10,Manager → Procurement,8.93,0,,0,Одобрена
14519,IT,116095.89,Marketing,2026-09-10,Manager → IT → Finance → Procurement,39.6,0,,1,Одобрена
10277,Простая,27480.78,HR,2026-09-10,Manager → Procurement,13.78,0,,0,Одобрена
10373,Простая,32768.35,IT,2026-09-10,Manager → Procurement,38.23,2,,6,В процессе
12569,IT,132821.73,Administration,2026-09-11,Manager → IT → Finance → Procurement,41.73,0,Некорректные данные,0,Отклонена
11431,Юридическая,239942.14,Sales,2026-09-11,Manager → Finance → Procurement → Legal,40.69,0,Некорректные данные,0,Отклонена
10434,IT,88663.54,Sales,2026-09-11,Manager → IT → Finance → Procurement,46.87,0,,1,Одобрена
12273,IT,66426.94,IT,2026-09-11,Manager → IT → Finance → Procurement,28.44,0,,0,Одобрена
11738,Простая,5899.48,HR,2026-09-11,Manager → Procurement,17.9,0,,0,Одобрена
12990,IT,67132.92,Operations,2026-09-11,Manager → IT → Finance → Procurement,65.07,2,,3,Одобрена
11375,Юридическая,100000.0,Marketing,2026-09-11,Manager → Finance → Legal → Procurement,35.74,0,,0,Одобрена
13092,Юридическая,661190.91,IT,2026-09-11,Manager → Finance → Legal → Procurement,95.31,3,,6,Одобрена
12957,Простая,7823.73,Sales,2026-09-11,Manager → Procurement,8.46,0,,0,Одобрена
11062,IT,71148.17,Sales,2026-09-11,Manager → IT → Finance → Procurement,24.38,0,,0,Одобрена
10891,Простая,16807.28,Administration,2026-09-11,Manager → Procurement,15.85,0,,1,Одобрена
14582,IT,118218.64,IT,2026-09-11,Manager → IT → Finance → Procurement,40.11,0,,0,Одобрена
13650,Юридическая,642432.73,HR,2026-09-11,Manager → Finance → Legal → Procurement,21.25,0,,1,Одобрена
11314,Простая,42417.33,IT,2026-09-12,Manager → Procurement,24.73,1,,1,Одобрена
11931,IT,152949.57,Marketing,2026-09-12,Manager → Finance → IT → Procurement,57.36,2,,6,Одобрена
11370,Простая,8278.25,Finance,2026-09-12,Manager → Procurement,3.13,0,,0,Одобрена
11282,Простая,14750.83,Marketing,2026-09-12,Manager → Procurement,1.68,0,,1,Одобрена
14214,Простая,18047.88,IT,2026-09-12,Manager → Procurement,1.0,0,,0,Одобрена
12775,IT,83431.69,Finance,2026-09-12,Manager → IT → Finance → Procurement,43.55,0,Недостаточно бюджета,1,Отклонена
12690,IT,100844.07,Sales,2026-09-12,Manager → IT → Finance → Procurement,16.95,0,,0,Одобрена
10893,Простая,13005.03,Sales,2026-09-12,Manager → Procurement,2.49,0,,1,Одобрена
10542,IT,147246.12,Sales,2026-09-12,Manager → IT → Finance → Procurement,29.76,0,,1,Одобрена
10665,Простая,7109.39,Marketing,2026-09-12,Manager → Procurement,15.13,0,,0,Одобрена
10996,Простая,29348.58,Sales,2026-09-12,Manager → Procurement,6.87,0,,0,Одобрена
12195,IT,90691.18,Operations,2026-09-12,Manager → IT → Finance → Procurement,25.39,0,,0,Одобрена
12595,Простая,11564.32,HR,2026-09-12,Manager → Procurement,4.07,0,,0,Одобрена
10174,Юридическая,269223.21,IT,2026-09-12,Manager → Finance → Legal → Procurement,50.37,0,,1,Одобрена
10440,IT,107155.34,IT,2026-09-12,Manager → IT → Finance → Procurement,30.49,1,Недостаточно бюджета,1,Отклонена
10983,IT,99508.83,Operations,2026-09-12,Manager → IT → Finance → Procurement,42.76,1,,3,Одобрена
14496,Простая,12488.09,IT,2026-09-12,Manager → Procurement,1.0,0,Не согласовано руководителем,0,Отклонена
12356,IT,191418.2,Sales,2026-09-13,Manager → IT → Finance → Procurement,36.07,0,,0,В процессе
14126,Простая,7383.11,Administration,2026-09-13,Manager → Procurement,7.57,0,,0,Одобрена
14809,Простая,19951.56,Sales,2026-09-13,Manager → Procurement,10.29,0,Недостаточно бюджета,0,Отклонена
13458,Юридическая,1660764.24,Operations,2026-09-13,Manager → Finance → Legal → Procurement,73.64,2,,4,Одобрена
11033,IT,66925.41,IT,2026-09-13,Manager → IT → Finance → Procurement,2.05,0,,0,Одобрена
13555,Простая,8353.59,Operations,2026-09-13,Manager → Procurement,8.24,0,,0,Одобрена
11243,Простая,31776.88,IT,2026-09-13,Manager → Procurement,7.86,0,,0,Одобрена
14475,Простая,18014.26,Sales,2026-09-13,Manager → Procurement,12.36,0,,0,Одобрена
13844,IT,99489.88,HR,2026-09-13,Manager → IT → Finance → Procurement,48.21,0,Некорректные данные,0,Отклонена
14463,Простая,9876.61,Marketing,2026-09-13,Manager → Procurement,9.69,0,,0,Одобрена
13568,Простая,13399.04,Sales,2026-09-13,Manager → Procurement,13.82,0,Некорректные данные,1,Отклонена
13795,IT,116876.11,HR,2026-09-13,Manager → IT → Finance → Procurement,59.56,2,,4,Одобрена
12968,Простая,12952.03,Operations,2026-09-13,Manager → Procurement,12.7,0,,0,Одобрена
10430,IT,79581.82,HR,2026-09-14,Manager → IT → Finance → Procurement,32.07,0,,0,Одобрена
10618,Простая,12580.81,Operations,2026-09-14,Manager → Procurement,6.75,0,,0,В процессе
11628,Простая,5214.01,HR,2026-09-14,Manager → Procurement,6.79,0,,1,Одобрена
11324,IT,300000.0,IT,2026-09-14,Manager → IT → Finance → Procurement,44.53,0,,0,Одобрена
10410,Юридическая,306661.02,Operations,2026-09-14,Manager → Finance → Legal → Procurement,20.35,0,,0,Одобрена
13606,Простая,8378.45,Sales,2026-09-14,Manager → Procurement,3.39,0,,1,Одобрена
14535,IT,49207.23,Administration,2026-09-14,Manager → IT → Finance → Procurement,27.87,0,,1,Одобрена
14514,Простая,11656.58,Operations,2026-09-14,Manager → Procurement,10.23,0,,0,Одобрена
10799,IT,148042.3,Finance,2026-09-14,Manager → IT → Finance → Procurement,37.24,0,,1,В процессе
13110,Юридическая,100000.0,HR,2026-09-14,Manager → Finance → Legal → Procurement,21.64,0,,0,В процессе
14100,Юридическая,856270.79,Administration,2026-09-14,Manager → Finance → Legal → Procurement,100.28,2,,5,Одобрена
14175,IT,143801.96,Administration,2026-09-14,Manager → IT → Finance → Procurement,9.36,0,,0,Одобрена
12165,Юридическая,565551.94,Administration,2026-09-14,Manager → Finance → Legal → Procurement,56.66,0,,0,Одобрена
13803,Простая,22749.78,IT,2026-09-14,Manager → Finance → Procurement,20.63,0,,0,Одобрена
10009,Простая,10638.83,Finance,2026-09-14,Manager → Procurement,1.0,0,,0,Одобрена
14092,IT,172345.82,Sales,2026-09-14,Manager → IT → Finance → Procurement,23.72,0,,0,Одобрена
11377,IT,72337.96,Marketing,2026-09-14,Manager → IT → Finance → Procurement,19.95,0,,1,Одобрена
12786,IT,125935.67,Administration,2026-09-14,Manager → IT → Finance → Procurement,35.51,0,,0,Одобрена
13334,Простая,20214.28,HR,2026-09-14,Manager → Procurement,10.41,0,,1,Одобрена
10928,Юридическая,572066.25,Operations,2026-09-15,Manager → Finance → Legal → Procurement,29.51,0,,0,Одобрена
14310,IT,200713.51,HR,2026-09-15,Manager → IT → Procurement → Finance,50.13,1,,3,Одобрена
11387,IT,80173.37,Marketing,2026-09-15,Manager → IT → Finance → Procurement,19.64,0,,0,Одобрена
14247,Юридическая,261365.27,Sales,2026-09-15,Manager → Finance → Legal → Procurement,89.01,2,,3,Одобрена
11639,Простая,10501.51,Operations,2026-09-15,Manager → Procurement,2.46,0,,0,Одобрена
12776,Простая,10038.66,Sales,2026-09-15,Manager → Procurement,9.48,0,Недостаточно бюджета,1,Отклонена
10077,Простая,9350.39,Sales,2026-09-15,Manager → Finance → Procurement,24.34,0,,0,Одобрена
10100,Юридическая,444108.45,Operations,2026-09-15,Manager → Finance → Legal → Procurement,80.94,0,,0,Одобрена
14945,IT,113423.01,Marketing,2026-09-15,Manager → IT → Finance → Procurement,17.17,0,,0,Одобрена
12099,Простая,43097.42,Marketing,2026-09-15,Manager → Procurement,18.27,1,,2,Одобрена
13113,IT,81930.16,Administration,2026-09-15,Manager → IT → Finance → Procurement,37.86,1,,3,Одобрена
14142,IT,86172.83,Administration,2026-09-15,Manager → IT → Finance → Procurement,23.63,0,,1,Одобрена
10923,IT,146678.8,Finance,2026-09-15,Manager → Finance → IT → Procurement,16.84,0,,0,Одобрена
10567,IT,72131.79,Finance,2026-09-15,Manager → IT → Finance → Procurement,44.22,1,,2,В процессе
14077,IT,160414.14,Operations,2026-09-15,Manager → IT → Finance → Procurement,34.09,0,,0,Одобрена
12969,IT,30000.0,IT,2026-09-15,Manager → IT → Finance → Procurement,18.63,0,,0,В процессе
11694,IT,39346.73,Operations,2026-09-15,Manager → Finance → IT → Procurement,45.47,0,,0,Одобрена
14908,Простая,9138.77,Operations,2026-09-15,Manager → Procurement,13.32,0,,1,Одобрена
10720,Юридическая,635514.63,IT,2026-09-16,Manager → Finance → Legal → Procurement,45.98,0,,1,Одобрена
11003,Простая,26247.25,HR,2026-09-16,Manager → Procurement,10.26,0,,0,Одобрена
14179,IT,30000.0,Operations,2026-09-16,Manager → IT → Finance → Procurement,26.5,0,,0,Одобрена
12344,Простая,17060.67,IT,2026-09-16,Manager → Procurement,2.36,0,,0,В процессе
14446,Простая,6833.31,Marketing,2026-09-16,Manager → Procurement,9.22,0,,1,Одобрена
12523,Простая,50000.0,Sales,2026-09-16,Manager → Procurement,6.53,0,,0,Одобрена
11953,IT,129633.1,IT,2026-09-16,Manager → IT → Finance → Procurement,35.08,0,,1,Одобрена
13759,Юридическая,180479.88,Sales,2026-09-16,Manager → Finance → Legal → Procurement,60.05,0,,0,В процессе
12168,Простая,2450.9,IT,2026-09-16,Manager → Procurement,11.7,0,,1,Одобрена
11466,IT,232706.76,Operations,2026-09-16,Manager → IT → Finance → Procurement,26.68,1,Технические требования не соблюдены,3,Отклонена
13613,IT,100652.65,HR,2026-09-16,Manager → IT → Finance → Procurement,19.98,0,,0,Одобрена
10448,IT,58334.56,Sales,2026-09-16,Manager → IT → Finance → Procurement,30.13,0,,0,Одобрена
13145,IT,65803.15,HR,2026-09-16,Manager → Finance → IT → Procurement,85.47,2,,4,Одобрена
12029,IT,106067.79,HR,2026-09-17,Manager → IT → Finance → Procurement,66.18,2,,3,Одобрена
10004,IT,106707.51,IT,2026-09-17,Manager → IT → Finance → Procurement,28.17,0,,0,Одобрена
10630,IT,88431.14,Marketing,2026-09-17,Manager → IT → Finance → Procurement,29.7,0,,0,Одобрена
13617,Простая,10637.15,HR,2026-09-17,Manager → Procurement,3.93,0,,1,Одобрена
11822,Простая,11952.74,Administration,2026-09-17,Manager → Procurement,4.69,0,,0,Одобрена
13276,IT,150073.85,Sales,2026-09-17,Manager → IT → Finance → Procurement,42.11,0,,0,Одобрена
11970,IT,133000.33,HR,2026-09-17,Manager → IT → Finance → Procurement,24.88,0,,0,Одобрена
10777,IT,82005.44,Finance,2026-09-17,Manager → IT → Finance → Procurement,50.96,1,,3,Одобрена
10479,IT,166310.49,HR,2026-09-17,Manager → IT → Finance → Procurement,4.11,0,,1,Одобрена
11676,Юридическая,909052.44,IT,2026-09-17,Manager → Finance → Legal → Procurement,38.58,0,,1,Одобрена
13651,Простая,6934.74,Marketing,2026-09-17,Manager → Procurement,4.1,0,,0,Одобрена
11445,Простая,7911.41,Marketing,2026-09-17,Manager → Procurement,3.92,0,,1,Одобрена
12859,IT,79129.43,Operations,2026-09-17,Manager → IT → Finance → Procurement,21.5,0,,0,Одобрена
13480,IT,190300.84,Operations,2026-09-18,Manager → IT → Finance → Procurement,52.29,0,,0,Одобрена
10467,IT,175778.96,Operations,2026-09-18,Manager → IT → Finance → Procurement,23.1,0,,1,Одобрена
14421,Простая,17768.73,IT,2026-09-18,Manager → Procurement,11.57,0,,0,Одобрена
10160,IT,150611.09,Marketing,2026-09-18,Manager → IT → Finance → Procurement,70.73,0,,1,Одобрена
13812,Простая,10444.0,Administration,2026-09-18,Manager → Procurement,9.18,0,,0,Одобрена
13198,Простая,17019.73,Marketing,2026-09-18,Manager → Procurement,2.51,0,,1,Одобрена
13087,Простая,8025.14,Administration,2026-09-18,Manager → Procurement,1.0,0,,0,Одобрена
11767,Юридическая,494248.21,Operations,2026-09-18,Manager → Finance → Legal → Procurement,1.0,0,,0,Одобрена
10093,Простая,11338.59,Marketing,2026-09-18,Manager → Procurement,1.0,0,,0,Одобрена
13135,IT,61030.77,Marketing,2026-09-18,Manager → IT → Procurement → Finance,42.74,0,,0,Одобрена
14870,IT,64884.91,Administration,2026-09-18,Manager → IT → Finance → Procurement,50.78,0,,1,Одобрена
11731,Юридическая,535057.46,Operations,2026-09-18,Manager → Finance → Legal → Procurement,65.05,0,,0,Одобрена
10653,IT,31023.39,HR,2026-09-18,Manager → IT → Finance → Procurement,34.76,0,,0,В процессе
14969,Простая,14693.19,IT,2026-09-18,Manager → Procurement,12.93,0,,0,Одобрена
14909,IT,73059.43,Marketing,2026-09-18,Manager → IT → Finance → Procurement,28.22,0,,0,Одобрена
13003,Простая,9999.16,Marketing,2026-09-18,Manager → Procurement,6.17,0,,0,Одобрена
14244,IT,88802.11,Marketing,2026-09-19,Manager → IT → Finance → Procurement,50.9,1,,1,Одобрена
14316,IT,124992.21,Administration,2026-09-19,Manager → IT → Finance → Procurement,23.58,0,,0,В процессе
12796,IT,116492.68,Finance,2026-09-19,Manager → IT → Finance → Procurement,1.0,0,,0,Одобрена
13858,Простая,12627.38,Administration,2026-09-19,Manager → Procurement,6.35,0,,0,Одобрена
12286,Простая,28218.8,Administration,2026-09-19,Manager → Procurement,10.61,0,,0,Одобрена
14237,Простая,20231.27,Sales,2026-09-19,Manager → Procurement,21.87,1,,3,Одобрена
13582,IT,54968.91,Sales,2026-09-19,Manager → IT → Finance → Procurement,16.77,0,,0,В процессе
14295,IT,236320.27,IT,2026-09-19,Manager → IT → Finance → Procurement,34.87,0,,0,Одобрена
14143,Простая,30993.78,Marketing,2026-09-19,Manager → Procurement,12.61,0,,0,В процессе
12456,IT,102892.51,Sales,2026-09-19,Manager → IT → Finance → Procurement,37.97,0,Недостаточно бюджета,0,Отклонена
11127,IT,51866.8,Marketing,2026-09-19,Manager → IT → Finance → Procurement,8.78,0,,0,Одобрена
12052,Простая,34183.34,Marketing,2026-09-19,Manager → Procurement,8.1,0,,0,В процессе
14584,Юридическая,205383.52,Operations,2026-09-19,Manager → Finance → Legal → Procurement,60.67,0,,1,Одобрена
11068,IT,30000.0,Marketing,2026-09-19,Manager → IT → Finance → Procurement,31.61,0,,0,Одобрена
10541,Юридическая,258735.18,Administration,2026-09-19,Manager → Finance → Legal → Procurement,34.34,0,,0,Одобрена
12521,Простая,19117.41,IT,2026-09-19,Manager → Procurement,8.59,0,,0,Одобрена
10444,Простая,21859.16,Finance,2026-09-19,Manager → Procurement,13.1,0,,0,Одобрена
11984,Простая,15345.85,Operations,2026-09-19,Manager → Procurement,6.58,0,,1,Одобрена
11846,IT,105523.91,IT,2026-09-19,Manager → IT → Finance → Procurement,48.83,0,,0,Одобрена
14609,Простая,14426.27,Administration,2026-09-19,Manager → Procurement,10.83,0,,0,Одобрена
14677,Простая,30891.92,HR,2026-09-19,Manager → Procurement,2.27,0,,1,В процессе
10680,Простая,50000.0,Sales,2026-09-19,Manager → Procurement,6.64,0,,0,Одобрена
11573,IT,86366.35,HR,2026-09-19,Manager → IT → Finance → Procurement,49.46,0,Недостаточно бюджета,1,Отклонена
13118,IT,178284.03,Marketing,2026-09-20,Manager → IT → Finance → Procurement,3.15,0,,0,В процессе
11454,Юридическая,429066.32,Marketing,2026-09-20,Manager → Finance → Legal → Procurement,33.58,0,,1,Одобрена
13707,Простая,23933.39,IT,2026-09-20,Manager → Finance → Procurement,11.75,0,,0,Одобрена
11967,IT,76517.94,Sales,2026-09-20,Manager → IT → Finance → Procurement,6.68,0,,0,Одобрена
11281,Простая,18931.03,Operations,2026-09-20,Manager → Procurement,18.97,0,,0,Одобрена
13943,Простая,26791.08,IT,2026-09-20,Manager → Procurement,6.01,0,,0,В процессе
12005,Простая,5534.35,Operations,2026-09-20,Manager → Procurement,4.56,0,,0,Одобрена
14236,Простая,11117.07,Marketing,2026-09-20,Manager → Procurement,8.45,0,,1,Одобрена
12324,Простая,50000.0,Administration,2026-09-20,Manager → Procurement,5.02,0,,0,В процессе
14799,IT,242856.22,IT,2026-09-20,Manager → IT → Finance → Procurement,19.32,0,,0,Одобрена
13557,Простая,13584.42,Finance,2026-09-20,Manager → Finance → Procurement,28.29,0,,0,Одобрена
11515,Юридическая,393365.07,IT,2026-09-20,Manager → Finance → Legal → Procurement,75.2,0,,0,Одобрена
13436,IT,300000.0,Operations,2026-09-20,Manager → IT → Finance → Procurement,39.28,0,,1,Одобрена
14328,IT,59433.24,IT,2026-09-20,Manager → IT → Finance → Procurement,46.94,0,,1,Одобрена
10158,IT,84056.98,HR,2026-09-20,Manager → IT → Finance → Procurement,42.89,0,,0,Одобрена
14078,IT,113676.74,Finance,2026-09-21,Manager → IT → Finance → Procurement,46.31,0,,0,Одобрена
11317,IT,95700.04,Sales,2026-09-21,Manager → IT → Finance → Procurement,24.12,0,,0,Одобрена
13330,Простая,25334.31,Sales,2026-09-21,Manager → Procurement,1.0,0,,0,Одобрена
10177,Простая,32394.89,IT,2026-09-21,Manager → Procurement,3.12,0,,0,Одобрена
12295,Простая,7925.17,HR,2026-09-21,Manager → Procurement,9.95,0,,0,Одобрена
12842,Простая,8606.28,Marketing,2026-09-21,Manager → Procurement,15.46,0,,0,Одобрена
13934,Простая,11258.16,Administration,2026-09-21,Manager → Procurement,6.13,0,Не согласовано руководителем,0,Отклонена
11478,Юридическая,982903.85,Sales,2026-09-21,Manager → Finance → Legal → Procurement,23.7,0,,0,Одобрена
14455,IT,132655.64,Sales,2026-09-21,Manager → IT → Finance → Procurement,55.52,2,,3,Одобрена
14442,Простая,30031.5,Administration,2026-09-21,Manager → Procurement,4.02,0,,0,Одобрена
11781,Простая,22681.46,Sales,2026-09-21,Manager → Procurement,2.96,0,,1,Одобрена
14448,Простая,12064.8,Sales,2026-09-21,Manager → Finance → Procurement,25.9,0,,0,Одобрена
14530,IT,197387.04,Marketing,2026-09-21,Manager → IT → Finance → Procurement,35.01,1,,3,Одобрена
11135,Юридическая,155604.41,Marketing,2026-09-21,Manager → Finance → Legal → Procurement,26.06,1,,2,Одобрена
12866,Простая,17566.27,Sales,2026-09-21,Manager → Procurement,11.1,0,,1,Одобрена
10002,Простая,9964.81,Finance,2026-09-21,Manager → Procurement,9.67,0,,0,Одобрена
13731,Юридическая,550755.83,Marketing,2026-09-22,Manager → Finance → Legal → Procurement,49.63,0,,0,Одобрена
11409,Юридическая,282857.91,HR,2026-09-22,Manager → Finance → Legal → Procurement,35.68,0,,0,Одобрена
13632,Юридическая,1176753.3,Sales,2026-09-22,Manager → Finance → Legal → Procurement,83.38,0,,0,Одобрена
10022,Простая,28592.6,Operations,2026-09-22,Manager → Procurement,10.81,0,,0,Одобрена
11680,IT,166916.67,Sales,2026-09-22,Manager → IT → Finance → Procurement,29.01,0,,1,Одобрена
10452,Юридическая,452099.94,HR,2026-09-22,Manager → Finance → Legal → Procurement,119.74,0,,0,Одобрена
14745,Простая,30570.91,Operations,2026-09-22,Manager → Procurement,12.13,0,,1,Одобрена
11302,IT,77219.39,Sales,2026-09-22,Manager → IT → Finance → Procurement,42.28,1,,3,Одобрена
11708,Простая,41420.59,Sales,2026-09-22,Manager → Procurement,8.47,0,,0,Одобрена
10299,IT,86338.6,Marketing,2026-09-22,Manager → IT → Finance → Procurement,37.67,0,,0,Одобрена
11866,Юридическая,312018.85,Sales,2026-09-22,Manager → Finance → Legal → Procurement,60.06,0,,0,Одобрена
10840,IT,153098.72,IT,2026-09-22,Manager → IT → Finance → Procurement,33.4,0,Технические требования не соблюдены,1,Отклонена
11625,Простая,50000.0,IT,2026-09-22,Manager → Finance → Procurement,23.07,0,,0,Одобрена
13505,IT,102808.26,Finance,2026-09-22,Manager → IT → Finance → Procurement,49.84,0,,1,Одобрена
11053,Простая,10515.5,Operations,2026-09-22,Manager → Procurement,14.24,0,,0,Одобрена
10066,IT,112338.1,Sales,2026-09-22,Manager → IT → Finance → Procurement,21.17,0,,1,Одобрена
13056,Простая,13561.51,HR,2026-09-22,Manager → Procurement,6.39,0,,0,Одобрена
10040,IT,65631.46,Operations,2026-09-22,Manager → IT → Finance → Procurement,20.13,0,,1,Одобрена
13880,Простая,10889.86,Sales,2026-09-22,Manager → Procurement,7.79,0,,0,Одобрена
10750,IT,146353.58,Administration,2026-09-22,Manager → IT → Finance → Procurement,41.68,0,,0,Одобрена
12529,IT,88239.09,Sales,2026-09-22,Manager → IT → Finance → Procurement,24.71,0,,1,В процессе
12201,Простая,50000.0,Sales,2026-09-22,Manager → Procurement,18.62,0,,0,Одобрена
12289,Простая,5409.5,HR,2026-09-22,Manager → Procurement,9.3,0,,0,Одобрена
11255,Простая,14655.62,Administration,2026-09-23,Manager → Procurement,8.48,0,,0,В процессе
14701,Юридическая,391509.01,IT,2026-09-23,Manager → Finance → Legal → Procurement,42.55,0,,1,В процессе
13068,Простая,19583.65,Sales,2026-09-23,Manager → Procurement,11.15,0,,0,Одобрена
14678,Простая,15939.38,Finance,2026-09-23,Manager → Procurement,6.6,0,,0,Одобрена
13521,IT,135751.5,HR,2026-09-23,Manager → IT → Finance → Procurement,42.46,0,,0,Одобрена
14825,Простая,13488.32,Sales,2026-09-23,Manager → Procurement,10.51,0,,0,В процессе
14812,IT,288643.01,Sales,2026-09-23,Manager → IT → Finance → Procurement,28.83,1,,2,В процессе
13282,Простая,11909.63,HR,2026-09-23,Manager → Procurement,8.5,0,,0,Одобрена
11636,Простая,27527.43,Marketing,2026-09-23,Manager → Procurement,5.56,0,,0,Одобрена
11549,Простая,14663.91,Finance,2026-09-23,Manager → Procurement,32.4,2,,4,Одобрена
14273,IT,60454.51,Administration,2026-09-23,Manager → IT → Finance → Procurement,47.63,1,,3,Одобрена
12425,Юридическая,613923.3,Finance,2026-09-23,Manager → Finance → Legal → Procurement,22.01,0,,0,Одобрена
12338,Простая,17149.84,Sales,2026-09-23,Manager → Procurement,4.48,0,,0,Одобрена
13411,IT,176094.36,Finance,2026-09-23,Manager → IT → Finance → Procurement,14.12,0,,0,Одобрена
11202,IT,87047.09,Sales,2026-09-24,Manager → IT → Finance → Procurement,1.0,0,,0,Одобрена
13133,Простая,5929.79,Operations,2026-09-24,Manager → Procurement,11.72,0,,0,Одобрена
12477,Простая,11062.86,Sales,2026-09-24,Manager → Procurement,11.95,0,,1,Одобрена
13429,Юридическая,1811790.28,Administration,2026-09-24,Manager → Finance → Legal → Procurement,54.54,0,,0,Одобрена
14541,Простая,3061.25,Administration,2026-09-24,Manager → Procurement,12.19,0,Некорректные данные,0,Отклонена
12594,Простая,20540.32,Operations,2026-09-24,Manager → Procurement,4.87,0,,1,Одобрена
11047,Простая,24409.75,Sales,2026-09-24,Manager → Procurement,9.61,0,,1,Одобрена
13394,Простая,33495.65,Finance,2026-09-25,Manager → Procurement,4.87,0,,0,Одобрена
11381,Простая,15356.01,Finance,2026-09-25,Manager → Procurement,13.43,0,,1,Одобрена
12887,Простая,14316.59,Marketing,2026-09-25,Manager → Procurement,4.76,0,,0,Одобрена
10356,IT,84995.18,Administration,2026-09-25,Manager → IT → Finance → Procurement,44.97,0,,0,Одобрена
13136,IT,160879.52,Sales,2026-09-25,Manager → IT → Finance → Procurement,27.27,0,,0,Одобрена
12743,Простая,11888.99,Operations,2026-09-25,Manager → Procurement,13.72,0,,1,В процессе
13831,Простая,5132.57,IT,2026-09-25,Manager → Procurement,2.64,0,,0,Одобрена
12174,Простая,18045.86,HR,2026-09-25,Manager → Procurement,8.63,0,,1,Одобрена
14942,Простая,31987.91,Marketing,2026-09-25,Manager → Finance → Procurement,24.56,0,,1,Одобрена
13846,IT,116241.43,HR,2026-09-25,Manager → IT → Finance → Procurement,32.56,0,,0,Одобрена
10351,IT,79124.19,Administration,2026-09-26,Manager → IT → Finance → Procurement,53.25,1,,3,Одобрена
13541,Юридическая,743207.83,IT,2026-09-26,Manager → Finance → Legal → Procurement,21.84,0,,0,Одобрена
13271,Юридическая,446930.92,Sales,2026-09-26,Manager → Finance → Legal → Procurement,69.72,0,,1,Одобрена
10118,IT,288805.46,Operations,2026-09-26,Manager → IT → Finance → Procurement,45.67,0,,0,Одобрена
14550,Простая,23744.68,IT,2026-09-26,Manager → Procurement,9.77,0,,0,Одобрена
12711,Юридическая,1431705.06,Sales,2026-09-26,Manager → Finance → Legal → Procurement,77.74,0,,0,Одобрена
12598,Простая,24428.98,Finance,2026-09-26,Manager → Procurement,3.89,0,,0,Одобрена
12980,Юридическая,335048.47,Sales,2026-09-26,Manager → Finance → Legal → Procurement,85.9,0,,0,Одобрена
12694,Юридическая,373433.29,Marketing,2026-09-26,Manager → Finance → Legal → Procurement,72.85,1,,3,Одобрена
12402,IT,174824.22,Marketing,2026-09-26,Manager → IT → Finance → Procurement,18.15,0,,1,Одобрена
12932,Простая,15114.42,HR,2026-09-26,Manager → Procurement,5.61,0,,1,Одобрена
12223,Простая,37481.45,Sales,2026-09-26,Manager → Procurement,10.2,0,,0,Одобрена
14226,Юридическая,942111.1,Operations,2026-09-26,Manager → Finance → Legal → Procurement,83.92,0,,0,Одобрена
10274,IT,118781.77,Operations,2026-09-26,Manager → IT → Finance → Procurement,26.14,0,,0,Одобрена
13592,Простая,4486.86,IT,2026-09-26,Manager → Procurement,11.08,0,Некорректные данные,1,Отклонена
14777,Простая,6542.66,IT,2026-09-26,Manager → Procurement,12.22,0,,0,Одобрена
10594,IT,100524.41,IT,2026-09-27,Manager → IT → Finance → Procurement,42.07,0,,1,Одобрена
14387,Простая,17896.85,Operations,2026-09-27,Manager → Procurement,10.49,1,Недостаточно бюджета,2,Отклонена
11159,Простая,36890.39,IT,2026-09-27,Manager → Procurement,1.0,0,,0,Одобрена
11574,IT,67525.67,HR,2026-09-27,Manager → IT → Finance → Procurement,49.38,1,,2,Одобрена
10450,IT,87093.3,Sales,2026-09-27,Manager → IT → Finance → Procurement,24.32,0,,1,Одобрена
12086,Простая,8934.84,Operations,2026-09-27,Manager → Procurement,12.99,0,,1,В процессе
10454,Простая,40924.95,IT,2026-09-27,Manager → Procurement,13.29,0,,0,Одобрена
14124,Простая,50000.0,Marketing,2026-09-27,Manager → Procurement,12.92,0,,0,Одобрена
12112,IT,147543.26,HR,2026-09-27,Manager → IT → Finance → Procurement,21.97,0,Технические требования не соблюдены,1,Отклонена
14659,IT,74071.82,Administration,2026-09-27,Manager → IT → Finance → Procurement,17.13,0,,0,Одобрена
11813,IT,118030.95,Marketing,2026-09-27,Manager → IT → Finance → Procurement,10.73,0,,0,Одобрена
12470,Простая,7727.5,HR,2026-09-28,Manager → Procurement,1.74,0,,0,Одобрена
12478,Простая,13121.62,Marketing,2026-09-28,Manager → Procurement,7.49,0,,0,Одобрена
10753,Простая,18297.51,Operations,2026-09-28,Manager → Procurement,3.46,0,,0,Одобрена
13842,IT,120910.66,IT,2026-09-28,Manager → IT → Finance → Procurement,42.8,0,,0,Одобрена
12010,IT,240900.51,Sales,2026-09-28,Manager → IT → Finance → Procurement,30.68,1,,1,Одобрена
13608,Простая,15960.09,Finance,2026-09-28,Manager → Procurement,15.33,0,,1,Одобрена
12307,IT,152739.64,IT,2026-09-28,Manager → Finance → IT → Procurement,48.48,1,,1,Одобрена
11785,Простая,20474.2,Finance,2026-09-28,Manager → Procurement,5.68,0,,1,Одобрена
14201,Простая,50000.0,IT,2026-09-28,Manager → Procurement,7.47,0,,0,Одобрена
10708,IT,190013.62,Operations,2026-09-29,Manager → IT → Finance → Procurement,31.56,0,,0,Одобрена
13735,Простая,12569.11,Operations,2026-09-29,Manager → Procurement,2.52,0,,0,Одобрена
10554,Юридическая,398287.62,IT,2026-09-29,Manager → Finance → Legal → Procurement,53.84,0,,0,Одобрена
11634,IT,48647.42,HR,2026-09-29,Manager → IT → Finance → Procurement,31.35,1,,3,В процессе
10320,Юридическая,884688.57,Marketing,2026-09-29,Manager → Finance → Legal → Procurement,40.6,0,,0,В процессе
10505,IT,85672.57,Operations,2026-09-29,Manager → IT → Finance → Procurement,44.16,1,Технические требования не соблюдены,1,Отклонена
11558,Простая,31825.98,IT,2026-09-29,Manager → Procurement,14.28,0,,1,Одобрена
14095,Простая,4253.26,Marketing,2026-09-30,Manager → Procurement,5.27,0,,0,В процессе
14053,IT,64447.01,Administration,2026-09-30,Manager → IT → Finance → Procurement,53.71,1,,3,Одобрена
10957,IT,86642.37,Sales,2026-09-30,Manager → IT → Finance → Procurement,58.44,1,,3,Одобрена
10371,IT,89749.72,IT,2026-09-30,Manager → IT → Finance → Procurement,44.04,0,,0,Одобрена
10449,Простая,8094.69,Sales,2026-09-30,Manager → Procurement,16.33,0,Не согласовано руководителем,0,Отклонена
11649,Юридическая,634185.2,Administration,2026-09-30,Manager → Finance → Legal → Procurement,76.61,0,Недостаточно бюджета,0,Отклонена
10929,IT,107198.14,Operations,2026-09-30,Manager → IT → Finance → Procurement,64.6,2,,4,Одобрена
10152,Юридическая,477455.35,IT,2026-09-30,Manager → Finance → Legal → Procurement,48.71,0,,0,Одобрена
12460,IT,108984.89,Finance,2026-09-30,Manager → IT → Finance → Procurement,2.8,0,,1,Одобрена
13384,IT,52242.85,Marketing,2026-09-30,Manager → IT → Finance → Procurement,27.81,0,,1,Одобрена
12832,Простая,6158.03,Finance,2026-10-01,Manager → Procurement,10.43,0,,0,Одобрена
13197,IT,53537.97,HR,2026-10-01,Manager → IT → Finance → Procurement,66.83,1,,3,Одобрена
12227,IT,182339.93,IT,2026-10-01,Manager → IT → Finance → Procurement,36.52,0,,0,Одобрена
13729,IT,277420.58,IT,2026-10-01,Manager → IT → Finance → Procurement,16.37,0,,0,В процессе
11356,Простая,29975.66,Sales,2026-10-01,Manager → Procurement,8.16,0,,1,Одобрена
11044,IT,129840.22,Administration,2026-10-01,Manager → IT → Finance → Procurement,47.35,0,,0,Одобрена
13303,Простая,9515.13,Marketing,2026-10-01,Manager → Procurement,5.43,0,,1,Одобрена
13856,Простая,15794.4,IT,2026-10-01,Manager → Procurement,3.29,0,,0,Одобрена
13139,IT,53212.2,Operations,2026-10-01,Manager → IT → Finance → Procurement,27.91,1,,1,Одобрена
12910,IT,44483.41,Sales,2026-10-01,Manager → IT → Finance → Procurement,41.63,0,,0,Одобрена
12308,Простая,8182.63,Operations,2026-10-02,Manager → Procurement,12.06,0,Не согласовано руководителем,0,Отклонена
10193,Простая,5225.97,IT,2026-10-02,Manager → Procurement,8.24,0,,0,Одобрена
14404,Простая,3409.22,Sales,2026-10-02,Manager → Procurement,5.61,0,,1,Одобрена
10064,IT,201385.63,IT,2026-10-02,Manager → IT → Finance → Procurement,62.27,0,,1,Одобрена
12160,Простая,7340.89,IT,2026-10-02,Manager → Procurement,12.86,0,,1,Одобрена
13451,IT,164246.99,Administration,2026-10-02,Manager → IT → Finance → Procurement,29.34,0,,0,Одобрена
14276,Простая,10631.94,IT,2026-10-02,Manager → Procurement,9.59,0,,0,Одобрена
14778,Простая,49815.2,Finance,2026-10-02,Manager → Procurement,10.13,0,,1,Одобрена
14025,IT,85879.67,Finance,2026-10-02,Manager → IT → Finance → Procurement,89.3,2,,4,Одобрена
14780,IT,45282.8,Operations,2026-10-02,Manager → IT → Finance → Procurement,24.56,0,,1,Одобрена
13848,IT,51723.65,HR,2026-10-02,Manager → IT → Finance → Procurement,52.34,0,,1,Одобрена
13901,Простая,25506.35,IT,2026-10-03,Manager → Procurement,3.81,0,,0,Одобрена
14743,IT,129304.76,HR,2026-10-03,Manager → IT → Finance → Procurement,23.77,0,,1,Одобрена
10821,Простая,26126.85,Finance,2026-10-03,Manager → Procurement,17.21,0,,1,В процессе
12561,IT,100339.89,Administration,2026-10-03,Manager → IT → Finance → Procurement,48.2,0,,1,Одобрена
10584,Простая,14079.97,Finance,2026-10-03,Manager → Procurement,14.9,0,,0,Одобрена
12141,Юридическая,267031.08,Sales,2026-10-03,Manager → Finance → Legal → Procurement,8.77,0,,0,Одобрена
12878,Простая,11156.7,Operations,2026-10-03,Manager → Procurement,23.74,1,,3,Одобрена
13536,IT,194731.4,Marketing,2026-10-03,Manager → IT → Finance → Procurement,59.15,0,,1,Одобрена
11012,IT,224672.39,Finance,2026-10-03,Manager → IT → Finance → Procurement,19.34,0,,0,Одобрена
13926,IT,70292.23,Sales,2026-10-03,Manager → IT → Finance → Procurement,44.09,0,,0,Одобрена
14939,IT,90653.37,Operations,2026-10-04,Manager → IT → Finance → Procurement,54.52,2,,4,Одобрена
14400,IT,120321.21,Finance,2026-10-04,Manager → IT → Finance → Procurement,20.77,0,,0,Одобрена
13773,IT,142521.88,Finance,2026-10-04,Manager → IT → Finance → Procurement,54.09,1,Технические требования не соблюдены,3,Отклонена
10713,IT,57321.69,Administration,2026-10-04,Manager → IT → Finance → Procurement,61.69,1,,2,Одобрена
11908,Простая,14096.89,Operations,2026-10-04,Manager → Procurement,5.6,0,,0,Одобрена
14957,Юридическая,958359.47,Finance,2026-10-04,Manager → Finance → Legal → Procurement,17.09,0,,0,Одобрена
12476,Простая,18560.73,Sales,2026-10-04,Manager → Procurement,3.76,0,,1,Одобрена
12940,Простая,18989.79,HR,2026-10-04,Manager → Procurement,7.36,0,,1,Одобрена
12953,Простая,35491.39,Operations,2026-10-04,Manager → Procurement,8.56,0,,0,Одобрена
10421,IT,139103.66,Sales,2026-10-04,Manager → IT → Finance → Procurement,53.24,1,,2,Одобрена
11775,IT,300000.0,Sales,2026-10-04,Manager → IT → Finance → Procurement,36.65,0,,0,Одобрена
12417,Простая,10095.51,Marketing,2026-10-04,Manager → Procurement,9.2,0,,0,Одобрена
10823,Простая,22937.49,Finance,2026-10-04,Manager → Procurement,10.79,0,,0,Одобрена
10869,Простая,37264.74,IT,2026-10-04,Manager → Procurement,4.01,0,,0,Одобрена
13879,Простая,33629.73,IT,2026-10-04,Manager → Procurement,4.53,0,,1,Одобрена
13911,IT,37063.57,Sales,2026-10-04,Manager → IT → Finance → Procurement,37.16,0,,1,Одобрена
14647,Юридическая,343661.36,Sales,2026-10-04,Manager → Finance → Legal → Procurement,56.21,0,,1,Одобрена
13914,Простая,3125.49,Sales,2026-10-04,Manager → Procurement,17.52,0,,0,Одобрена
11348,Простая,26879.7,Finance,2026-10-04,Manager → Procurement,11.46,0,,0,Одобрена
12805,Простая,41478.69,Marketing,2026-10-04,Manager → Procurement,14.78,0,Некорректные данные,1,Отклонена
14967,Простая,16179.77,Sales,2026-10-05,Manager → Finance → Procurement,23.1,0,,0,Одобрена
11316,IT,30000.0,Sales,2026-10-05,Manager → IT → Finance → Procurement,41.87,1,,2,В процессе
11662,IT,109921.23,Operations,2026-10-05,Manager → IT → Finance → Procurement,21.45,0,,1,Одобрена
11796,Простая,17714.09,HR,2026-10-05,Manager → Procurement,12.52,0,,0,Одобрена
11415,Простая,26067.52,Sales,2026-10-05,Manager → Procurement,7.17,0,,0,Одобрена
14506,Простая,5033.19,HR,2026-10-05,Manager → Procurement,14.0,0,Недостаточно бюджета,1,Отклонена
13331,Юридическая,226732.33,IT,2026-10-05,Manager → Finance → Legal → Procurement,45.32,0,,1,Одобрена
13500,Юридическая,108621.13,IT,2026-10-05,Manager → Finance → Legal → Procurement,22.8,0,,0,Одобрена
12785,Простая,10407.77,Sales,2026-10-05,Manager → Procurement,3.61,0,,0,Одобрена
13769,IT,84534.21,HR,2026-10-05,Manager → IT → Finance → Procurement,27.26,0,,0,Одобрена
10117,IT,122380.1,HR,2026-10-05,Manager → IT → Finance → Procurement,41.23,0,,1,Одобрена
11204,IT,65957.82,IT,2026-10-05,Manager → IT → Finance → Procurement,16.52,0,,1,Одобрена
10661,Простая,15045.59,Sales,2026-10-05,Manager → Procurement,7.74,0,,0,Одобрена
10203,IT,56754.32,IT,2026-10-06,Manager → IT → Finance → Procurement,19.69,0,,0,Одобрена
10487,Простая,9171.1,Operations,2026-10-06,Manager → Procurement,6.51,0,,0,Одобрена
11402,Простая,3031.77,Marketing,2026-10-06,Manager → Procurement,5.14,0,,0,Одобрена
14111,Простая,33444.78,Administration,2026-10-06,Manager → Procurement,12.67,0,,0,Одобрена
13602,Простая,19702.28,IT,2026-10-06,Manager → Procurement,6.38,0,,0,Одобрена
12781,Простая,29586.79,Operations,2026-10-06,Manager → Procurement,5.87,0,,0,Одобрена
14592,Простая,6999.35,IT,2026-10-06,Manager → Procurement,1.0,0,,0,Одобрена
11996,IT,145030.46,Operations,2026-10-06,Manager → IT → Finance → Procurement,6.35,0,Недостаточно бюджета,0,Отклонена
13511,Юридическая,564700.16,Marketing,2026-10-06,Manager → Finance → Legal → Procurement,67.15,1,,2,Одобрена
14018,Простая,39242.64,Sales,2026-10-06,Manager → Procurement,1.26,0,Некорректные данные,0,Отклонена
10770,IT,55082.42,Finance,2026-10-06,Manager → IT → Finance → Procurement,55.09,0,,0,Одобрена
11724,IT,144282.02,IT,2026-10-06,Manager → IT → Finance → Procurement,31.63,0,,0,Одобрена
14520,Простая,31868.76,IT,2026-10-06,Manager → Procurement,12.77,0,,0,Одобрена
12321,Простая,26819.16,IT,2026-10-06,Manager → Procurement,11.09,0,,0,Одобрена
13164,IT,77151.97,Marketing,2026-10-06,Manager → IT → Finance → Procurement,49.84,1,,2,Одобрена
10464,Простая,20283.59,Finance,2026-10-06,Manager → Procurement,7.16,0,,0,Одобрена
14786,Юридическая,366832.1,HR,2026-10-06,Manager → Finance → Legal → Procurement,70.76,0,,0,Одобрена
14635,IT,208660.38,HR,2026-10-06,Manager → IT → Finance → Procurement,24.08,0,Некорректные данные,0,Отклонена
11755,Простая,19763.6,Sales,2026-10-07,Manager → Procurement,12.2,0,,0,Одобрена
14513,Юридическая,230485.09,Marketing,2026-10-07,Manager → Finance → Legal → Procurement,11.59,0,,0,В процессе
11436,Юридическая,220508.92,Sales,2026-10-07,Manager → Finance → Legal → Procurement,49.97,0,,0,Одобрена
12571,Простая,5135.15,Finance,2026-10-07,Manager → Procurement,5.5,0,,0,Одобрена
10731,Простая,15575.3,Marketing,2026-10-07,Manager → Procurement,12.39,0,Некорректные данные,0,Отклонена
10293,Юридическая,906277.33,Operations,2026-10-07,Manager → Finance → Legal → Procurement,68.52,2,,3,В процессе
13561,IT,46665.54,Marketing,2026-10-07,Manager → IT → Finance → Procurement,50.65,0,,1,Одобрена
13199,Простая,9512.18,Sales,2026-10-07,Manager → Procurement,4.36,0,,0,Одобрена
14172,IT,96000.93,Finance,2026-10-07,Manager → IT → Finance → Procurement,13.48,0,Технические требования не соблюдены,0,Отклонена
10643,Простая,16247.7,Operations,2026-10-07,Manager → Finance → Procurement,30.01,0,,1,В процессе
14433,IT,106341.75,HR,2026-10-07,Manager → IT → Finance → Procurement,7.05,0,,0,Одобрена
11697,Простая,14669.89,Marketing,2026-10-07,Manager → Finance → Procurement,20.39,0,,1,Одобрена
12935,IT,76562.99,HR,2026-10-07,Manager → IT → Finance → Procurement,44.58,0,,1,Одобрена
14115,IT,131239.23,Sales,2026-10-07,Manager → IT → Finance → Procurement,44.43,0,,0,Одобрена
14480,Юридическая,470744.91,Finance,2026-10-07,Manager → Finance → Legal → Procurement,33.96,1,,1,В процессе
13918,IT,198328.14,Marketing,2026-10-07,Manager → IT → Finance → Procurement,38.15,0,,1,Одобрена
10919,Простая,7536.35,Operations,2026-10-07,Manager → Procurement,1.85,0,,0,В процессе
14923,Простая,17110.86,HR,2026-10-07,Manager → Procurement,4.49,0,,0,Одобрена
10685,IT,73887.84,Sales,2026-10-07,Manager → IT → Finance → Procurement,61.32,1,,2,Одобрена
14280,IT,58861.12,Administration,2026-10-07,Manager → IT → Finance → Procurement,19.98,0,,0,В процессе
14343,IT,123960.1,Operations,2026-10-08,Manager → IT → Finance → Procurement,48.61,1,,3,Одобрена
12440,IT,114391.06,Administration,2026-10-08,Manager → IT → Finance → Procurement,17.35,0,,0,Одобрена
12447,Простая,49741.91,HR,2026-10-08,Manager → Procurement,5.81,0,,1,Одобрена
10213,Простая,15938.51,Administration,2026-10-08,Manager → Procurement,1.0,0,,0,Одобрена
11220,Простая,22631.06,Sales,2026-10-08,Manager → Procurement,1.0,0,,0,Одобрена
10946,Простая,23066.94,Marketing,2026-10-08,Manager → Procurement,1.0,0,,0,Одобрена
13694,IT,142457.24,IT,2026-10-08,Manager → IT → Procurement → Finance,64.26,0,,0,Одобрена
11766,Простая,4213.68,HR,2026-10-08,Manager → Procurement,9.1,0,,0,Одобрена
11779,Простая,7649.57,Sales,2026-10-08,Manager → Procurement,1.0,0,,0,Одобрена
13001,IT,103753.99,HR,2026-10-08,Manager → IT → Finance → Procurement,64.49,1,,3,Одобрена
10404,Простая,14149.7,IT,2026-10-08,Manager → Procurement,10.72,0,,0,Одобрена
12048,IT,77286.6,Marketing,2026-10-08,Manager → IT → Finance → Procurement,15.43,1,,1,В процессе
13187,IT,91817.12,Sales,2026-10-08,Manager → IT → Procurement → Finance,30.2,0,,1,Одобрена
12834,IT,101590.92,Finance,2026-10-08,Manager → IT → Finance → Procurement,66.2,1,,1,Одобрена
12025,Простая,8808.44,IT,2026-10-08,Manager → Procurement,11.82,0,Не согласовано руководителем,0,Отклонена
11110,Простая,12080.54,HR,2026-10-08,Manager → Procurement,2.55,0,Не согласовано руководителем,1,Отклонена
14576,Простая,8463.49,HR,2026-10-09,Manager → Procurement,40.33,2,,6,Одобрена
11849,Простая,13989.63,Marketing,2026-10-09,Manager → Procurement,4.97,0,,0,Одобрена
13322,Простая,19330.67,Sales,2026-10-09,Manager → Procurement,7.33,0,,0,Одобрена
10263,Простая,15207.21,IT,2026-10-09,Manager → Procurement,16.4,0,,0,Одобрена
11167,IT,154896.33,HR,2026-10-09,Manager → Finance → IT → Procurement,13.3,0,Технические требования не соблюдены,0,Отклонена
12281,Простая,5798.4,Finance,2026-10-09,Manager → Procurement,26.95,2,,5,Одобрена
14066,IT,30000.0,HR,2026-10-09,Manager → IT → Finance → Procurement,61.29,0,,0,Одобрена
11000,Простая,8599.69,Operations,2026-10-09,Manager → Procurement,13.32,0,,0,Одобрена
10682,Простая,12600.14,Sales,2026-10-09,Manager → Procurement,9.15,0,,1,Одобрена
12837,IT,73138.22,Marketing,2026-10-09,Manager → IT → Finance → Procurement,17.26,0,,1,Одобрена
13058,Простая,19688.49,Marketing,2026-10-09,Manager → Procurement,15.34,0,Некорректные данные,0,Отклонена
13063,Простая,50000.0,Sales,2026-10-09,Manager → Procurement,4.61,0,,1,Одобрена
10204,Простая,14410.26,Sales,2026-10-09,Manager → Procurement,16.41,0,,1,Одобрена
12971,Простая,27783.21,HR,2026-10-09,Manager → Procurement,8.62,0,,0,Одобрена
14296,Простая,6616.96,Sales,2026-10-09,Manager → Procurement,5.46,0,,0,Одобрена
12093,IT,154612.8,Operations,2026-10-09,Manager → IT → Finance → Procurement,10.7,0,,0,Одобрена
14851,Простая,22088.43,Marketing,2026-10-09,Manager → Procurement,11.1,0,,1,Одобрена
11687,IT,96900.59,Administration,2026-10-10,Manager → IT → Finance → Procurement,30.54,0,,0,Одобрена
12959,Простая,23297.83,IT,2026-10-10,Manager → Procurement,1.0,0,,0,Одобрена
12610,Простая,10392.53,Operations,2026-10-10,Manager → Finance → Procurement,16.47,0,,1,Одобрена
13942,Простая,8225.07,IT,2026-10-10,Manager → Procurement,13.25,0,,0,Одобрена
11739,IT,108561.54,Operations,2026-10-10,Manager → IT → Finance → Procurement,57.37,1,,1,Одобрена
11945,IT,87507.71,Sales,2026-10-10,Manager → IT → Finance → Procurement,41.1,0,,1,Одобрена
11010,Простая,12300.45,Operations,2026-10-10,Manager → Procurement,2.56,0,,1,Одобрена
11490,Простая,8022.73,Administration,2026-10-10,Manager → Procurement,4.41,0,Недостаточно бюджета,0,Отклонена
11553,Простая,12602.25,Operations,2026-10-10,Manager → Procurement,9.74,0,Некорректные данные,0,Отклонена
12424,Простая,19853.48,Sales,2026-10-10,Manager → Procurement,10.77,0,,0,Одобрена
13679,Простая,32395.49,Operations,2026-10-10,Manager → Procurement,17.43,0,,1,Одобрена
11154,Простая,16796.21,Marketing,2026-10-10,Manager → Procurement,19.29,0,,0,Одобрена
13274,IT,152764.25,Finance,2026-10-10,Manager → IT → Finance → Procurement,49.31,0,,0,Одобрена
13578,Простая,11298.57,Marketing,2026-10-10,Manager → Procurement,11.87,0,,0,Одобрена
12513,Простая,26249.16,IT,2026-10-10,Manager → Procurement,10.27,0,,0,Одобрена
13267,Простая,5035.17,Administration,2026-10-10,Manager → Procurement,10.7,0,,0,Одобрена
13309,IT,50055.96,Sales,2026-10-10,Manager → IT → Finance → Procurement,35.0,1,,3,Одобрена
11088,IT,34121.83,Marketing,2026-10-10,Manager → Finance → IT → Procurement,57.79,0,,0,Одобрена
14766,Простая,8925.48,Sales,2026-10-11,Manager → Procurement,8.62,0,Недостаточно бюджета,1,Отклонена
11682,IT,172219.38,Operations,2026-10-11,Manager → IT → Finance → Procurement,15.4,0,,0,Одобрена
11076,Простая,23513.74,Sales,2026-10-11,Manager → Procurement,7.79,0,,0,Одобрена
13228,Простая,21050.59,IT,2026-10-11,Manager → Procurement,17.02,0,,0,Одобрена
13348,IT,116143.32,IT,2026-10-11,Manager → IT → Finance → Procurement,51.95,2,,4,Одобрена
10752,Простая,11064.6,Sales,2026-10-11,Manager → Procurement,1.75,0,,1,Одобрена
14707,Простая,5543.27,Operations,2026-10-11,Manager → Procurement,6.73,0,,0,Одобрена
14989,Юридическая,331119.91,Marketing,2026-10-11,Manager → Finance → Legal → Procurement,71.54,1,,1,Одобрена
11458,Простая,4292.83,Finance,2026-10-11,Manager → Procurement,4.07,0,,0,Одобрена
13174,Юридическая,383349.72,Sales,2026-10-11,Manager → Finance → Legal → Procurement,1.64,0,,1,Одобрена
11497,Юридическая,230620.34,Sales,2026-10-11,Manager → Finance → Legal → Procurement,42.77,1,,3,Одобрена
10519,Простая,14829.65,IT,2026-10-11,Manager → Procurement,2.44,0,,0,В процессе
11240,Простая,15181.65,HR,2026-10-11,Manager → Procurement,2.62,0,,0,Одобрена
11390,Простая,44231.25,Marketing,2026-10-11,Manager → Procurement,13.52,0,,1,Одобрена
12985,Простая,17393.81,Operations,2026-10-11,Manager → Procurement,23.24,0,,1,Одобрена
11162,IT,225078.9,HR,2026-10-11,Manager → IT → Finance → Procurement,48.85,0,,0,Одобрена
11328,IT,68051.52,HR,2026-10-11,Manager → IT → Finance → Procurement,24.73,0,,0,Одобрена
13419,Простая,23913.98,Marketing,2026-10-12,Manager → Procurement,2.51,0,,1,Одобрена
14932,IT,181227.27,Finance,2026-10-12,Manager → IT → Finance → Procurement,38.98,0,,0,Одобрена
12905,Простая,24006.96,Administration,2026-10-12,Manager → Procurement,15.96,0,,0,Одобрена
12385,Простая,17306.04,IT,2026-10-12,Manager → Procurement,2.65,0,,0,Одобрена
14357,Юридическая,428384.81,Administration,2026-10-12,Manager → Finance → Legal → Procurement,74.55,0,,1,Одобрена
14758,Юридическая,138879.6,Sales,2026-10-12,Manager → Finance → Legal → Procurement,46.1,1,,1,Одобрена
13927,IT,116856.49,Finance,2026-10-12,Manager → IT → Finance → Procurement,29.17,0,,0,Одобрена
10727,Простая,21763.75,Finance,2026-10-12,Manager → Procurement,14.81,0,,1,Одобрена
10401,Простая,16001.17,Finance,2026-10-12,Manager → Procurement,9.85,0,,0,Одобрена
11760,Юридическая,100000.0,Marketing,2026-10-12,Manager → Finance → Legal → Procurement,66.91,0,,1,Одобрена
11983,Юридическая,837027.38,Marketing,2026-10-12,Manager → Finance → Legal → Procurement,85.81,0,,0,Одобрена
11791,IT,90492.06,Sales,2026-10-12,Manager → IT → Finance → Procurement,30.52,0,,0,Одобрена
12504,IT,38195.1,Sales,2026-10-12,Manager → IT → Finance → Procurement,11.19,0,,0,Одобрена
10912,Юридическая,545367.3,IT,2026-10-12,Manager → Finance → Procurement → Legal,120.28,0,,0,Одобрена
14735,Юридическая,235863.11,IT,2026-10-13,Manager → Finance → Legal → Procurement,80.91,0,,0,Одобрена
12270,Юридическая,938901.91,Sales,2026-10-13,Manager → Finance → Legal → Procurement,38.78,0,,0,Одобрена
12543,Простая,11210.81,HR,2026-10-13,Manager → Procurement,6.82,0,,0,Одобрена
11217,Простая,11362.04,Sales,2026-10-13,Manager → Procurement,18.6,0,,0,Одобрена
12771,Простая,26723.48,IT,2026-10-13,Manager → Procurement,10.6,0,,1,Одобрена
12017,Простая,11642.95,Sales,2026-10-13,Manager → Procurement,16.23,0,,1,Одобрена
14824,IT,63511.41,Sales,2026-10-13,Manager → IT → Finance → Procurement,54.25,0,,0,Одобрена
12507,Юридическая,175379.01,Administration,2026-10-13,Manager → Finance → Legal → Procurement,65.66,0,,0,Одобрена
11024,IT,137639.57,Operations,2026-10-13,Manager → IT → Finance → Procurement,21.29,0,,1,Одобрена
10991,IT,42671.18,IT,2026-10-13,Manager → IT → Finance → Procurement,36.36,0,,0,Одобрена
10814,IT,300000.0,Finance,2026-10-13,Manager → IT → Finance → Procurement,36.57,0,,0,Одобрена
11403,Юридическая,119464.49,IT,2026-10-13,Manager → Finance → Legal → Procurement,75.72,0,,0,В процессе
14762,IT,132653.7,IT,2026-10-13,Manager → IT → Finance → Procurement,41.09,1,,3,Одобрена
13404,Юридическая,1952744.85,Operations,2026-10-13,Manager → Finance → Legal → Procurement,61.46,1,,1,Одобрена
12027,IT,61051.83,HR,2026-10-13,Manager → IT → Finance → Procurement,5.02,0,,0,Одобрена
11020,Простая,13207.65,Administration,2026-10-13,Manager → Procurement,4.9,0,,0,Одобрена
12553,IT,78809.77,Marketing,2026-10-13,Manager → IT → Finance → Procurement,19.2,0,,1,Одобрена
10470,IT,87282.55,IT,2026-10-13,Manager → IT → Finance → Procurement,20.72,0,,0,Одобрена
13405,Юридическая,239871.83,Administration,2026-10-13,Manager → Finance → Legal → Procurement,43.45,0,,0,Одобрена
11563,Юридическая,1684391.48,IT,2026-10-13,Manager → Finance → Legal → Procurement,54.78,0,,1,Одобрена
10565,IT,75737.48,Administration,2026-10-14,Manager → IT → Finance → Procurement,9.44,0,,0,В процессе
14881,Простая,33607.2,Marketing,2026-10-14,Manager → Procurement,2.72,0,,0,Одобрена
11286,Юридическая,100000.0,HR,2026-10-14,Manager → Finance → Legal → Procurement,62.08,0,,1,Одобрена
11593,Юридическая,583846.95,Sales,2026-10-14,Manager → Finance → Legal → Procurement,65.47,0,,0,Одобрена
12719,Простая,20769.75,Operations,2026-10-14,Manager → Procurement,14.03,0,,1,В процессе
14947,IT,30000.0,Operations,2026-10-14,Manager → Finance → IT → Procurement,63.93,0,,1,Одобрена
13736,Юридическая,398356.61,Marketing,2026-10-14,Manager → Finance → Legal → Procurement,64.29,0,,0,В процессе
10303,IT,62146.87,Finance,2026-10-14,Manager → IT → Finance → Procurement,24.76,0,,0,Одобрена
11874,Юридическая,819709.57,Sales,2026-10-14,Manager → Finance → Legal → Procurement,52.98,0,,1,Одобрена
13181,Юридическая,849634.95,Marketing,2026-10-14,Manager → Finance → Legal → Procurement,38.41,0,,0,Одобрена
10856,Простая,12821.74,Operations,2026-10-14,Manager → Procurement,10.28,0,,0,Одобрена
13646,IT,116200.02,Sales,2026-10-14,Manager → IT → Finance → Procurement,53.32,0,,1,Одобрена
10492,IT,147380.75,Finance,2026-10-14,Manager → IT → Finance → Procurement,21.64,1,,2,Одобрена
13619,Простая,21631.82,IT,2026-10-15,Manager → Procurement,2.37,0,,0,Одобрена
13211,Простая,50000.0,Sales,2026-10-15,Manager → Procurement,1.17,0,,0,Одобрена
13242,IT,252881.71,Administration,2026-10-15,Manager → IT → Finance → Procurement,56.22,0,,1,Одобрена
10389,Простая,13020.19,Sales,2026-10-15,Manager → Procurement,9.1,0,,1,Одобрена
12894,IT,240253.7,IT,2026-10-15,Manager → IT → Finance → Procurement,27.63,0,,0,Одобрена
13642,Простая,6760.28,Administration,2026-10-15,Manager → Procurement,4.15,0,,1,Одобрена
12340,Простая,50000.0,Administration,2026-10-15,Manager → Procurement,14.28,0,,0,Одобрена
11007,Юридическая,886452.03,Finance,2026-10-15,Manager → Finance → Legal → Procurement,14.21,0,,0,Одобрена
13091,Юридическая,350513.34,Marketing,2026-10-15,Manager → Legal → Finance → Procurement,91.45,2,,5,Одобрена
11265,IT,201353.77,Sales,2026-10-15,Manager → IT → Finance → Procurement,50.25,0,,1,Одобрена
11864,IT,121191.44,Marketing,2026-10-15,Manager → IT → Finance → Procurement,35.43,0,,1,Одобрена
10183,IT,65409.12,IT,2026-10-15,Manager → IT → Finance → Procurement,24.29,0,,0,Одобрена
14517,Простая,20098.65,Operations,2026-10-15,Manager → Procurement,6.78,0,,0,В процессе
11837,Простая,12695.43,IT,2026-10-15,Manager → Procurement,9.56,0,,1,Одобрена
13862,Простая,31521.63,Sales,2026-10-15,Manager → Procurement,1.0,0,,0,Одобрена
12217,Простая,5987.34,Finance,2026-10-15,Manager → Procurement,5.28,0,,0,Одобрена
12802,Простая,30805.54,Operations,2026-10-15,Manager → Procurement,12.34,0,,0,Одобрена
10316,Простая,13912.14,Sales,2026-10-16,Manager → Procurement,11.11,0,,0,Одобрена
13078,IT,51276.59,Marketing,2026-10-16,Manager → IT → Finance → Procurement,40.89,0,,0,Одобрена
10531,IT,42256.89,Marketing,2026-10-16,Manager → IT → Finance → Procurement,42.61,1,,3,Одобрена
12260,Простая,50000.0,IT,2026-10-16,Manager → Procurement,11.03,0,,1,Одобрена
11817,IT,300000.0,HR,2026-10-16,Manager → IT → Finance → Procurement,11.1,0,,1,Одобрена
10538,Простая,16089.05,HR,2026-10-16,Manager → Procurement,15.08,0,,0,Одобрена
10331,IT,125491.91,Operations,2026-10-16,Manager → IT → Procurement → Finance,58.75,0,,1,В процессе
14727,IT,105358.39,Marketing,2026-10-16,Manager → IT → Finance → Procurement,40.1,0,Недостаточно бюджета,0,Отклонена
11484,Простая,13970.66,Finance,2026-10-16,Manager → Procurement,8.1,0,Некорректные данные,0,Отклонена
11208,Простая,15695.74,Marketing,2026-10-16,Manager → Procurement,14.94,0,,0,Одобрена
14221,Простая,6643.5,Administration,2026-10-16,Manager → Procurement,4.18,0,,0,Одобрена
10502,Юридическая,234920.4,Sales,2026-10-16,Manager → Finance → Legal → Procurement,43.82,0,,0,Одобрена
13957,Юридическая,162588.65,Finance,2026-10-16,Manager → Finance → Legal → Procurement,94.1,1,,3,Одобрена
12575,IT,171525.36,IT,2026-10-16,Manager → IT → Finance → Procurement,31.69,0,,0,Одобрена
10906,IT,203590.88,Operations,2026-10-16,Manager → IT → Finance → Procurement,30.73,0,,1,Одобрена
10036,Простая,33408.27,IT,2026-10-17,Manager → Procurement,4.09,0,,1,В процессе
14047,Простая,40313.36,Marketing,2026-10-17,Manager → Procurement,13.54,0,,1,В процессе
14875,IT,81562.8,Marketing,2026-10-17,Manager → IT → Finance → Procurement,28.34,0,,0,В процессе
13754,IT,105586.76,Operations,2026-10-17,Manager → IT → Finance → Procurement,35.88,0,,0,В процессе
14128,Простая,41126.19,HR,2026-10-17,Manager → Procurement,3.65,0,,0,Одобрена
10941,Простая,13305.03,Finance,2026-10-17,Manager → Procurement,10.54,0,,0,Одобрена
10734,Простая,13070.95,Operations,2026-10-17,Manager → Procurement,9.07,0,,1,Одобрена
14804,Простая,24811.4,Finance,2026-10-17,Manager → Procurement,13.4,0,,0,Одобрена
12482,Простая,13100.91,Administration,2026-10-17,Manager → Procurement,3.79,0,,0,Одобрена
13052,Простая,10385.01,Operations,2026-10-17,Manager → Procurement,5.25,0,,0,Одобрена
13217,Простая,17583.41,Operations,2026-10-18,Manager → Procurement,2.41,0,,1,Одобрена
12353,Простая,4655.61,Administration,2026-10-18,Manager → Procurement,10.51,0,,0,Одобрена
13834,Простая,24116.27,HR,2026-10-18,Manager → Procurement,1.66,0,Некорректные данные,1,Отклонена
13778,Простая,5930.36,Operations,2026-10-18,Manager → Procurement,1.89,0,,0,Одобрена
13067,Простая,3223.45,IT,2026-10-18,Manager → Procurement,4.0,0,,1,Одобрена
11341,Простая,11093.04,Operations,2026-10-18,Manager → Procurement,11.3,0,Некорректные данные,1,Отклонена
10966,Простая,7780.53,Marketing,2026-10-18,Manager → Procurement,3.64,0,,0,Одобрена
11344,IT,58704.26,Sales,2026-10-18,Manager → IT → Finance → Procurement,35.79,0,,0,Одобрена
13007,IT,87633.27,Sales,2026-10-18,Manager → IT → Finance → Procurement,18.59,0,,1,Одобрена
14918,IT,139475.84,Sales,2026-10-18,Manager → IT → Finance → Procurement,36.63,0,,0,Одобрена
10121,IT,146418.61,HR,2026-10-18,Manager → IT → Finance → Procurement,48.75,2,,4,Одобрена
14422,Простая,4131.5,IT,2026-10-18,Manager → Procurement,11.78,0,,0,В процессе
14327,Простая,6164.47,Sales,2026-10-18,Manager → Procurement,33.9,2,,5,Одобрена
11929,Простая,10079.53,Marketing,2026-10-18,Manager → Procurement,14.74,0,,1,Одобрена
11540,Простая,36593.16,Finance,2026-10-18,Manager → Procurement,1.0,0,,0,Одобрена
14183,IT,155479.95,Sales,2026-10-18,Manager → IT → Finance → Procurement,27.29,0,,0,Одобрена
13719,Юридическая,290712.31,Sales,2026-10-19,Manager → Finance → Legal → Procurement,59.14,0,,0,В процессе
13093,Юридическая,571860.73,Marketing,2026-10-19,Manager → Finance → Legal → Procurement,53.68,0,,0,Одобрена
13713,Юридическая,166420.1,Operations,2026-10-19,Manager → Finance → Legal → Procurement,66.52,0,,0,В процессе
12009,Простая,17677.92,IT,2026-10-19,Manager → Procurement,16.38,0,,0,Одобрена
12958,Простая,4837.78,Marketing,2026-10-19,Manager → Procurement,2.23,0,Недостаточно бюджета,0,Отклонена
13853,Простая,17758.99,IT,2026-10-19,Manager → Procurement,2.54,0,,1,В процессе
14887,Простая,11666.71,Finance,2026-10-19,Manager → Procurement,10.11,0,Некорректные данные,0,Отклонена
12511,Простая,17201.49,HR,2026-10-19,Manager → Procurement,11.29,0,,0,Одобрена
12214,Простая,14588.59,HR,2026-10-19,Manager → Procurement,2.85,0,,0,Одобрена
13788,Простая,23846.48,Finance,2026-10-19,Manager → Procurement,5.76,0,,0,Одобрена
11698,IT,76037.47,IT,2026-10-19,Manager → IT → Finance → Procurement,28.96,0,,0,Одобрена
13009,Простая,10548.53,Operations,2026-10-20,Manager → Procurement,4.97,0,,0,Одобрена
14690,IT,153496.96,IT,2026-10-20,Manager → IT → Finance → Procurement,14.48,0,,0,Одобрена
13895,Юридическая,417298.82,Sales,2026-10-20,Manager → Finance → Legal → Procurement,79.85,3,,5,Одобрена
14268,IT,163733.31,Operations,2026-10-20,Manager → IT → Finance → Procurement,38.74,0,,0,Одобрена
14655,Простая,24258.67,Operations,2026-10-20,Manager → Procurement,8.17,0,,0,Одобрена
12736,Простая,6826.66,Sales,2026-10-20,Manager → Procurement,12.75,0,,0,Одобрена
11538,IT,123341.02,HR,2026-10-20,Manager → IT → Finance → Procurement,26.26,0,,0,Одобрена
11190,IT,57916.3,HR,2026-10-20,Manager → IT → Finance → Procurement,47.22,1,,3,Одобрена
12047,Простая,36409.66,Sales,2026-10-20,Manager → Procurement,8.52,0,,0,Одобрена
14471,Юридическая,513910.45,Finance,2026-10-20,Manager → Finance → Legal → Procurement,52.28,1,,2,Одобрена
10148,IT,123706.27,Sales,2026-10-20,Manager → IT → Finance → Procurement,80.89,3,,5,В процессе
12705,IT,119993.2,Sales,2026-10-20,Manager → IT → Finance → Procurement,38.27,0,,0,Одобрена
11688,IT,91727.2,Operations,2026-10-21,Manager → IT → Finance → Procurement,58.93,1,,3,Одобрена
11838,Простая,9487.98,HR,2026-10-21,Manager → Procurement,2.59,0,,0,Одобрена
10997,IT,198792.21,HR,2026-10-21,Manager → IT → Finance → Procurement,54.79,2,,4,Одобрена
14877,Простая,26360.34,Operations,2026-10-21,Manager → Procurement,9.76,0,,0,Одобрена
14084,Простая,10999.73,Marketing,2026-10-21,Manager → Procurement,13.96,0,,1,Одобрена
12346,Простая,15635.2,Sales,2026-10-21,Manager → Procurement,5.39,0,,0,Одобрена
11118,IT,69628.05,IT,2026-10-21,Manager → IT → Finance → Procurement,35.56,0,,0,В процессе
10800,IT,61158.43,Sales,2026-10-21,Manager → IT → Finance → Procurement,26.75,0,Технические требования не соблюдены,0,Отклонена
13728,Простая,14245.21,Sales,2026-10-21,Manager → Procurement,4.27,0,,0,В процессе
14631,Простая,5278.07,Operations,2026-10-21,Manager → Procurement,11.83,0,,0,Одобрена
11603,IT,136836.87,Marketing,2026-10-21,Manager → IT → Finance → Procurement,49.9,1,,3,Одобрена
12002,Простая,7424.61,Administration,2026-10-21,Manager → Procurement,10.23,0,,0,Одобрена
10442,Простая,7152.05,Operations,2026-10-21,Manager → Procurement,15.98,0,,1,Одобрена
10743,Юридическая,224787.07,Operations,2026-10-21,Manager → Finance → Procurement → Legal,79.9,0,,0,Одобрена
13992,Простая,33107.9,IT,2026-10-21,Manager → Procurement,18.72,0,,0,Одобрена
12092,Юридическая,1713408.02,HR,2026-10-21,Manager → Finance → Legal → Procurement,48.59,0,,0,Одобрена
13080,Простая,32866.72,Administration,2026-10-22,Manager → Procurement,10.04,0,,0,Одобрена
13981,Простая,9724.34,Sales,2026-10-22,Manager → Procurement,12.29,0,,0,Одобрена
10642,IT,176638.69,Operations,2026-10-22,Manager → IT → Finance → Procurement,32.24,0,,1,Одобрена
12607,IT,125233.6,Operations,2026-10-22,Manager → IT → Finance → Procurement,51.54,0,,1,Одобрена
12945,Простая,8697.47,HR,2026-10-22,Manager → Procurement,15.94,0,,1,Одобрена
12327,Простая,26018.38,Administration,2026-10-22,Manager → Procurement,4.18,0,,0,Одобрена
11184,Простая,12069.61,Finance,2026-10-22,Manager → Procurement,10.72,0,,1,Одобрена
12849,IT,56363.76,Marketing,2026-10-22,Manager → IT → Finance → Procurement,57.16,1,,2,Одобрена
14922,Простая,15203.17,Sales,2026-10-22,Manager → Procurement,3.84,0,,0,Одобрена
13150,Простая,7029.89,IT,2026-10-22,Manager → Procurement,13.29,0,,0,Одобрена
12014,Простая,37112.82,Finance,2026-10-22,Manager → Procurement,10.45,0,,0,Одобрена
10208,IT,221830.2,Administration,2026-10-22,Manager → IT → Finance → Procurement,55.76,1,,3,В процессе
13775,IT,129429.59,Finance,2026-10-23,Manager → IT → Finance → Procurement,34.5,0,,0,Одобрена
14898,IT,60075.91,Operations,2026-10-23,Manager → IT → Finance → Procurement,23.86,0,,0,Одобрена
13333,Простая,26175.47,IT,2026-10-23,Manager → Procurement,9.48,0,,0,Одобрена
13763,Простая,17957.05,Marketing,2026-10-23,Manager → Procurement,14.28,0,,0,Одобрена
11818,Простая,24631.99,IT,2026-10-23,Manager → Procurement,11.94,0,,0,Одобрена
10109,Простая,8044.11,Sales,2026-10-23,Manager → Procurement,14.15,0,,1,Одобрена
13179,Простая,15083.07,Sales,2026-10-23,Manager → Procurement,7.02,0,,0,Одобрена
10400,Простая,16777.57,IT,2026-10-23,Manager → Procurement,3.37,0,,0,Одобрена
14968,Простая,21225.05,HR,2026-10-23,Manager → Procurement,6.83,0,,0,Одобрена
10172,IT,70016.12,HR,2026-10-23,Manager → IT → Finance → Procurement,32.05,0,,1,Одобрена
11126,IT,32457.75,Marketing,2026-10-23,Manager → IT → Finance → Procurement,35.57,0,,1,Одобрена
10497,Простая,50000.0,Administration,2026-10-23,Manager → Procurement,29.02,0,,1,Одобрена
13476,Простая,7863.16,Marketing,2026-10-23,Manager → Procurement,13.73,0,,0,Одобрена
14364,Юридическая,242181.51,Sales,2026-10-23,Manager → Finance → Legal → Procurement,12.46,1,,2,Одобрена
10765,Юридическая,125944.38,Sales,2026-10-23,Manager → Finance → Legal → Procurement,41.99,0,,1,Одобрена
10647,Простая,23973.96,HR,2026-10-23,Manager → Procurement,2.66,0,,1,Одобрена
10107,Простая,14627.84,IT,2026-10-24,Manager → Procurement,11.31,0,,0,Одобрена
10126,Простая,6228.55,IT,2026-10-24,Manager → Procurement,8.47,0,,0,Одобрена
12740,IT,71999.71,Sales,2026-10-24,Manager → IT → Finance → Procurement,55.51,0,,0,Одобрена
12418,IT,300000.0,Operations,2026-10-24,Manager → IT → Finance → Procurement,11.46,0,,0,Одобрена
10989,Простая,21977.91,Administration,2026-10-24,Manager → Procurement,5.38,0,,0,Одобрена
13400,IT,204581.73,Operations,2026-10-24,Manager → IT → Finance → Procurement,22.8,0,,0,Одобрена
14821,IT,144988.86,Operations,2026-10-24,Manager → IT → Finance → Procurement,32.56,1,,2,Одобрена
13816,Простая,15719.34,Marketing,2026-10-24,Manager → Procurement,4.07,0,,0,Одобрена
10969,IT,84262.94,HR,2026-10-24,Manager → IT → Finance → Procurement,73.22,2,,6,Одобрена
13941,Простая,7557.6,IT,2026-10-24,Manager → Procurement,10.12,0,,0,Одобрена
12745,Простая,25376.55,Operations,2026-10-25,Manager → Procurement,5.35,0,,0,Одобрена
13799,Простая,18155.2,IT,2026-10-25,Manager → Procurement,9.71,0,,0,Одобрена
10225,Простая,21848.08,Sales,2026-10-25,Manager → Procurement,12.12,0,,0,Одобрена
13832,IT,135222.44,HR,2026-10-25,Manager → IT → Finance → Procurement,17.65,0,,0,Одобрена
12192,IT,96763.29,Marketing,2026-10-25,Manager → IT → Finance → Procurement,32.48,0,,0,Одобрена
11296,Простая,44806.87,Operations,2026-10-25,Manager → Procurement,7.27,0,Недостаточно бюджета,1,Отклонена
11584,Простая,24111.55,IT,2026-10-25,Manager → Procurement,5.76,0,,0,Одобрена
11366,IT,94213.45,Sales,2026-10-25,Manager → IT → Finance → Procurement,42.33,1,,2,В процессе
11085,Юридическая,1639033.21,IT,2026-10-25,Manager → Finance → Legal → Procurement,100.28,1,,3,Одобрена
14335,IT,59125.65,Finance,2026-10-25,Manager → IT → Finance → Procurement,25.12,0,,0,Одобрена
10601,Простая,12224.23,Sales,2026-10-25,Manager → Procurement,30.3,2,,5,Одобрена
12639,IT,82132.78,HR,2026-10-25,Manager → IT → Finance → Procurement,31.19,0,,1,Одобрена
13433,Юридическая,148327.52,Operations,2026-10-25,Manager → Finance → Legal → Procurement,86.06,0,,0,Одобрена
10209,Простая,14628.29,IT,2026-10-25,Manager → Procurement,6.27,0,,0,Одобрена
14439,Простая,19270.78,Sales,2026-10-25,Manager → Procurement,10.8,0,,1,Одобрена
14561,Юридическая,642858.07,Finance,2026-10-25,Manager → Finance → Legal → Procurement,37.38,0,,0,Одобрена
11223,Юридическая,258576.35,HR,2026-10-25,Manager → Finance → Legal → Procurement,79.41,0,,0,В процессе
14071,Простая,13726.63,Marketing,2026-10-25,Manager → Procurement,1.51,0,,0,Одобрена
12938,Простая,9925.61,Marketing,2026-10-25,Manager → Procurement,3.54,0,,0,В процессе
12838,Простая,17009.25,Finance,2026-10-25,Manager → Procurement,8.12,0,,0,Одобрена
11896,Простая,4827.46,IT,2026-10-26,Manager → Procurement,17.7,0,,0,Одобрена
11717,Простая,18232.36,Finance,2026-10-26,Manager → Procurement,4.3,0,Недостаточно бюджета,0,Отклонена
10589,Простая,5491.93,Sales,2026-10-26,Manager → Procurement,14.46,0,,0,Одобрена
11488,Простая,14462.52,Finance,2026-10-26,Manager → Procurement,5.32,0,,1,Одобрена
14252,Простая,5292.5,Marketing,2026-10-26,Manager → Procurement,11.98,0,,0,Одобрена
11306,Юридическая,100000.0,IT,2026-10-26,Manager → Finance → Legal → Procurement,69.26,1,,2,Одобрена
11427,Простая,23101.46,IT,2026-10-26,Manager → Procurement,4.7,0,,0,Одобрена
11091,Простая,50000.0,IT,2026-10-26,Manager → Procurement,3.39,0,,0,В процессе
12309,IT,51844.75,IT,2026-10-26,Manager → IT → Finance → Procurement,40.49,0,,1,Одобрена
11150,Юридическая,332496.3,Finance,2026-10-26,Manager → Finance → Legal → Procurement,14.14,0,,0,Одобрена
11859,Простая,4948.31,Marketing,2026-10-26,Manager → Procurement,4.62,0,,0,Одобрена
11746,IT,100512.97,IT,2026-10-26,Manager → IT → Finance → Procurement,39.65,0,,0,Одобрена
11833,Простая,20551.73,Marketing,2026-10-26,Manager → Procurement,6.35,0,,1,Одобрена
10768,Простая,11918.24,HR,2026-10-26,Manager → Procurement,1.0,0,,0,Одобрена
12751,Простая,6760.66,Operations,2026-10-26,Manager → Procurement,5.4,0,Не согласовано руководителем,0,Отклонена
12826,IT,52081.31,Marketing,2026-10-27,Manager → IT → Finance → Procurement,17.09,0,,0,Одобрена
13398,Простая,5780.7,Operations,2026-10-27,Manager → Procurement,9.75,0,,1,Одобрена
14988,Простая,18224.83,Operations,2026-10-27,Manager → Procurement,5.03,0,,1,Одобрена
13998,Простая,3963.75,Sales,2026-10-27,Manager → Procurement,15.81,0,,0,Одобрена
13463,Простая,6839.65,Finance,2026-10-27,Manager → Procurement,14.02,0,,0,Одобрена
12423,IT,120654.67,Marketing,2026-10-27,Manager → IT → Finance → Procurement,57.45,2,,3,Одобрена
10045,IT,61848.85,Marketing,2026-10-27,Manager → IT → Procurement → Finance,43.94,0,,0,Одобрена
14891,Простая,16911.4,HR,2026-10-27,Manager → Procurement,13.96,0,,1,Одобрена
10474,Простая,15272.81,Marketing,2026-10-27,Manager → Procurement,1.0,0,,0,Одобрена
12787,IT,99659.98,Finance,2026-10-27,Manager → IT → Finance → Procurement,34.52,1,,3,Одобрена
12789,Юридическая,190418.65,Sales,2026-10-27,Manager → Finance → Legal → Procurement,90.96,1,,1,Одобрена
12490,IT,154272.95,IT,2026-10-27,Manager → IT → Finance → Procurement,46.22,0,,0,Одобрена
14306,Простая,7058.33,Sales,2026-10-27,Manager → Procurement,5.36,0,,1,Одобрена
12439,Простая,24651.69,Marketing,2026-10-28,Manager → Procurement,15.78,0,Некорректные данные,1,Отклонена
13474,Простая,50000.0,IT,2026-10-28,Manager → Procurement,5.65,0,,0,Одобрена
10863,IT,71668.9,HR,2026-10-28,Manager → IT → Finance → Procurement,31.08,0,,1,Одобрена
11528,Простая,8339.96,IT,2026-10-28,Manager → Procurement,2.67,0,,0,Одобрена
13250,Простая,6193.75,IT,2026-10-28,Manager → Procurement,6.07,0,,0,Одобрена
10722,Простая,9956.03,IT,2026-10-28,Manager → Procurement,10.91,0,,0,Одобрена
14965,Простая,5791.24,IT,2026-10-28,Manager → Procurement,1.0,0,,0,Одобрена
14488,Простая,15687.92,Sales,2026-10-28,Manager → Procurement,10.36,0,,1,Одобрена
13485,IT,107094.46,Operations,2026-10-29,Manager → IT → Finance → Procurement,24.55,0,,1,Одобрена
13123,Простая,21507.12,Finance,2026-10-29,Manager → Finance → Procurement,48.4,2,,5,Одобрена
11065,Простая,32185.59,Marketing,2026-10-29,Manager → Finance → Procurement,10.16,0,,0,Одобрена
12722,IT,245016.74,Operations,2026-10-29,Manager → IT → Finance → Procurement,50.72,1,,1,Одобрена
10336,IT,84901.77,Operations,2026-10-29,Manager → IT → Finance → Procurement,35.69,0,,0,Одобрена
14278,Юридическая,815409.97,IT,2026-10-29,Manager → Finance → Legal → Procurement,56.63,0,,0,Одобрена
12913,IT,142901.31,Sales,2026-10-29,Manager → IT → Finance → Procurement,42.15,0,,0,Одобрена
13693,Простая,9503.36,IT,2026-10-29,Manager → Procurement,4.37,0,,1,В процессе
13605,Юридическая,278072.4,Finance,2026-10-29,Manager → Finance → Legal → Procurement,63.92,0,,0,Одобрена
13021,Простая,5831.46,IT,2026-10-29,Manager → Finance → Procurement,23.84,0,,0,В процессе
12468,IT,108065.81,IT,2026-10-29,Manager → Finance → IT → Procurement,26.07,0,,1,Одобрена
11937,Простая,16647.94,Administration,2026-10-29,Manager → Procurement,17.57,0,,0,Одобрена
10284,Простая,17763.37,Sales,2026-10-29,Manager → Procurement,9.7,0,,0,Одобрена
12056,Простая,10450.18,Sales,2026-10-29,Manager → Procurement,25.0,1,,1,Одобрена
10700,Простая,8278.96,IT,2026-10-30,Manager → Procurement,13.03,0,,0,Одобрена
12330,Простая,7999.64,Sales,2026-10-30,Manager → Procurement,17.02,0,,0,Одобрена
10176,Простая,22153.28,IT,2026-10-30,Manager → Procurement,14.62,1,,1,В процессе
10447,Юридическая,664506.16,Operations,2026-10-30,Manager → Finance → Legal → Procurement,106.68,2,,3,Одобрена
11992,IT,68884.41,Marketing,2026-10-30,Manager → IT → Finance → Procurement,27.12,0,,1,Одобрена
11374,IT,114344.28,Finance,2026-10-30,Manager → IT → Finance → Procurement,21.71,0,Технические требования не соблюдены,0,Отклонена
12658,IT,266744.55,Operations,2026-10-30,Manager → IT → Finance → Procurement,64.85,0,,1,Одобрена
13359,IT,70896.99,Operations,2026-10-30,Manager → IT → Finance → Procurement,36.48,0,,1,Одобрена
12691,Юридическая,804693.2,IT,2026-10-30,Manager → Finance → Legal → Procurement,38.83,0,Юридические риски,0,Отклонена
12333,IT,132564.59,Sales,2026-10-30,Manager → IT → Finance → Procurement,47.23,2,,5,Одобрена
11422,Простая,31488.93,Sales,2026-10-31,Manager → Procurement,8.82,0,,0,Одобрена
12355,Простая,14330.78,Sales,2026-10-31,Manager → Procurement,1.0,0,Не согласовано руководителем,0,Отклонена
13151,Простая,27414.48,Sales,2026-10-31,Manager → Procurement,1.0,0,,0,Одобрена
11136,Простая,15012.64,Marketing,2026-10-31,Manager → Procurement,2.13,0,,0,Одобрена
13142,Простая,13646.34,Marketing,2026-10-31,Manager → Procurement,5.19,0,,0,Одобрена
11364,Простая,5906.13,IT,2026-10-31,Manager → Procurement,7.59,0,,0,Одобрена
13733,IT,192964.06,Sales,2026-10-31,Manager → IT → Finance → Procurement,38.31,0,,1,Одобрена
10559,IT,116533.02,Finance,2026-10-31,Manager → IT → Finance → Procurement,46.82,0,,0,Одобрена
13764,Простая,13074.51,Finance,2026-10-31,Manager → Procurement,1.0,0,,0,Одобрена
11209,Простая,50000.0,IT,2026-10-31,Manager → Procurement,6.42,0,,0,Одобрена
10345,IT,157037.49,Marketing,2026-10-31,Manager → IT → Procurement → Finance,30.79,0,,0,Одобрена
10948,Юридическая,277510.97,Finance,2026-11-01,Manager → Finance → Legal → Procurement,40.55,0,,0,Одобрена
13227,IT,90915.34,Finance,2026-11-01,Manager → IT → Finance → Procurement,47.84,0,,1,В процессе
11725,Простая,13800.62,Sales,2026-11-01,Manager → Procurement,5.0,0,,0,Одобрена
13300,Простая,12658.25,Marketing,2026-11-01,Manager → Procurement,11.11,0,,1,Одобрена
13489,Простая,16836.35,Operations,2026-11-01,Manager → Procurement,17.31,0,,0,Одобрена
12455,IT,290352.77,Administration,2026-11-01,Manager → IT → Finance → Procurement,10.78,0,,0,Одобрена
12445,Простая,13179.38,IT,2026-11-01,Manager → Procurement,15.62,1,,2,Одобрена
11496,IT,300000.0,IT,2026-11-01,Manager → IT → Finance → Procurement,67.76,2,,6,В процессе
13860,Простая,8940.67,Marketing,2026-11-01,Manager → Procurement,5.99,0,,1,Одобрена
12854,Простая,34405.15,Sales,2026-11-01,Manager → Procurement,14.45,0,,0,Одобрена
14147,Простая,11813.37,Marketing,2026-11-01,Manager → Procurement,16.17,0,,1,Одобрена
11284,IT,110851.75,IT,2026-11-01,Manager → IT → Finance → Procurement,36.31,0,,0,Одобрена
14616,Простая,20892.26,Sales,2026-11-01,Manager → Procurement,12.54,0,,0,Одобрена
13737,Простая,2993.45,Sales,2026-11-01,Manager → Procurement,12.16,0,,1,Одобрена
14703,Простая,15444.15,Administration,2026-11-01,Manager → Procurement,19.52,1,,1,Одобрена
12582,IT,129752.09,Operations,2026-11-01,Manager → IT → Finance → Procurement,50.22,0,,1,Одобрена
13837,IT,80847.32,HR,2026-11-02,Manager → IT → Finance → Procurement,31.51,0,,0,Одобрена
11579,Юридическая,536401.35,Administration,2026-11-02,Manager → Finance → Legal → Procurement,91.73,0,,0,Одобрена
10529,IT,260008.06,Administration,2026-11-02,Manager → IT → Finance → Procurement,23.06,0,,0,Одобрена
13470,Юридическая,221056.23,Sales,2026-11-02,Manager → Finance → Legal → Procurement,57.09,0,,0,Одобрена
14904,Юридическая,314904.49,Sales,2026-11-02,Manager → Finance → Legal → Procurement,67.33,0,,0,Одобрена
13869,IT,47725.95,Sales,2026-11-02,Manager → IT → Finance → Procurement,39.83,1,,2,Одобрена
14487,IT,45238.61,HR,2026-11-02,Manager → IT → Finance → Procurement,42.88,0,,0,Одобрена
12902,Юридическая,1023718.86,HR,2026-11-02,Manager → Finance → Legal → Procurement,68.9,2,,5,Одобрена
10692,Юридическая,287257.39,IT,2026-11-02,Manager → Finance → Legal → Procurement,39.42,0,,0,Одобрена
10057,Простая,12433.17,Sales,2026-11-02,Manager → Procurement,12.15,0,,0,В процессе
10333,IT,98722.7,Marketing,2026-11-02,Manager → IT → Finance → Procurement,48.11,1,,3,Одобрена
10522,Простая,5708.4,Marketing,2026-11-02,Manager → Procurement,12.88,0,,0,Одобрена
13726,IT,90811.41,Administration,2026-11-02,Manager → IT → Finance → Procurement,70.12,2,,4,Одобрена
12794,Юридическая,556433.45,Sales,2026-11-03,Manager → Finance → Legal → Procurement,104.14,0,,0,Одобрена
10110,Юридическая,982846.78,Operations,2026-11-03,Manager → Finance → Legal → Procurement,34.67,0,,0,Одобрена
11514,IT,87707.2,Operations,2026-11-03,Manager → IT → Finance → Procurement,24.35,0,Недостаточно бюджета,0,Отклонена
12363,Простая,19740.78,Operations,2026-11-03,Manager → Procurement,14.9,0,,0,Одобрена
11133,Простая,19234.8,Finance,2026-11-03,Manager → Procurement,14.91,0,,1,Одобрена
13053,IT,41114.17,Administration,2026-11-03,Manager → IT → Finance → Procurement,30.68,0,,0,Одобрена
10495,IT,63410.34,Operations,2026-11-03,Manager → IT → Finance → Procurement,32.19,0,,0,Одобрена
14882,IT,70255.93,IT,2026-11-04,Manager → IT → Finance → Procurement,32.63,0,,1,В процессе
11277,Простая,8350.15,Marketing,2026-11-04,Manager → Procurement,4.31,0,,0,Одобрена
12313,Простая,13507.63,Sales,2026-11-04,Manager → Procurement,4.18,0,,0,Одобрена
11509,Простая,23341.09,HR,2026-11-04,Manager → Procurement,9.66,0,,1,Одобрена
14634,Простая,50000.0,Marketing,2026-11-04,Manager → Finance → Procurement,28.42,0,,1,Одобрена
11120,Юридическая,181587.22,IT,2026-11-04,Manager → Legal → Finance → Procurement,43.05,0,,1,Одобрена
11092,IT,66586.25,IT,2026-11-04,Manager → IT → Finance → Procurement,19.92,0,,0,Одобрена
12749,Простая,14526.32,Marketing,2026-11-04,Manager → Procurement,18.43,1,,3,Одобрена
13372,Простая,37922.19,Sales,2026-11-04,Manager → Procurement,9.96,0,,0,В процессе
13082,Простая,11654.58,HR,2026-11-04,Manager → Procurement,6.1,0,,0,Одобрена
14344,Простая,50000.0,Marketing,2026-11-04,Manager → Finance → Procurement,19.47,0,,0,Одобрена
12331,IT,135916.85,Marketing,2026-11-04,Manager → IT → Finance → Procurement,57.52,0,,0,Одобрена
14930,Простая,16756.36,Sales,2026-11-04,Manager → Procurement,28.95,1,,1,Одобрена
10545,Простая,8191.08,HR,2026-11-04,Manager → Procurement,13.62,0,,0,Одобрена
13430,IT,100943.83,HR,2026-11-04,Manager → IT → Finance → Procurement,45.73,0,,0,Одобрена
12713,Простая,18906.73,Sales,2026-11-04,Manager → Procurement,14.75,0,,0,Одобрена
13620,Юридическая,566563.58,Finance,2026-11-04,Manager → Finance → Legal → Procurement,26.31,0,,0,Одобрена
10453,IT,85945.98,Finance,2026-11-04,Manager → IT → Finance → Procurement,32.3,0,,0,Одобрена
12359,Юридическая,204702.36,Marketing,2026-11-05,Manager → Finance → Legal → Procurement,57.86,0,,1,В процессе
13370,Простая,24676.01,IT,2026-11-05,Manager → Procurement,6.71,0,,0,Одобрена
12991,IT,55895.23,HR,2026-11-05,Manager → IT → Finance → Procurement,14.06,0,Технические требования не соблюдены,0,Отклонена
10586,IT,120525.49,Administration,2026-11-05,Manager → IT → Finance → Procurement,10.23,1,,3,Одобрена
14973,Простая,8789.92,Administration,2026-11-05,Manager → Procurement,8.78,0,,0,Одобрена
14314,IT,86409.57,HR,2026-11-05,Manager → IT → Procurement → Finance,55.8,2,,5,Одобрена
13392,IT,73363.22,Sales,2026-11-05,Manager → IT → Finance → Procurement,41.38,0,,0,Одобрена
11489,Юридическая,496342.47,IT,2026-11-05,Manager → Finance → Legal → Procurement,37.78,0,,1,Одобрена
10967,Юридическая,435658.75,Operations,2026-11-05,Manager → Finance → Legal → Procurement,41.18,0,,0,Одобрена
12155,IT,77898.04,Operations,2026-11-05,Manager → IT → Finance → Procurement,26.75,1,,1,Одобрена
12960,Юридическая,1767160.58,Administration,2026-11-05,Manager → Finance → Legal → Procurement,65.49,0,,1,Одобрена
10268,Простая,13646.07,Operations,2026-11-05,Manager → Procurement,3.39,0,,0,Одобрена
13910,IT,42497.85,Marketing,2026-11-05,Manager → IT → Finance → Procurement,5.69,0,Технические требования не соблюдены,0,Отклонена
10564,IT,224568.02,IT,2026-11-05,Manager → IT → Finance → Procurement,43.68,0,,0,Одобрена
14979,IT,162900.94,IT,2026-11-05,Manager → IT → Finance → Procurement,32.49,0,,1,Одобрена
10664,Простая,17926.95,IT,2026-11-05,Manager → Procurement,3.51,0,,0,Одобрена
11843,Простая,7642.62,Finance,2026-11-06,Manager → Procurement,10.44,0,,1,Одобрена
13088,Простая,12327.88,IT,2026-11-06,Manager → Procurement,8.54,0,,0,В процессе
10632,IT,130978.47,IT,2026-11-06,Manager → IT → Finance → Procurement,14.55,0,,0,Одобрена
13122,Простая,17904.9,HR,2026-11-06,Manager → Procurement,5.57,0,,1,Одобрена
11400,Простая,17066.31,Operations,2026-11-06,Manager → Procurement,6.8,0,,0,Одобрена
13202,Юридическая,728841.76,Administration,2026-11-06,Manager → Finance → Legal → Procurement,9.92,0,,0,Одобрена
11990,Простая,20593.88,IT,2026-11-06,Manager → Procurement,5.05,0,,1,Одобрена
10894,Простая,15281.28,Operations,2026-11-06,Manager → Procurement,9.81,0,,1,Одобрена
10913,Юридическая,100000.0,Sales,2026-11-06,Manager → Finance → Legal → Procurement,79.04,0,,1,Одобрена
11009,IT,94780.79,Operations,2026-11-06,Manager → IT → Finance → Procurement,15.55,0,,0,Одобрена
12880,Простая,15901.2,Administration,2026-11-06,Manager → Finance → Procurement,19.05,0,,0,Одобрена
14515,Простая,6295.55,IT,2026-11-06,Manager → Procurement,11.79,0,,0,Одобрена
12039,IT,115108.05,Operations,2026-11-06,Manager → IT → Finance → Procurement,10.73,1,,2,В процессе
11368,Простая,18845.87,Marketing,2026-11-06,Manager → Procurement,10.64,0,,0,Одобрена
12868,IT,231489.99,IT,2026-11-06,Manager → IT → Finance → Procurement,55.58,0,,0,Одобрена
12080,Простая,14439.37,Administration,2026-11-06,Manager → Procurement,20.26,0,,1,Одобрена
13587,Простая,8238.63,IT,2026-11-06,Manager → Procurement,6.09,0,,1,Одобрена
12608,Простая,33978.67,IT,2026-11-06,Manager → Procurement,11.13,0,Некорректные данные,0,Отклонена
11561,Юридическая,840668.44,Sales,2026-11-07,Manager → Finance → Legal → Procurement,103.6,2,,3,Одобрена
12405,IT,139218.41,Sales,2026-11-07,Manager → IT → Finance → Procurement,5.38,0,,0,В процессе
12585,Простая,13727.42,HR,2026-11-07,Manager → Finance → Procurement,21.81,0,Недостаточно бюджета,0,Отклонена
10544,Юридическая,312900.13,HR,2026-11-07,Manager → Finance → Legal → Procurement,48.11,0,,1,Одобрена
12592,Юридическая,134690.61,Administration,2026-11-07,Manager → Finance → Legal → Procurement,1.0,0,,0,Одобрена
14649,Простая,37057.13,Marketing,2026-11-07,Manager → Procurement,10.75,0,,1,Одобрена
13824,Простая,50000.0,Finance,2026-11-07,Manager → Procurement,2.36,0,,0,Одобрена
11776,IT,50177.94,Sales,2026-11-07,Manager → IT → Finance → Procurement,24.81,0,,0,Одобрена
13431,IT,71216.1,IT,2026-11-07,Manager → IT → Finance → Procurement,14.56,0,,1,Одобрена
13701,Юридическая,1050707.66,Marketing,2026-11-08,Manager → Finance → Legal → Procurement,15.63,1,,2,Одобрена
12247,Простая,14096.14,Operations,2026-11-08,Manager → Procurement,1.6,0,,1,Одобрена
12495,Юридическая,332529.05,Operations,2026-11-08,Manager → Finance → Legal → Procurement,16.55,0,,0,Одобрена
12024,Простая,11390.69,Sales,2026-11-08,Manager → Procurement,5.73,0,,0,Одобрена
14864,IT,81654.25,Administration,2026-11-08,Manager → IT → Finance → Procurement,44.69,0,,1,Одобрена
10725,Простая,4076.98,Operations,2026-11-08,Manager → Procurement,6.62,0,,0,Одобрена
14402,IT,30000.0,Finance,2026-11-08,Manager → IT → Finance → Procurement,27.6,0,,0,Одобрена
14286,Простая,29678.88,IT,2026-11-09,Manager → Procurement,7.38,0,,0,Одобрена
12483,Простая,25882.98,HR,2026-11-09,Manager → Procurement,10.24,0,,0,В процессе
10775,Простая,15583.59,Marketing,2026-11-09,Manager → Procurement,4.47,0,,0,Одобрена
13986,Простая,19514.32,Finance,2026-11-09,Manager → Procurement,19.45,1,,3,Одобрена
12956,Простая,10582.03,Finance,2026-11-09,Manager → Procurement,7.43,0,,0,Одобрена
13230,Простая,26253.51,Finance,2026-11-09,Manager → Procurement,8.32,0,,0,В процессе
13684,Простая,50000.0,Operations,2026-11-09,Manager → Procurement,1.0,0,Некорректные данные,0,Отклонена
10783,Простая,16482.19,Sales,2026-11-09,Manager → Procurement,2.4,0,,1,Одобрена
10365,IT,86997.1,Operations,2026-11-09,Manager → IT → Finance → Procurement,38.72,0,,0,Одобрена
12067,IT,107813.8,Finance,2026-11-09,Manager → Finance → IT → Procurement,59.61,0,,0,Одобрена
12533,IT,125174.63,Sales,2026-11-09,Manager → IT → Finance → Procurement,26.58,1,,1,Одобрена
13902,IT,119069.64,Administration,2026-11-09,Manager → IT → Finance → Procurement,79.15,2,,5,Одобрена
11193,Юридическая,550722.43,IT,2026-11-09,Manager → Finance → Procurement → Legal,47.69,0,,0,Одобрена
12895,Юридическая,216483.49,Sales,2026-11-09,Manager → Finance → Legal → Procurement,58.03,1,Некорректные данные,1,Отклонена
11764,Простая,11743.62,Finance,2026-11-09,Manager → Procurement,1.0,0,,0,Одобрена
11258,IT,107415.33,IT,2026-11-09,Manager → IT → Finance → Procurement,16.55,0,,0,Одобрена
14962,Простая,11321.16,Sales,2026-11-10,Manager → Finance → Procurement,9.25,0,,0,Одобрена
13623,Простая,6374.37,IT,2026-11-10,Manager → Finance → Procurement,17.11,0,,1,Одобрена
14490,IT,97758.27,Administration,2026-11-10,Manager → IT → Finance → Procurement,28.14,0,,0,В процессе
13018,Простая,17756.77,Finance,2026-11-10,Manager → Procurement,10.11,0,,0,В процессе
12202,Юридическая,984250.11,Marketing,2026-11-10,Manager → Finance → Legal → Procurement,54.85,0,,1,Одобрена
10595,Простая,8829.2,HR,2026-11-10,Manager → Procurement,13.47,0,,0,Одобрена
13104,IT,86127.0,Finance,2026-11-10,Manager → IT → Finance → Procurement,8.82,0,,0,Одобрена
14640,Простая,39646.07,Marketing,2026-11-10,Manager → Procurement,6.4,0,,0,Одобрена
14623,IT,166657.06,Administration,2026-11-10,Manager → IT → Finance → Procurement,31.35,0,,0,Одобрена
14563,Простая,36167.33,IT,2026-11-10,Manager → Procurement,5.54,0,,0,Одобрена
12648,IT,173622.19,Sales,2026-11-10,Manager → IT → Procurement → Finance,48.22,0,,0,Одобрена
13502,IT,196961.05,Operations,2026-11-10,Manager → IT → Finance → Procurement,23.9,0,,0,Одобрена
13462,IT,65317.27,Finance,2026-11-10,Manager → IT → Finance → Procurement,52.97,1,,3,Одобрена
14169,IT,63688.77,IT,2026-11-10,Manager → IT → Finance → Procurement,29.98,0,,0,Одобрена
10707,IT,80891.46,Administration,2026-11-11,Manager → IT → Finance → Procurement,19.06,1,,2,Одобрена
11768,Простая,34412.51,Sales,2026-11-11,Manager → Procurement,1.0,0,,0,Одобрена
10228,IT,73316.67,IT,2026-11-11,Manager → Finance → IT → Procurement,20.9,0,,0,Одобрена
12570,Юридическая,252719.43,Administration,2026-11-11,Manager → Finance → Legal → Procurement,78.64,0,,1,В процессе
12274,IT,60818.66,Marketing,2026-11-11,Manager → IT → Finance → Procurement,58.71,2,,4,Одобрена
11423,Простая,15133.38,Finance,2026-11-11,Manager → Procurement,5.5,0,,0,Одобрена
12559,Простая,9049.99,Operations,2026-11-11,Manager → Procurement,10.75,1,,1,Одобрена
10218,Простая,18611.04,IT,2026-11-11,Manager → Procurement,9.39,0,,1,Одобрена
14925,Простая,10878.77,IT,2026-11-11,Manager → Procurement,3.39,0,,0,Одобрена
12153,IT,129517.7,Administration,2026-11-11,Manager → IT → Finance → Procurement,33.05,0,Недостаточно бюджета,0,Отклонена
10932,Простая,48041.62,Marketing,2026-11-11,Manager → Procurement,13.74,0,,0,Одобрена
14681,Юридическая,811502.32,HR,2026-11-11,Manager → Finance → Legal → Procurement,45.59,0,,1,Одобрена
13672,IT,111858.04,Marketing,2026-11-11,Manager → IT → Finance → Procurement,20.73,0,,1,В процессе
14683,IT,56357.24,Administration,2026-11-11,Manager → IT → Finance → Procurement,23.63,0,,1,Одобрена
13046,Юридическая,468847.05,Marketing,2026-11-11,Manager → Finance → Legal → Procurement,18.25,0,,1,Одобрена
13367,IT,40955.53,IT,2026-11-12,Manager → IT → Finance → Procurement,44.79,0,,1,Одобрена
10587,Простая,11372.85,HR,2026-11-12,Manager → Procurement,5.4,0,,0,В процессе
10195,Простая,16130.16,Operations,2026-11-12,Manager → Procurement,5.14,0,,0,Одобрена
13739,IT,182246.47,Operations,2026-11-12,Manager → IT → Finance → Procurement,18.26,0,,0,Одобрена
14198,Юридическая,208961.97,Marketing,2026-11-12,Manager → Finance → Procurement → Legal,102.45,0,,0,Одобрена
12368,Простая,10193.17,Operations,2026-11-12,Manager → Procurement,4.0,0,,1,Одобрена
13170,IT,106552.76,Sales,2026-11-12,Manager → IT → Finance → Procurement,26.72,0,,0,Одобрена
12070,IT,64585.54,Finance,2026-11-12,Manager → IT → Finance → Procurement,29.07,0,,1,Одобрена
11311,Простая,13481.32,IT,2026-11-12,Manager → Procurement,8.23,0,,1,Одобрена
14428,Простая,9478.52,Sales,2026-11-12,Manager → Procurement,1.0,0,,0,Одобрена
13327,Простая,14745.91,Finance,2026-11-12,Manager → Procurement,24.61,1,,1,Одобрена
11313,IT,98674.76,Administration,2026-11-12,Manager → IT → Finance → Procurement,58.66,0,,0,Одобрена
11600,Простая,25954.19,Sales,2026-11-13,Manager → Procurement,23.37,1,Недостаточно бюджета,3,Отклонена
12210,Простая,8004.72,HR,2026-11-13,Manager → Procurement,20.87,1,Недостаточно бюджета,2,Отклонена
11475,IT,90619.57,IT,2026-11-13,Manager → IT → Finance → Procurement,39.95,0,Технические требования не соблюдены,0,Отклонена
13875,Юридическая,738934.17,IT,2026-11-13,Manager → Finance → Legal → Procurement,46.72,0,,1,В процессе
14072,IT,98683.78,Marketing,2026-11-13,Manager → IT → Finance → Procurement,35.88,1,,2,Одобрена
12178,IT,62890.05,Administration,2026-11-13,Manager → IT → Finance → Procurement,27.4,0,,1,Одобрена
10425,IT,123631.65,Administration,2026-11-13,Manager → IT → Finance → Procurement,31.27,0,,0,Одобрена
14756,IT,85388.98,Sales,2026-11-13,Manager → Finance → IT → Procurement,22.09,0,,0,Одобрена
13366,Простая,50000.0,Administration,2026-11-13,Manager → Procurement,1.0,0,,0,Одобрена
10599,Юридическая,751464.2,HR,2026-11-13,Manager → Finance → Legal → Procurement,99.13,3,,5,Одобрена
14977,Простая,10375.84,Finance,2026-11-13,Manager → Procurement,6.47,0,Не согласовано руководителем,0,Отклонена
14503,IT,61028.75,HR,2026-11-14,Manager → IT → Finance → Procurement,34.07,0,,1,Одобрена
11547,Простая,19968.68,IT,2026-11-14,Manager → Procurement,5.95,0,,1,Одобрена
11572,IT,64623.79,Sales,2026-11-14,Manager → IT → Finance → Procurement,18.4,0,,0,Одобрена
14257,Простая,7894.18,Sales,2026-11-14,Manager → Procurement,27.23,1,,1,Одобрена
11911,Простая,6354.38,Finance,2026-11-14,Manager → Procurement,12.87,0,Некорректные данные,0,Отклонена
13432,IT,68593.58,IT,2026-11-14,Manager → IT → Finance → Procurement,18.57,0,,1,Одобрена
10992,IT,60653.92,Finance,2026-11-14,Manager → IT → Finance → Procurement,25.84,1,,1,Одобрена
12790,Простая,9815.66,Marketing,2026-11-14,Manager → Procurement,10.47,0,,0,Одобрена
11677,IT,121515.68,Sales,2026-11-14,Manager → IT → Finance → Procurement,57.97,2,,5,Одобрена
14927,Простая,4163.32,Finance,2026-11-14,Manager → Procurement,7.14,0,,1,Одобрена
14542,Простая,11487.53,Administration,2026-11-14,Manager → Procurement,8.74,0,,0,Одобрена
11786,IT,132230.97,Sales,2026-11-14,Manager → IT → Finance → Procurement,23.76,0,,0,Одобрена
14270,IT,105439.8,Operations,2026-11-14,Manager → IT → Finance → Procurement,30.01,0,,0,Одобрена
10190,Простая,15903.27,HR,2026-11-14,Manager → Procurement,8.07,0,,1,Одобрена
12515,Простая,12715.36,Finance,2026-11-14,Manager → Procurement,10.24,0,Недостаточно бюджета,1,Отклонена
13167,Простая,11632.56,Finance,2026-11-14,Manager → Procurement,5.42,0,Некорректные данные,1,Отклонена
12976,IT,70521.43,Operations,2026-11-14,Manager → IT → Finance → Procurement,35.19,0,,0,Одобрена
14531,IT,261758.43,Sales,2026-11-14,Manager → IT → Finance → Procurement,30.62,1,,1,Одобрена
10610,Простая,7179.13,Finance,2026-11-14,Manager → Procurement,7.78,0,,0,Одобрена
14505,Простая,42665.22,HR,2026-11-15,Manager → Procurement,4.26,0,Некорректные данные,1,Отклонена
12146,Юридическая,948046.1,Finance,2026-11-15,Manager → Finance → Legal → Procurement,29.09,0,,1,Одобрена
14260,Простая,25923.27,Sales,2026-11-15,Manager → Procurement,8.93,0,,0,Одобрена
11163,IT,165138.53,Marketing,2026-11-15,Manager → IT → Finance → Procurement,27.94,1,,1,Одобрена
12106,IT,243495.42,IT,2026-11-15,Manager → IT → Finance → Procurement,33.42,1,,2,В процессе
11869,IT,31419.49,HR,2026-11-15,Manager → IT → Finance → Procurement,20.78,0,,0,Одобрена
12721,IT,266584.67,IT,2026-11-15,Manager → IT → Finance → Procurement,13.84,0,,1,Одобрена
12925,Простая,36925.56,Operations,2026-11-15,Manager → Procurement,7.41,0,,0,Одобрена
10645,IT,124856.64,HR,2026-11-15,Manager → IT → Finance → Procurement,17.5,0,,0,В процессе
13937,Простая,4438.88,Marketing,2026-11-15,Manager → Procurement,22.33,0,,1,Одобрена
12930,IT,58197.22,Finance,2026-11-15,Manager → IT → Finance → Procurement,12.79,0,,0,Одобрена
10362,Простая,19668.85,IT,2026-11-15,Manager → Procurement,22.14,0,,1,Одобрена
11376,Простая,5752.3,Marketing,2026-11-15,Manager → Procurement,9.45,0,Не согласовано руководителем,0,Отклонена
14458,IT,115872.93,IT,2026-11-16,Manager → IT → Finance → Procurement,52.72,1,,2,Одобрена
12596,Юридическая,381450.79,Operations,2026-11-16,Manager → Finance → Legal → Procurement,76.52,1,,2,Одобрена
14912,Простая,8695.07,HR,2026-11-16,Manager → Procurement,3.67,0,,0,Одобрена
14702,Простая,25951.81,IT,2026-11-16,Manager → Procurement,11.23,1,,2,Одобрена
11382,Простая,15365.96,Operations,2026-11-16,Manager → Procurement,10.46,0,,0,Одобрена
11206,Простая,9055.15,Finance,2026-11-16,Manager → Procurement,5.18,0,,0,Одобрена
14164,Простая,28412.25,HR,2026-11-16,Manager → Procurement,15.04,0,,0,Одобрена
12316,Простая,11136.34,IT,2026-11-16,Manager → Procurement,11.82,0,,0,Одобрена
12616,Простая,10180.12,Operations,2026-11-16,Manager → Procurement,9.89,0,,0,Одобрена
14899,Юридическая,1270409.18,Finance,2026-11-16,Manager → Finance → Legal → Procurement,64.17,0,,0,Одобрена
11285,Юридическая,310565.56,Operations,2026-11-16,Manager → Finance → Legal → Procurement,43.11,0,,1,Одобрена
14675,IT,114627.63,Sales,2026-11-17,Manager → IT → Finance → Procurement,33.61,1,,3,Одобрена
11398,Юридическая,818508.62,IT,2026-11-17,Manager → Finance → Legal → Procurement,33.38,0,,0,Одобрена
14811,IT,146502.48,Marketing,2026-11-17,Manager → IT → Finance → Procurement,42.01,0,,0,В процессе
14606,Простая,8462.47,Administration,2026-11-17,Manager → Finance → Procurement,17.98,0,,1,Одобрена
11345,Юридическая,1842146.14,Marketing,2026-11-17,Manager → Legal → Finance → Procurement,46.69,0,,0,Одобрена
10058,IT,60796.37,Sales,2026-11-17,Manager → IT → Finance → Procurement,2.03,0,,0,Одобрена
10971,Простая,9005.79,Sales,2026-11-17,Manager → Finance → Procurement,14.46,0,,0,Одобрена
11765,Простая,19434.74,Marketing,2026-11-17,Manager → Procurement,9.59,0,,1,Одобрена
12524,IT,248177.25,IT,2026-11-17,Manager → IT → Finance → Procurement,38.12,0,,1,Одобрена
12629,Простая,8241.7,IT,2026-11-17,Manager → Procurement,15.54,0,,0,Одобрена
12006,Юридическая,335951.54,Sales,2026-11-17,Manager → Finance → Legal → Procurement,50.07,0,Юридические риски,0,Отклонена
13547,Простая,8464.11,Finance,2026-11-17,Manager → Procurement,10.03,0,,0,В процессе
14835,Простая,15024.02,Operations,2026-11-18,Manager → Procurement,18.21,0,,0,Одобрена
13653,Простая,33270.52,Administration,2026-11-18,Manager → Procurement,18.14,0,,1,Одобрена
11226,Юридическая,108424.87,IT,2026-11-18,Manager → Finance → Legal → Procurement,63.73,1,,3,Одобрена
10262,IT,194903.37,HR,2026-11-18,Manager → IT → Finance → Procurement,34.18,0,,0,Одобрена
13665,Простая,13084.33,IT,2026-11-18,Manager → Procurement,6.86,0,,1,Одобрена
14688,Простая,14118.73,Operations,2026-11-18,Manager → Procurement,1.95,0,Некорректные данные,0,Отклонена
10065,IT,61624.95,Administration,2026-11-18,Manager → IT → Finance → Procurement,13.84,0,,1,Одобрена
12933,IT,159411.47,IT,2026-11-18,Manager → IT → Finance → Procurement,7.67,0,,0,Одобрена
12183,IT,52017.48,Finance,2026-11-18,Manager → IT → Finance → Procurement,43.69,2,,6,Одобрена
13477,IT,87531.22,Operations,2026-11-18,Manager → IT → Finance → Procurement,33.37,0,,0,Одобрена
14978,Простая,19156.02,Operations,2026-11-18,Manager → Procurement,9.05,0,,0,Одобрена
11335,Юридическая,496179.21,Finance,2026-11-18,Manager → Finance → Legal → Procurement,10.35,0,,1,Одобрена
12336,IT,46038.78,Administration,2026-11-19,Manager → IT → Finance → Procurement,26.24,0,,1,Одобрена
12879,IT,65682.58,Administration,2026-11-19,Manager → IT → Finance → Procurement,19.1,0,,0,Одобрена
13313,IT,71087.48,IT,2026-11-19,Manager → IT → Finance → Procurement,43.84,0,,1,Одобрена
10337,Простая,8783.88,Finance,2026-11-19,Manager → Procurement,7.56,0,,1,Одобрена
13603,IT,276463.21,Marketing,2026-11-19,Manager → IT → Finance → Procurement,43.12,1,,1,Одобрена
12020,Простая,11294.69,HR,2026-11-19,Manager → Procurement,15.91,0,,0,Одобрена
13673,Простая,21871.75,Administration,2026-11-19,Manager → Procurement,10.31,0,,0,Одобрена
13625,IT,147573.75,Marketing,2026-11-19,Manager → IT → Finance → Procurement,62.98,2,,5,Одобрена
13553,Простая,50000.0,Operations,2026-11-19,Manager → Procurement,3.03,0,,1,Одобрена
12171,Простая,13120.06,Sales,2026-11-19,Manager → Procurement,9.44,0,,0,Одобрена
12726,IT,89823.76,Sales,2026-11-19,Manager → IT → Finance → Procurement,45.29,0,,1,Одобрена
10469,Простая,7136.26,Sales,2026-11-19,Manager → Procurement,9.53,0,,0,Одобрена
10122,IT,118397.49,Marketing,2026-11-19,Manager → IT → Finance → Procurement,21.06,0,,0,Одобрена
13771,Юридическая,524501.35,IT,2026-11-20,Manager → Finance → Legal → Procurement,86.28,1,,3,Одобрена
13849,Простая,11752.45,Operations,2026-11-20,Manager → Finance → Procurement,11.75,0,,0,Одобрена
13960,Простая,17390.33,HR,2026-11-20,Manager → Procurement,8.49,0,Некорректные данные,0,Отклонена
10287,Простая,11211.7,Operations,2026-11-20,Manager → Procurement,9.79,0,,1,Одобрена
11963,IT,58702.13,HR,2026-11-20,Manager → IT → Finance → Procurement,5.63,0,,1,Одобрена
12407,IT,44969.67,Administration,2026-11-20,Manager → IT → Finance → Procurement,21.4,0,,0,Одобрена
11771,IT,79638.92,Marketing,2026-11-20,Manager → IT → Finance → Procurement,50.53,0,,0,Одобрена
13010,IT,265733.29,HR,2026-11-20,Manager → IT → Finance → Procurement,43.83,0,,0,Одобрена
12401,IT,85772.37,Sales,2026-11-20,Manager → IT → Finance → Procurement,73.06,3,,4,Одобрена
14170,Простая,35970.47,Marketing,2026-11-20,Manager → Procurement,10.82,0,,1,Одобрена
10346,IT,185415.49,IT,2026-11-20,Manager → IT → Finance → Procurement,31.81,0,,0,Одобрена
11554,Простая,39720.51,IT,2026-11-20,Manager → Procurement,14.58,0,,0,Одобрена
12434,Простая,47474.38,IT,2026-11-20,Manager → Procurement,33.93,3,,6,Одобрена
12860,Простая,46533.42,Finance,2026-11-20,Manager → Procurement,6.85,0,,0,Одобрена
13237,Юридическая,174309.61,Administration,2026-11-20,Manager → Finance → Legal → Procurement,64.49,0,,0,Одобрена
11944,Простая,4298.45,HR,2026-11-20,Manager → Procurement,14.42,0,Недостаточно бюджета,0,Отклонена
14837,Простая,13723.18,IT,2026-11-20,Manager → Procurement,11.96,0,,0,Одобрена
13870,Простая,13447.79,HR,2026-11-20,Manager → Procurement,6.3,0,,1,Одобрена
14559,Простая,18878.84,Sales,2026-11-20,Manager → Procurement,8.86,0,,0,Одобрена
11367,Простая,10453.08,Sales,2026-11-20,Manager → Procurement,9.72,0,,1,Одобрена
12094,Простая,4677.41,Operations,2026-11-20,Manager → Procurement,1.0,0,,0,Одобрена
13336,Простая,8277.92,Finance,2026-11-21,Manager → Procurement,2.37,0,,0,Одобрена
14879,Простая,9646.93,IT,2026-11-21,Manager → Procurement,29.03,2,,6,Одобрена
10514,Простая,23471.23,Marketing,2026-11-21,Manager → Procurement,11.06,0,,0,Одобрена
10660,Простая,5655.66,Finance,2026-11-21,Manager → Procurement,7.68,0,,0,Одобрена
14356,IT,89361.02,Marketing,2026-11-21,Manager → IT → Finance → Procurement,34.74,0,,1,В процессе
12205,Простая,7801.51,HR,2026-11-21,Manager → Procurement,4.5,0,,0,Одобрена
11447,Юридическая,183383.85,Finance,2026-11-21,Manager → Finance → Legal → Procurement,57.19,1,,1,Одобрена
10574,IT,81810.78,Operations,2026-11-21,Manager → IT → Finance → Procurement,51.55,2,,3,Одобрена
13321,Простая,20508.96,IT,2026-11-21,Manager → Procurement,4.64,0,,1,Одобрена
14205,IT,99909.36,IT,2026-11-21,Manager → IT → Finance → Procurement,62.78,0,,0,Одобрена
14856,Юридическая,538740.02,IT,2026-11-21,Manager → Finance → Legal → Procurement,18.27,0,,0,Одобрена
10576,IT,45928.49,IT,2026-11-22,Manager → IT → Finance → Procurement,14.8,0,,0,В процессе
10959,Простая,14031.15,Finance,2026-11-22,Manager → Procurement,3.57,0,,0,Одобрена
12347,Юридическая,261387.69,Marketing,2026-11-22,Manager → Finance → Legal → Procurement,75.93,1,,1,Одобрена
14005,IT,237802.35,IT,2026-11-22,Manager → IT → Finance → Procurement,34.85,0,,1,Одобрена
12981,IT,48742.6,Sales,2026-11-22,Manager → IT → Finance → Procurement,30.01,0,,0,Одобрена
12645,Простая,14904.65,Finance,2026-11-22,Manager → Procurement,2.24,0,,1,Одобрена
10751,Простая,9719.35,IT,2026-11-22,Manager → Procurement,8.07,0,,0,Одобрена
12135,IT,78133.64,Marketing,2026-11-22,Manager → IT → Finance → Procurement,26.53,0,,0,Одобрена
13708,IT,114391.44,IT,2026-11-22,Manager → IT → Finance → Procurement,51.15,0,,0,Одобрена
13753,Простая,19155.63,Operations,2026-11-22,Manager → Procurement,6.16,0,,1,Одобрена
10338,IT,53888.09,Finance,2026-11-22,Manager → IT → Finance → Procurement,14.75,0,,0,Одобрена
11276,Простая,27713.46,Finance,2026-11-22,Manager → Procurement,9.87,0,,0,Одобрена
10904,Простая,5498.09,Operations,2026-11-23,Manager → Procurement,8.97,0,,0,Одобрена
12207,IT,108259.59,Sales,2026-11-23,Manager → IT → Finance → Procurement,35.24,0,,0,Одобрена
13241,Юридическая,481891.24,IT,2026-11-23,Manager → Finance → Legal → Procurement,47.18,0,,1,Одобрена
13675,IT,99806.85,IT,2026-11-23,Manager → IT → Finance → Procurement,63.84,2,,6,Одобрена
14026,Юридическая,424020.03,Sales,2026-11-23,Manager → Finance → Legal → Procurement,68.78,0,,0,Одобрена
11770,IT,37734.54,Sales,2026-11-23,Manager → IT → Finance → Procurement,1.54,0,,0,Одобрена
10115,Простая,21554.0,IT,2026-11-23,Manager → Procurement,8.17,0,,1,Одобрена
13874,Простая,9600.68,Operations,2026-11-23,Manager → Procurement,3.35,0,,0,В процессе
10175,Простая,11319.84,IT,2026-11-23,Manager → Procurement,3.26,0,,1,Одобрена
11971,Простая,7217.89,Operations,2026-11-23,Manager → Procurement,8.88,0,Не согласовано руководителем,0,Отклонена
13815,Простая,9248.01,Administration,2026-11-23,Manager → Procurement,8.55,0,,1,Одобрена
14297,Простая,7976.08,IT,2026-11-23,Manager → Finance → Procurement,33.57,0,,1,Одобрена
13797,IT,125108.3,Sales,2026-11-23,Manager → IT → Finance → Procurement,54.01,1,,3,Одобрена
13822,IT,101477.6,Sales,2026-11-23,Manager → IT → Finance → Procurement,60.17,1,,3,Одобрена
13017,Юридическая,209174.67,Operations,2026-11-23,Manager → Finance → Legal → Procurement,67.25,0,,1,Одобрена
10733,Простая,14173.26,Finance,2026-11-23,Manager → Procurement,4.06,0,,1,Одобрена
12349,Простая,12280.99,Marketing,2026-11-23,Manager → Procurement,10.11,0,,0,Одобрена
14587,IT,143205.59,Marketing,2026-11-24,Manager → IT → Finance → Procurement,33.98,0,,0,Одобрена
13050,Простая,13410.72,Finance,2026-11-24,Manager → Procurement,8.19,0,,1,Одобрена
11460,Простая,7584.71,Finance,2026-11-24,Manager → Procurement,6.81,0,,1,Одобрена
10719,IT,192423.22,IT,2026-11-24,Manager → IT → Finance → Procurement,50.02,0,,0,Одобрена
11710,Простая,10531.3,IT,2026-11-24,Manager → Procurement,4.51,0,,1,Одобрена
12918,Юридическая,284586.03,IT,2026-11-24,Manager → Finance → Legal → Procurement,77.62,0,,0,Одобрена
14797,Простая,19135.09,IT,2026-11-24,Manager → Procurement,8.04,0,,1,Одобрена
11050,Простая,21161.68,Sales,2026-11-24,Manager → Procurement,7.88,0,,0,Одобрена
12754,Простая,8616.33,Operations,2026-11-24,Manager → Procurement,6.65,0,,0,Одобрена
11980,Простая,12935.45,Finance,2026-11-24,Manager → Procurement,12.09,0,,0,Одобрена
10281,Простая,50000.0,Administration,2026-11-24,Manager → Procurement,12.25,0,,0,Одобрена
10960,IT,237501.74,Marketing,2026-11-24,Manager → IT → Finance → Procurement,59.81,0,,0,Одобрена
14732,Юридическая,821103.79,Sales,2026-11-24,Manager → Finance → Legal → Procurement,51.79,0,,0,Одобрена
10951,IT,67848.66,Marketing,2026-11-24,Manager → IT → Finance → Procurement,28.55,0,,0,Одобрена
14853,IT,82592.84,Sales,2026-11-24,Manager → IT → Finance → Procurement,45.9,0,,1,В процессе
13471,Простая,19182.38,Sales,2026-11-24,Manager → Procurement,10.46,0,,0,Одобрена
10403,IT,64603.16,Sales,2026-11-24,Manager → IT → Finance → Procurement,20.26,0,Некорректные данные,0,Отклонена
11200,IT,157219.19,Administration,2026-11-24,Manager → IT → Finance → Procurement,45.96,0,Недостаточно бюджета,0,Отклонена
11858,Простая,11800.78,Marketing,2026-11-24,Manager → Procurement,17.08,0,,0,Одобрена
12134,Юридическая,543364.74,Sales,2026-11-24,Manager → Finance → Legal → Procurement,47.3,0,Юридические риски,0,Отклонена
10304,IT,45309.54,Marketing,2026-11-24,Manager → IT → Finance → Procurement,27.79,0,,0,Одобрена
10507,Простая,8364.96,IT,2026-11-24,Manager → Procurement,9.86,0,,0,Одобрена
10074,Простая,46195.37,Sales,2026-11-24,Manager → Procurement,6.72,0,,0,Одобрена
14304,Простая,17053.45,HR,2026-11-24,Manager → Procurement,5.42,0,,0,Одобрена
11871,Простая,29133.46,Finance,2026-11-25,Manager → Procurement,18.43,0,,0,Одобрена
11743,Простая,20181.03,IT,2026-11-25,Manager → Procurement,3.19,0,,1,Одобрена
13395,IT,62954.2,IT,2026-11-25,Manager → IT → Finance → Procurement,45.23,0,,0,Одобрена
10990,IT,58936.88,Sales,2026-11-25,Manager → Finance → IT → Procurement,43.02,0,,1,Одобрена
13935,Простая,50000.0,Operations,2026-11-25,Manager → Procurement,8.52,0,Не согласовано руководителем,0,Отклонена
11520,Простая,15294.35,Marketing,2026-11-25,Manager → Procurement,43.76,2,,5,Одобрена
12242,Простая,9855.53,Marketing,2026-11-25,Manager → Procurement,12.23,0,,0,Одобрена
13186,Простая,10561.84,Administration,2026-11-25,Manager → Procurement,15.66,0,,0,Одобрена
13727,Юридическая,1062189.64,Administration,2026-11-25,Manager → Finance → Legal → Procurement,70.74,0,,0,Одобрена
14742,Простая,40856.96,Sales,2026-11-25,Manager → Procurement,9.38,0,,0,Одобрена
14971,IT,59388.21,Finance,2026-11-25,Manager → IT → Finance → Procurement,38.44,0,,1,Одобрена
10641,IT,85102.61,Sales,2026-11-25,Manager → IT → Finance → Procurement,22.55,1,,1,Одобрена
10463,Юридическая,507976.14,IT,2026-11-25,Manager → Finance → Legal → Procurement,12.05,0,,0,Одобрена
10798,Простая,16366.89,Administration,2026-11-25,Manager → Procurement,10.67,0,,0,Одобрена
11055,Простая,13137.43,IT,2026-11-25,Manager → Procurement,12.73,0,,0,Одобрена
12551,IT,189951.22,Operations,2026-11-25,Manager → IT → Finance → Procurement,50.67,0,,0,Одобрена
13527,Простая,11314.52,Operations,2026-11-26,Manager → Procurement,1.0,0,,0,Одобрена
11279,Юридическая,511152.69,Finance,2026-11-26,Manager → Finance → Legal → Procurement,91.83,0,,0,Одобрена
14472,Простая,20701.36,IT,2026-11-26,Manager → Procurement,8.06,0,,0,Одобрена
13423,IT,228441.26,Finance,2026-11-26,Manager → IT → Finance → Procurement,21.63,0,,0,Одобрена
13191,Простая,36660.96,Finance,2026-11-26,Manager → Procurement,3.59,0,,1,Одобрена
14162,Простая,24959.35,Operations,2026-11-26,Manager → Procurement,12.11,0,,0,Одобрена
10067,IT,72365.89,HR,2026-11-26,Manager → IT → Finance → Procurement,37.64,0,,1,Одобрена
13903,IT,149428.92,Operations,2026-11-26,Manager → IT → Finance → Procurement,34.02,0,,1,Одобрена
13492,Простая,6128.16,Administration,2026-11-26,Manager → Procurement,23.29,1,,1,Одобрена
13148,IT,73790.69,Marketing,2026-11-26,Manager → IT → Finance → Procurement,18.59,0,,0,Одобрена
10319,Простая,20195.12,Sales,2026-11-27,Manager → Procurement,8.35,0,,0,Одобрена
13107,Простая,17897.93,Marketing,2026-11-27,Manager → Procurement,10.75,0,,0,Одобрена
11042,IT,53455.32,IT,2026-11-27,Manager → IT → Finance → Procurement,30.46,0,,0,Одобрена
10261,Простая,11079.37,Finance,2026-11-27,Manager → Procurement,7.81,0,,0,Одобрена
10767,Простая,19066.54,Sales,2026-11-27,Manager → Procurement,14.21,0,,0,Одобрена
11293,IT,111925.46,Administration,2026-11-27,Manager → IT → Finance → Procurement,41.5,1,,1,Одобрена
10031,IT,72034.33,IT,2026-11-27,Manager → IT → Finance → Procurement,32.38,0,,1,Одобрена
13233,IT,46074.5,Administration,2026-11-27,Manager → IT → Finance → Procurement,27.98,1,,2,Одобрена
11925,Простая,18425.94,Marketing,2026-11-27,Manager → Procurement,7.86,0,,0,Одобрена
13205,Юридическая,407107.51,Marketing,2026-11-27,Manager → Finance → Legal → Procurement,105.51,0,,1,Одобрена
14987,IT,255335.78,Operations,2026-11-27,Manager → IT → Finance → Procurement,35.72,1,,2,Одобрена
11692,Юридическая,1019707.35,IT,2026-11-27,Manager → Finance → Legal → Procurement,63.19,2,,5,Одобрена
12276,Простая,8198.01,Operations,2026-11-27,Manager → Procurement,16.49,0,,0,Одобрена
12314,Простая,15890.45,HR,2026-11-27,Manager → Procurement,5.66,0,,0,В процессе
10334,Юридическая,100000.0,IT,2026-11-27,Manager → Finance → Legal → Procurement,39.92,0,,0,Одобрена
14512,IT,126685.86,Sales,2026-11-27,Manager → IT → Finance → Procurement,14.57,0,,1,Одобрена
14054,Простая,31637.7,Operations,2026-11-27,Manager → Procurement,8.08,0,,0,Одобрена
12209,Простая,12807.22,IT,2026-11-28,Manager → Procurement,11.15,0,,1,Одобрена
14408,Простая,11188.04,IT,2026-11-28,Manager → Procurement,7.75,0,,0,Одобрена
14016,IT,79354.46,Operations,2026-11-28,Manager → IT → Finance → Procurement,37.71,1,,1,Одобрена
12659,Простая,10131.92,IT,2026-11-28,Manager → Procurement,6.01,0,,0,Одобрена
12793,IT,151051.72,IT,2026-11-28,Manager → IT → Finance → Procurement,50.37,0,,0,Одобрена
13472,Простая,12404.11,Operations,2026-11-28,Manager → Procurement,2.06,0,,0,Одобрена
11959,IT,196833.71,Sales,2026-11-28,Manager → IT → Finance → Procurement,24.46,0,,0,Одобрена
11246,Простая,13271.83,IT,2026-11-28,Manager → Procurement,7.71,0,,0,В процессе
13155,Простая,9051.15,HR,2026-11-28,Manager → Procurement,13.34,1,,1,Одобрена
14116,Простая,11466.98,Operations,2026-11-28,Manager → Procurement,14.37,0,,1,Одобрена
10144,IT,118397.7,Administration,2026-11-28,Manager → IT → Finance → Procurement,30.43,0,,0,Одобрена
12000,IT,90361.02,Finance,2026-11-28,Manager → IT → Finance → Procurement,37.6,1,,3,Одобрена
10859,Простая,7129.12,HR,2026-11-29,Manager → Procurement,2.47,0,,0,Одобрена
11005,IT,238348.17,IT,2026-11-29,Manager → IT → Finance → Procurement,29.57,0,,0,Одобрена
13979,Простая,8653.09,Finance,2026-11-29,Manager → Procurement,4.28,0,Недостаточно бюджета,1,Отклонена
11241,Юридическая,2000000.0,HR,2026-11-29,Manager → Finance → Legal → Procurement,66.33,0,,0,Одобрена
14834,IT,59867.84,Finance,2026-11-29,Manager → IT → Finance → Procurement,53.82,0,,0,Одобрена
13637,IT,49342.54,Marketing,2026-11-29,Manager → IT → Finance → Procurement,9.89,0,,0,Одобрена
10506,IT,62324.8,Sales,2026-11-29,Manager → IT → Finance → Procurement,44.84,2,,3,Одобрена
13278,IT,33155.04,Finance,2026-11-29,Manager → IT → Finance → Procurement,19.56,0,,0,Одобрена
12089,IT,92903.45,IT,2026-11-29,Manager → IT → Finance → Procurement,52.08,1,Технические требования не соблюдены,1,Отклонена
12072,Простая,23011.08,Marketing,2026-11-29,Manager → Procurement,9.67,0,,0,В процессе
13057,IT,99508.53,HR,2026-11-29,Manager → IT → Finance → Procurement,55.34,0,,0,Одобрена
14826,Простая,7944.37,IT,2026-11-30,Manager → Procurement,6.85,0,,1,Одобрена
12489,Простая,29574.75,IT,2026-11-30,Manager → Procurement,18.41,0,,1,Одобрена
11015,Простая,35024.06,IT,2026-11-30,Manager → Procurement,35.46,3,,5,Одобрена
14036,Простая,10749.61,Marketing,2026-11-30,Manager → Procurement,9.65,0,Некорректные данные,0,Отклонена
10520,IT,72605.78,HR,2026-11-30,Manager → IT → Finance → Procurement,52.31,1,,1,В процессе
10917,Простая,16496.1,Operations,2026-11-30,Manager → Procurement,1.0,0,,0,Одобрена
13682,Простая,11789.56,HR,2026-11-30,Manager → Finance → Procurement,16.01,0,,0,Одобрена
13081,Простая,13239.95,Marketing,2026-11-30,Manager → Procurement,9.07,0,,0,Одобрена
11946,Юридическая,1736955.23,Operations,2026-11-30,Manager → Finance → Procurement → Legal,43.82,0,,1,Одобрена
14622,Юридическая,959646.84,Finance,2026-11-30,Manager → Finance → Legal → Procurement,46.77,0,,1,Одобрена
12473,IT,114583.32,Sales,2026-11-30,Manager → IT → Finance → Procurement,1.0,0,,0,В процессе
12577,IT,300000.0,Administration,2026-11-30,Manager → IT → Finance → Procurement,24.8,0,,0,Одобрена
10876,Юридическая,117114.49,Sales,2026-11-30,Manager → Finance → Legal → Procurement,46.74,0,,1,Одобрена
11527,Простая,6660.3,Marketing,2026-12-01,Manager → Procurement,8.32,0,,0,Одобрена
12111,IT,81440.4,Administration,2026-12-01,Manager → Finance → IT → Procurement,44.93,0,,1,В процессе
14351,Простая,50000.0,Operations,2026-12-01,Manager → Procurement,8.85,0,,1,Одобрена
14470,Простая,18285.55,Marketing,2026-12-01,Manager → Procurement,11.54,0,,1,Одобрена
14992,Юридическая,294500.11,Marketing,2026-12-02,Manager → Legal → Finance → Procurement,25.83,0,,0,Одобрена
14841,Юридическая,282341.11,HR,2026-12-02,Manager → Finance → Legal → Procurement,12.47,0,,0,Одобрена
10207,Простая,11990.88,IT,2026-12-02,Manager → Procurement,7.59,0,,0,Одобрена
11030,Простая,6027.81,IT,2026-12-02,Manager → Procurement,14.46,0,,0,Одобрена
13995,Простая,14573.23,Sales,2026-12-02,Manager → Procurement,9.85,0,,0,Одобрена
13826,IT,101064.62,Operations,2026-12-02,Manager → IT → Finance → Procurement,42.12,0,,0,Одобрена
11880,IT,280693.64,IT,2026-12-02,Manager → IT → Finance → Procurement,2.45,0,,1,Одобрена
11112,Простая,50000.0,Sales,2026-12-02,Manager → Procurement,9.43,0,,1,Одобрена
10878,Простая,25450.68,IT,2026-12-02,Manager → Procurement,12.12,0,,0,Одобрена
12499,IT,60217.86,Finance,2026-12-02,Manager → IT → Finance → Procurement,52.37,0,,1,Одобрена
14141,Простая,7062.76,Sales,2026-12-02,Manager → Procurement,7.28,0,,0,Одобрена
11856,Юридическая,976277.68,Marketing,2026-12-02,Manager → Finance → Legal → Procurement,62.6,0,,0,Одобрена
12199,Простая,15350.17,Finance,2026-12-02,Manager → Procurement,21.96,1,,1,Одобрена
10895,IT,135140.61,IT,2026-12-02,Manager → IT → Finance → Procurement,50.8,1,,2,Одобрена
10899,Простая,4601.11,Sales,2026-12-02,Manager → Procurement,5.39,0,,0,Одобрена
11117,Простая,23221.36,Sales,2026-12-02,Manager → Procurement,12.55,0,,1,Одобрена
14717,Простая,17903.76,Marketing,2026-12-02,Manager → Procurement,15.55,0,,0,Одобрена
14086,Юридическая,241128.22,IT,2026-12-03,Manager → Finance → Legal → Procurement,26.97,0,,1,Одобрена
13676,Юридическая,462131.42,Finance,2026-12-03,Manager → Finance → Legal → Procurement,72.48,0,,1,Одобрена
10392,Простая,5885.02,Sales,2026-12-03,Manager → Procurement,18.8,0,Недостаточно бюджета,0,Отклонена
12661,IT,34992.88,Sales,2026-12-03,Manager → IT → Procurement → Finance,38.29,0,,0,Одобрена
11910,Юридическая,539562.67,Sales,2026-12-03,Manager → Finance → Legal → Procurement,50.71,0,,0,Одобрена
14698,Простая,11462.4,Sales,2026-12-03,Manager → Procurement,17.48,0,,1,Одобрена
12345,IT,300000.0,Marketing,2026-12-03,Manager → IT → Finance → Procurement,28.56,0,,0,Одобрена
13607,Простая,6578.87,Marketing,2026-12-03,Manager → Procurement,4.32,0,Недостаточно бюджета,0,Отклонена
14545,Простая,30110.27,HR,2026-12-03,Manager → Procurement,10.16,0,,0,Одобрена
14718,IT,101203.98,IT,2026-12-03,Manager → IT → Finance → Procurement,34.96,1,,1,Одобрена
11829,Юридическая,338509.66,HR,2026-12-03,Manager → Finance → Legal → Procurement,25.19,0,Юридические риски,1,Отклонена
14001,IT,81307.96,Operations,2026-12-03,Manager → IT → Finance → Procurement,65.43,2,,5,Одобрена
12716,Простая,41268.03,IT,2026-12-03,Manager → Procurement,1.0,0,Не согласовано руководителем,0,Отклонена
10292,Простая,15570.48,Sales,2026-12-03,Manager → Procurement,11.11,0,,0,Одобрена
14110,IT,300000.0,Sales,2026-12-03,Manager → IT → Finance → Procurement,26.08,0,,0,Одобрена
13523,Простая,12693.09,Administration,2026-12-03,Manager → Procurement,14.75,0,,1,Одобрена
13982,Простая,15731.76,HR,2026-12-03,Manager → Procurement,13.05,0,,0,Одобрена
12358,IT,137865.57,IT,2026-12-03,Manager → IT → Finance → Procurement,27.94,1,,1,Одобрена
10054,IT,91314.3,IT,2026-12-04,Manager → IT → Finance → Procurement,25.93,0,,0,Одобрена
14734,Простая,37283.96,IT,2026-12-04,Manager → Procurement,9.69,0,,1,Одобрена
11082,Юридическая,158492.2,IT,2026-12-04,Manager → Finance → Legal → Procurement,28.45,0,,1,Одобрена
14285,Юридическая,251243.23,Sales,2026-12-04,Manager → Finance → Legal → Procurement,110.02,0,,0,Одобрена
12191,Простая,38950.07,Sales,2026-12-04,Manager → Procurement,8.22,0,,0,Одобрена
12732,Простая,7687.95,Sales,2026-12-04,Manager → Procurement,5.06,0,,0,Одобрена
10607,Юридическая,483994.54,IT,2026-12-04,Manager → Finance → Legal → Procurement,43.76,0,,0,Одобрена
11483,IT,39652.54,Operations,2026-12-04,Manager → IT → Finance → Procurement,51.27,0,,0,Одобрена
10132,Юридическая,140525.33,IT,2026-12-04,Manager → Finance → Legal → Procurement,64.83,0,,0,Одобрена
13025,Простая,16557.83,Marketing,2026-12-04,Manager → Procurement,9.55,0,,0,Одобрена
14464,Юридическая,100000.0,IT,2026-12-04,Manager → Finance → Legal → Procurement,1.68,0,,0,Одобрена
11102,Простая,14840.24,IT,2026-12-04,Manager → Procurement,14.52,0,,0,Одобрена
14325,Простая,40242.56,Sales,2026-12-05,Manager → Procurement,9.71,0,,0,Одобрена
11587,Простая,28678.4,IT,2026-12-05,Manager → Procurement,6.83,0,,1,Одобрена
10802,Простая,18235.71,HR,2026-12-05,Manager → Procurement,5.76,0,,1,Одобрена
11657,Простая,25564.14,HR,2026-12-05,Manager → Procurement,13.96,0,,0,Одобрена
11106,IT,35635.5,Administration,2026-12-05,Manager → IT → Finance → Procurement,39.32,1,,3,Одобрена
12847,Простая,29257.64,Sales,2026-12-05,Manager → Finance → Procurement,23.31,0,,1,Одобрена
14595,Простая,6549.21,Sales,2026-12-05,Manager → Procurement,6.5,0,,1,Одобрена
11087,IT,71435.94,Sales,2026-12-05,Manager → IT → Finance → Procurement,64.02,1,,1,Одобрена
11801,IT,164236.41,Sales,2026-12-05,Manager → IT → Finance → Procurement,30.76,1,,2,Одобрена
12663,Простая,5819.83,Finance,2026-12-05,Manager → Procurement,1.0,0,Недостаточно бюджета,0,Отклонена
11569,Простая,9539.96,HR,2026-12-06,Manager → Procurement,10.15,0,,0,Одобрена
10500,IT,68790.79,Marketing,2026-12-06,Manager → IT → Finance → Procurement,36.74,0,,0,Одобрена
14366,Простая,24162.56,Marketing,2026-12-06,Manager → Finance → Procurement,31.45,0,,1,Одобрена
12843,Простая,17990.79,IT,2026-12-06,Manager → Procurement,7.57,0,,0,Одобрена
10921,Простая,15516.61,Sales,2026-12-06,Manager → Procurement,21.61,1,,3,Одобрена
11518,Юридическая,449062.36,Finance,2026-12-06,Manager → Finance → Legal → Procurement,1.0,0,,0,Одобрена
14427,Простая,12581.32,IT,2026-12-06,Manager → Procurement,17.86,0,,0,Одобрена
12855,IT,153853.75,Marketing,2026-12-06,Manager → IT → Finance → Procurement,29.1,0,,0,Одобрена
12967,Простая,10284.55,Sales,2026-12-06,Manager → Procurement,11.23,0,Недостаточно бюджета,1,Отклонена
10676,Простая,8561.11,Administration,2026-12-06,Manager → Procurement,7.98,0,,0,Одобрена
11884,IT,100229.01,Operations,2026-12-06,Manager → IT → Finance → Procurement,27.54,0,,0,Одобрена
12328,Простая,23803.51,Sales,2026-12-06,Manager → Procurement,29.07,1,,3,Одобрена
13119,Простая,6860.41,Sales,2026-12-06,Manager → Finance → Procurement,13.35,0,,0,Одобрена
11820,IT,110724.63,Administration,2026-12-06,Manager → IT → Finance → Procurement,42.98,0,,0,Одобрена
10672,IT,234384.04,Operations,2026-12-06,Manager → IT → Procurement → Finance,46.91,0,Технические требования не соблюдены,0,Отклонена
12272,IT,72175.14,Administration,2026-12-06,Manager → IT → Finance → Procurement,35.36,0,,0,Одобрена
10784,IT,187630.13,Operations,2026-12-07,Manager → IT → Finance → Procurement,55.75,2,,3,Одобрена
12576,IT,170544.09,Administration,2026-12-07,Manager → IT → Finance → Procurement,19.54,0,,0,Одобрена
13657,Простая,5188.25,IT,2026-12-07,Manager → Procurement,12.45,1,,1,Одобрена
13685,Простая,8065.72,Marketing,2026-12-07,Manager → Procurement,11.81,0,,1,Одобрена
14617,Простая,14173.95,IT,2026-12-07,Manager → Procurement,1.0,0,Недостаточно бюджета,0,Отклонена
12811,Простая,6183.01,IT,2026-12-07,Manager → Procurement,11.47,0,Недостаточно бюджета,0,Отклонена
11216,IT,211253.3,IT,2026-12-07,Manager → IT → Finance → Procurement,46.04,0,,0,Одобрена
11659,Простая,18026.75,Operations,2026-12-07,Manager → Procurement,3.01,0,Недостаточно бюджета,0,Отклонена
14039,Простая,6956.33,Sales,2026-12-07,Manager → Finance → Procurement,19.93,0,,1,В процессе
11830,Простая,9542.86,Finance,2026-12-07,Manager → Procurement,5.4,0,,0,Одобрена
13626,IT,158902.1,IT,2026-12-07,Manager → IT → Finance → Procurement,34.68,0,,0,Одобрена
12631,Простая,14994.09,Sales,2026-12-07,Manager → Procurement,4.87,0,,0,Одобрена
10779,IT,81462.11,Finance,2026-12-07,Manager → IT → Finance → Procurement,33.29,0,,0,Одобрена
11620,Простая,14346.89,Marketing,2026-12-08,Manager → Procurement,11.26,0,,0,Одобрена
10206,Простая,4895.13,IT,2026-12-08,Manager → Procurement,10.98,0,,0,Одобрена
14810,IT,98820.26,Operations,2026-12-08,Manager → IT → Finance → Procurement,43.04,2,,4,Одобрена
14831,IT,117716.05,Operations,2026-12-08,Manager → IT → Procurement → Finance,63.58,1,,2,Одобрена
13530,Простая,10623.96,Marketing,2026-12-08,Manager → Procurement,9.64,0,,1,Одобрена
12118,Простая,9508.68,Finance,2026-12-08,Manager → Procurement,12.83,0,Не согласовано руководителем,0,Отклонена
10030,IT,134305.17,IT,2026-12-08,Manager → IT → Finance → Procurement,11.45,0,,0,Одобрена
12044,Юридическая,172370.23,Marketing,2026-12-08,Manager → Finance → Legal → Procurement,61.16,0,,0,В процессе
11137,Простая,32695.42,Administration,2026-12-08,Manager → Procurement,9.87,0,Некорректные данные,0,Отклонена
13169,Простая,29201.89,Marketing,2026-12-08,Manager → Procurement,10.45,0,,0,Одобрена
11140,IT,30681.36,Sales,2026-12-08,Manager → IT → Finance → Procurement,21.32,0,,1,Одобрена
11877,Простая,16354.7,IT,2026-12-08,Manager → Procurement,1.0,0,,0,Одобрена
14827,Простая,46965.83,Administration,2026-12-08,Manager → Procurement,1.0,0,,0,Одобрена
14911,Простая,10241.57,IT,2026-12-08,Manager → Procurement,5.23,0,,0,Одобрена
12493,Простая,28839.7,Operations,2026-12-08,Manager → Procurement,4.43,0,,1,Одобрена
12060,Простая,19312.57,Sales,2026-12-08,Manager → Procurement,6.89,0,,0,Одобрена
10075,Простая,3798.11,Administration,2026-12-09,Manager → Procurement,2.94,0,,0,Одобрена
14714,Юридическая,1137293.79,Operations,2026-12-09,Manager → Finance → Legal → Procurement,39.17,0,,0,В процессе
11890,Простая,5704.39,HR,2026-12-09,Manager → Procurement,9.91,0,,0,Одобрена
13741,Простая,14180.01,IT,2026-12-09,Manager → Procurement,2.13,0,,1,Одобрена
11582,Простая,18359.95,HR,2026-12-09,Manager → Finance → Procurement,16.32,0,,0,Одобрена
10803,Юридическая,147573.71,Operations,2026-12-09,Manager → Finance → Legal → Procurement,34.77,0,Юридические риски,0,Отклонена
12431,IT,263882.2,Operations,2026-12-09,Manager → IT → Finance → Procurement,29.36,1,Некорректные данные,1,Отклонена
10043,IT,157207.62,Marketing,2026-12-09,Manager → IT → Finance → Procurement,23.45,0,,1,Одобрена
13631,Простая,6788.37,Sales,2026-12-09,Manager → Procurement,17.04,0,,1,Одобрена
13109,Простая,6074.64,HR,2026-12-09,Manager → Procurement,6.42,0,,0,Одобрена
13978,Простая,11934.19,Administration,2026-12-09,Manager → Procurement,29.57,1,Некорректные данные,3,Отклонена
14109,Юридическая,390719.26,Operations,2026-12-09,Manager → Finance → Legal → Procurement,76.72,1,,2,Одобрена
13361,Простая,22250.81,IT,2026-12-09,Manager → Procurement,16.0,1,,2,Одобрена
11904,Простая,10264.08,Marketing,2026-12-09,Manager → Procurement,7.3,0,,1,Одобрена
12809,Простая,38256.25,Administration,2026-12-09,Manager → Procurement,4.5,0,,0,Одобрена
12840,Простая,13772.09,Marketing,2026-12-10,Manager → Procurement,3.82,0,,1,В процессе
12374,Простая,28806.73,Operations,2026-12-10,Manager → Procurement,15.09,0,,0,Одобрена
11482,Простая,11206.69,Sales,2026-12-10,Manager → Finance → Procurement,29.01,0,,0,В процессе
13255,Простая,4280.07,Finance,2026-12-10,Manager → Procurement,1.96,0,,0,Одобрена
11598,Простая,10539.93,Marketing,2026-12-10,Manager → Procurement,11.13,0,,0,Одобрена
13247,Простая,19777.99,IT,2026-12-10,Manager → Procurement,2.14,0,,0,Одобрена
10072,Простая,18654.9,Marketing,2026-12-10,Manager → Procurement,8.21,0,Недостаточно бюджета,0,Отклонена
11063,Простая,16905.61,IT,2026-12-10,Manager → Procurement,8.66,0,,0,В процессе
12261,IT,136125.67,Operations,2026-12-10,Manager → IT → Finance → Procurement,17.86,0,,0,Одобрена
13946,Юридическая,121474.71,Finance,2026-12-10,Manager → Finance → Legal → Procurement,85.37,0,,0,Одобрена
11955,Юридическая,360459.44,Finance,2026-12-10,Manager → Finance → Legal → Procurement,90.3,0,,1,Одобрена
14578,Простая,17165.45,Finance,2026-12-10,Manager → Procurement,2.31,0,,0,Одобрена
14477,IT,30000.0,Sales,2026-12-11,Manager → IT → Finance → Procurement,24.03,0,,0,Одобрена
10234,IT,145795.83,Sales,2026-12-11,Manager → IT → Finance → Procurement,30.67,0,,0,Одобрена
10935,IT,59779.99,Marketing,2026-12-11,Manager → IT → Finance → Procurement,70.29,0,,1,Одобрена
11819,Простая,7207.95,IT,2026-12-11,Manager → Procurement,8.64,0,,0,Одобрена
11679,Юридическая,768170.08,IT,2026-12-11,Manager → Finance → Legal → Procurement,49.76,0,,0,Одобрена
11761,Простая,7786.87,IT,2026-12-11,Manager → Procurement,19.61,0,,0,Одобрена
11936,Простая,12028.91,Finance,2026-12-11,Manager → Procurement,10.61,0,,0,Одобрена
13193,IT,109789.88,IT,2026-12-11,Manager → IT → Finance → Procurement,36.23,0,,0,Одобрена
14554,IT,150010.94,IT,2026-12-11,Manager → IT → Finance → Procurement,17.48,0,,0,Одобрена
13663,Юридическая,275634.22,Administration,2026-12-11,Manager → Finance → Legal → Procurement,70.04,0,,0,Одобрена
14289,Юридическая,474301.73,Sales,2026-12-12,Manager → Finance → Legal → Procurement,73.55,0,,0,Одобрена
12830,IT,107619.57,IT,2026-12-12,Manager → IT → Finance → Procurement,1.0,0,,0,Одобрена
10216,IT,109808.41,Sales,2026-12-12,Manager → IT → Finance → Procurement,10.1,0,,1,Одобрена
14248,Простая,16376.7,Sales,2026-12-12,Manager → Procurement,19.76,0,,0,Одобрена
14693,IT,300000.0,Finance,2026-12-12,Manager → IT → Finance → Procurement,50.61,0,,0,Одобрена
13933,IT,92163.48,IT,2026-12-12,Manager → IT → Finance → Procurement,45.16,2,,4,Одобрена
11799,IT,127461.86,HR,2026-12-12,Manager → IT → Finance → Procurement,35.69,0,,0,Одобрена
11923,Простая,10477.67,Sales,2026-12-12,Manager → Procurement,12.72,0,,0,Одобрена
13356,Простая,15724.77,Operations,2026-12-12,Manager → Procurement,13.16,0,,0,Одобрена
11914,IT,89420.55,Finance,2026-12-12,Manager → IT → Finance → Procurement,19.96,0,,0,Одобрена
13363,IT,156575.44,Sales,2026-12-12,Manager → IT → Finance → Procurement,41.66,0,,0,В процессе
10757,Простая,26156.75,IT,2026-12-12,Manager → Procurement,31.51,2,,6,Одобрена
14507,Простая,20612.66,HR,2026-12-12,Manager → Procurement,2.13,0,Недостаточно бюджета,1,Отклонена
10837,IT,227274.31,Operations,2026-12-12,Manager → IT → Finance → Procurement,68.01,2,,5,Одобрена
10889,Простая,10360.11,Operations,2026-12-12,Manager → Finance → Procurement,11.02,0,,0,В процессе
10879,IT,41254.16,Finance,2026-12-12,Manager → IT → Finance → Procurement,78.76,2,,5,Одобрена
11123,IT,167030.45,Finance,2026-12-12,Manager → IT → Finance → Procurement,14.3,0,,0,Одобрена
11673,IT,84665.5,Sales,2026-12-12,Manager → IT → Finance → Procurement,43.71,3,,6,Одобрена
14684,IT,247292.66,Marketing,2026-12-12,Manager → IT → Finance → Procurement,16.64,0,,0,Одобрена
11218,IT,84676.69,Finance,2026-12-13,Manager → IT → Finance → Procurement,30.95,1,,1,Одобрена
12185,IT,138734.93,IT,2026-12-13,Manager → IT → Finance → Procurement,13.98,0,,0,Одобрена
10382,Юридическая,753568.99,Finance,2026-12-13,Manager → Finance → Legal → Procurement,68.42,0,,1,Одобрена
13560,IT,123710.69,Operations,2026-12-13,Manager → Finance → IT → Procurement,81.06,1,,1,Одобрена
14828,Простая,6433.44,Sales,2026-12-13,Manager → Procurement,2.57,0,,1,В процессе
13768,Простая,26648.84,Administration,2026-12-13,Manager → Procurement,5.95,0,,0,В процессе
14350,IT,106178.58,IT,2026-12-13,Manager → IT → Finance → Procurement,17.99,0,,0,Одобрена
14564,IT,112154.34,HR,2026-12-13,Manager → IT → Finance → Procurement,33.32,0,,0,Одобрена
13305,IT,46567.86,Operations,2026-12-13,Manager → IT → Finance → Procurement,2.12,0,,1,Одобрена
11350,Простая,12858.22,Finance,2026-12-13,Manager → Procurement,14.65,0,,0,Одобрена
14873,IT,164480.53,Finance,2026-12-13,Manager → IT → Finance → Procurement,14.05,0,,1,Одобрена
12625,IT,239749.97,Sales,2026-12-13,Manager → IT → Finance → Procurement,7.71,0,Недостаточно бюджета,0,Отклонена
10986,Юридическая,159266.19,Sales,2026-12-13,Manager → Finance → Legal → Procurement,97.6,0,,0,В процессе
10256,IT,95014.21,Operations,2026-12-13,Manager → IT → Finance → Procurement,28.14,0,,1,Одобрена
10688,Юридическая,295148.86,IT,2026-12-14,Manager → Finance → Legal → Procurement,63.38,0,,0,Одобрена
12235,IT,131628.78,HR,2026-12-14,Manager → IT → Procurement → Finance,16.06,0,,0,Одобрена
11040,Простая,33143.79,Sales,2026-12-14,Manager → Procurement,10.24,0,,1,В процессе
11827,IT,45061.61,IT,2026-12-14,Manager → IT → Procurement → Finance,56.3,0,,0,В процессе
10125,Простая,24635.39,HR,2026-12-14,Manager → Procurement,11.68,0,,0,Одобрена
11331,IT,108288.99,Sales,2026-12-14,Manager → IT → Finance → Procurement,28.12,0,,1,Одобрена
14139,IT,115317.92,Marketing,2026-12-14,Manager → IT → Finance → Procurement,13.35,0,,0,Одобрена
13847,IT,31968.94,Operations,2026-12-14,Manager → IT → Finance → Procurement,73.38,0,,0,Одобрена
13722,IT,97984.99,Sales,2026-12-14,Manager → IT → Finance → Procurement,32.57,0,,0,Одобрена
13800,Простая,10301.78,Sales,2026-12-14,Manager → Procurement,8.43,0,,0,Одобрена
14022,Простая,11318.97,Administration,2026-12-15,Manager → Procurement,7.43,0,,0,Одобрена
11369,Простая,10365.88,HR,2026-12-15,Manager → Procurement,6.11,0,,1,Одобрена
11215,Простая,25324.63,Marketing,2026-12-15,Manager → Procurement,1.65,0,,1,Одобрена
12435,IT,57121.91,IT,2026-12-15,Manager → IT → Finance → Procurement,38.49,1,,2,Одобрена
10332,Простая,26325.45,Finance,2026-12-15,Manager → Procurement,7.62,0,,1,Одобрена
13845,Юридическая,333479.57,Operations,2026-12-15,Manager → Finance → Legal → Procurement,26.7,0,,0,Одобрена
12974,Юридическая,556750.14,IT,2026-12-15,Manager → Finance → Legal → Procurement,21.32,0,Недостаточно бюджета,0,Отклонена
12250,Простая,16292.04,HR,2026-12-15,Manager → Procurement,4.66,0,,1,Одобрена
10279,Юридическая,179155.09,IT,2026-12-15,Manager → Finance → Legal → Procurement,58.79,0,,1,Одобрена
14817,Простая,3180.02,IT,2026-12-15,Manager → Procurement,4.9,0,,0,Одобрена
10568,Простая,15026.26,IT,2026-12-15,Manager → Procurement,1.0,0,,0,Одобрена
14915,Простая,15475.46,Marketing,2026-12-15,Manager → Procurement,6.38,0,,0,Одобрена
12664,Простая,7910.85,Administration,2026-12-16,Manager → Procurement,2.52,0,,1,Одобрена
10197,IT,98759.29,Sales,2026-12-16,Manager → IT → Finance → Procurement,35.65,1,,1,В процессе
10168,IT,148756.29,Finance,2026-12-16,Manager → IT → Finance → Procurement,2.5,0,Недостаточно бюджета,1,Отклонена
11642,Простая,20197.02,Operations,2026-12-16,Manager → Procurement,1.0,0,,0,Одобрена
12348,IT,279825.65,Sales,2026-12-16,Manager → IT → Finance → Procurement,4.22,0,,1,Одобрена
14566,IT,172389.26,HR,2026-12-16,Manager → IT → Finance → Procurement,31.79,0,,0,В процессе
11080,Простая,25707.1,Operations,2026-12-16,Manager → Procurement,15.8,0,,0,Одобрена
12546,Простая,6614.42,Marketing,2026-12-16,Manager → Procurement,12.07,0,,0,Одобрена
12150,Простая,50000.0,HR,2026-12-16,Manager → Procurement,7.65,0,,0,Одобрена
13565,Юридическая,209623.23,Sales,2026-12-16,Manager → Finance → Legal → Procurement,88.14,0,,1,Одобрена
11179,Простая,27624.24,Sales,2026-12-16,Manager → Procurement,8.59,0,,0,Одобрена
12801,Юридическая,184892.27,IT,2026-12-16,Manager → Finance → Legal → Procurement,26.14,1,,2,Одобрена
10343,IT,133824.43,Operations,2026-12-16,Manager → IT → Finance → Procurement,52.26,0,,0,Одобрена
12904,Юридическая,125644.25,Finance,2026-12-17,Manager → Finance → Legal → Procurement,24.62,0,,1,Одобрена
12055,Простая,30516.83,IT,2026-12-17,Manager → Procurement,11.93,0,,0,Одобрена
12748,Простая,7092.3,HR,2026-12-17,Manager → Procurement,4.47,0,,0,Одобрена
12606,Простая,10591.66,Administration,2026-12-17,Manager → Procurement,3.84,0,,0,Одобрена
12187,IT,60050.19,Marketing,2026-12-17,Manager → IT → Finance → Procurement,39.51,0,,0,Одобрена
11263,Простая,12812.12,IT,2026-12-17,Manager → Procurement,11.45,0,,0,Одобрена
12574,IT,66250.94,Sales,2026-12-17,Manager → IT → Finance → Procurement,8.3,0,,1,Одобрена
11585,IT,135411.2,Sales,2026-12-17,Manager → IT → Finance → Procurement,24.15,0,,1,Одобрена
14229,IT,72867.08,Operations,2026-12-17,Manager → IT → Finance → Procurement,51.6,0,,1,Одобрена
11467,Простая,10748.72,Marketing,2026-12-17,Manager → Procurement,1.0,0,,0,Одобрена
11892,IT,123956.57,Marketing,2026-12-17,Manager → IT → Finance → Procurement,33.31,1,,1,Одобрена
13514,Юридическая,312484.31,Administration,2026-12-17,Manager → Finance → Legal → Procurement,88.11,0,,1,Одобрена
11238,Простая,19869.68,Finance,2026-12-17,Manager → Procurement,10.66,0,Не согласовано руководителем,0,Отклонена
11894,Простая,17550.93,Marketing,2026-12-17,Manager → Procurement,7.34,0,,0,Одобрена
10136,Простая,27069.95,Sales,2026-12-17,Manager → Procurement,7.0,0,,1,Одобрена
13585,Юридическая,471372.63,Operations,2026-12-17,Manager → Finance → Legal → Procurement,40.07,0,,0,Одобрена
13116,IT,210951.45,Administration,2026-12-17,Manager → IT → Finance → Procurement,19.1,0,,0,Одобрена
10081,IT,69709.95,IT,2026-12-18,Manager → IT → Finance → Procurement,26.99,0,Недостаточно бюджета,1,Отклонена
13407,IT,60616.64,IT,2026-12-18,Manager → IT → Finance → Procurement,56.67,1,Технические требования не соблюдены,3,Отклонена
13466,IT,150715.76,Sales,2026-12-18,Manager → IT → Finance → Procurement,63.45,1,,3,Одобрена
11926,Простая,15143.03,IT,2026-12-18,Manager → Finance → Procurement,24.46,0,,0,Одобрена
10098,Простая,16912.86,HR,2026-12-18,Manager → Procurement,5.79,0,,0,Одобрена
11832,Юридическая,132734.94,HR,2026-12-18,Manager → Finance → Legal → Procurement,80.07,1,,1,Одобрена
12660,Простая,23132.43,HR,2026-12-18,Manager → Procurement,8.97,0,,1,Одобрена
13639,IT,165714.99,Sales,2026-12-18,Manager → IT → Finance → Procurement,38.46,0,,1,Одобрена
13163,Простая,13470.77,Marketing,2026-12-18,Manager → Procurement,15.44,0,,0,Одобрена
13622,Простая,17276.46,HR,2026-12-18,Manager → Procurement,53.37,3,,5,Одобрена
14963,Простая,4655.83,IT,2026-12-18,Manager → Procurement,1.0,0,,0,Одобрена
11071,Юридическая,266025.87,Administration,2026-12-18,Manager → Finance → Procurement → Legal,80.41,0,,0,Одобрена
13029,IT,53062.12,Administration,2026-12-18,Manager → IT → Finance → Procurement,39.12,0,,0,Одобрена
11792,Простая,30075.43,Marketing,2026-12-18,Manager → Procurement,11.36,0,,1,Одобрена
14117,IT,62861.05,IT,2026-12-18,Manager → IT → Finance → Procurement,27.8,0,,0,Одобрена
12142,Простая,14276.25,Finance,2026-12-18,Manager → Procurement,24.51,1,Не согласовано руководителем,2,Отклонена
13368,IT,202681.32,Operations,2026-12-18,Manager → IT → Finance → Procurement,13.35,0,,0,Одобрена
13373,Юридическая,314235.76,Marketing,2026-12-18,Manager → Finance → Legal → Procurement,1.0,0,,0,Одобрена
11054,Простая,16642.67,Marketing,2026-12-18,Manager → Procurement,5.61,0,,1,Одобрена
14958,Простая,22028.46,IT,2026-12-19,Manager → Procurement,8.56,0,,0,Одобрена
10524,IT,38772.37,Finance,2026-12-19,Manager → IT → Finance → Procurement,13.41,0,,0,Одобрена
12239,Простая,37542.14,Sales,2026-12-19,Manager → Procurement,11.2,0,,0,Одобрена
14832,Простая,14976.78,Marketing,2026-12-19,Manager → Procurement,4.24,0,,0,Одобрена
10347,Юридическая,301390.58,Finance,2026-12-19,Manager → Finance → Legal → Procurement,1.0,0,,0,Одобрена
14815,Простая,8429.0,Administration,2026-12-19,Manager → Procurement,10.92,0,,0,Одобрена
12046,Простая,5937.21,Administration,2026-12-19,Manager → Procurement,10.71,0,,0,Одобрена
10097,Простая,6765.35,Finance,2026-12-19,Manager → Procurement,1.0,0,,0,Одобрена
12082,Простая,6525.35,Operations,2026-12-19,Manager → Procurement,5.96,0,,0,Одобрена
14136,Простая,5774.54,Finance,2026-12-19,Manager → Procurement,8.23,0,Некорректные данные,0,Отклонена
12700,Юридическая,817215.01,HR,2026-12-19,Manager → Finance → Legal → Procurement,24.13,0,,0,Одобрена
11523,Юридическая,100000.0,IT,2026-12-19,Manager → Finance → Legal → Procurement,80.41,1,,3,Одобрена
10832,IT,203151.13,Marketing,2026-12-19,Manager → IT → Finance → Procurement,36.86,0,,0,В процессе
12667,Юридическая,226489.69,Operations,2026-12-19,Manager → Finance → Legal → Procurement,87.45,0,,0,В процессе
11274,IT,55918.7,IT,2026-12-20,Manager → IT → Finance → Procurement,25.89,0,,0,Одобрена
14478,Простая,50000.0,Operations,2026-12-20,Manager → Procurement,12.83,0,,1,Одобрена
14079,Простая,14340.5,IT,2026-12-20,Manager → Procurement,2.18,0,Не согласовано руководителем,1,Отклонена
11588,IT,300000.0,Administration,2026-12-20,Manager → IT → Finance → Procurement,19.15,0,,1,Одобрена
14845,Простая,12443.8,Marketing,2026-12-20,Manager → Procurement,16.23,0,,1,Одобрена
12008,Простая,13844.88,IT,2026-12-20,Manager → Procurement,1.0,0,,0,Одобрена
10841,Простая,5087.35,Sales,2026-12-20,Manager → Procurement,8.35,0,,0,Одобрена
12035,Простая,13386.13,IT,2026-12-20,Manager → Procurement,14.05,0,,0,Одобрена
12259,Простая,16768.77,Finance,2026-12-20,Manager → Procurement,5.13,0,,1,Одобрена
11912,Простая,21754.72,HR,2026-12-21,Manager → Procurement,7.58,0,,0,Одобрена
10691,Простая,12202.42,Sales,2026-12-21,Manager → Procurement,24.2,1,,1,Одобрена
12621,Юридическая,902108.24,Marketing,2026-12-21,Manager → Finance → Legal → Procurement,48.96,0,,0,Одобрена
11809,Простая,11036.34,Sales,2026-12-21,Manager → Procurement,10.83,0,,0,Одобрена
13280,Простая,10528.32,Marketing,2026-12-21,Manager → Procurement,13.6,0,,0,Одобрена
14869,Простая,29116.44,IT,2026-12-21,Manager → Procurement,5.15,0,,1,Одобрена
10120,IT,164165.06,Sales,2026-12-21,Manager → IT → Finance → Procurement,31.73,0,,0,Одобрена
11176,IT,135170.83,Administration,2026-12-21,Manager → IT → Finance → Procurement,51.56,1,,1,В процессе
12955,IT,75700.59,Operations,2026-12-21,Manager → IT → Finance → Procurement,28.72,0,,0,Одобрена
12419,Простая,4349.36,Sales,2026-12-21,Manager → Procurement,6.56,0,,0,Одобрена
13172,IT,106527.86,Finance,2026-12-21,Manager → IT → Finance → Procurement,42.76,0,Технические требования не соблюдены,0,Отклонена
10196,Простая,14075.88,Administration,2026-12-21,Manager → Procurement,8.0,0,,0,Одобрена
14203,Простая,30913.59,Sales,2026-12-21,Manager → Procurement,10.65,0,,0,Одобрена
10807,IT,102210.94,Finance,2026-12-21,Manager → IT → Finance → Procurement,27.92,0,,1,Одобрена
14151,Простая,14485.66,Marketing,2026-12-21,Manager → Procurement,22.76,0,,0,Одобрена
12030,IT,70234.1,Operations,2026-12-22,Manager → IT → Finance → Procurement,36.05,0,,0,Одобрена
10849,Простая,13002.83,IT,2026-12-22,Manager → Procurement,4.84,0,,1,Одобрена
12268,IT,83496.61,HR,2026-12-22,Manager → IT → Finance → Procurement,17.89,0,,0,Одобрена
10962,Простая,18111.33,IT,2026-12-22,Manager → Procurement,5.44,0,,0,Одобрена
10202,Юридическая,235930.01,IT,2026-12-22,Manager → Finance → Legal → Procurement,92.77,0,,0,Одобрена
14868,Простая,30911.9,Operations,2026-12-22,Manager → Procurement,23.76,1,,3,Одобрена
14059,Простая,4954.4,IT,2026-12-22,Manager → Procurement,2.8,0,,0,Одобрена
10922,IT,140268.74,IT,2026-12-22,Manager → IT → Finance → Procurement,65.01,2,,6,Одобрена
10638,IT,152273.63,Finance,2026-12-22,Manager → IT → Finance → Procurement,37.97,0,,0,Одобрена
11740,IT,94876.85,Marketing,2026-12-22,Manager → IT → Finance → Procurement,12.71,0,,1,Одобрена
11885,Простая,20267.89,Administration,2026-12-22,Manager → Procurement,17.45,1,,3,В процессе
13591,IT,71753.96,Sales,2026-12-22,Manager → IT → Finance → Procurement,30.12,0,,1,В процессе
11641,IT,53727.9,IT,2026-12-23,Manager → IT → Finance → Procurement,23.77,0,,0,Одобрена
12723,Простая,8825.94,IT,2026-12-23,Manager → Procurement,8.21,0,,0,Одобрена
14997,Простая,27513.23,Marketing,2026-12-23,Manager → Procurement,18.81,0,,0,Одобрена
12467,IT,123525.03,Marketing,2026-12-23,Manager → IT → Finance → Procurement,5.4,0,,1,Одобрена
13045,IT,102063.48,Administration,2026-12-23,Manager → IT → Finance → Procurement,56.76,0,,1,В процессе
10981,Юридическая,154177.49,Sales,2026-12-23,Manager → Finance → Legal → Procurement,39.15,0,,1,Одобрена
10684,Простая,15017.04,HR,2026-12-23,Manager → Procurement,20.59,0,,0,Одобрена
12987,Простая,15733.97,Administration,2026-12-23,Manager → Procurement,9.88,0,,1,Одобрена
11288,Простая,11765.53,Administration,2026-12-23,Manager → Procurement,4.63,0,,1,Одобрена
11219,IT,256109.06,IT,2026-12-23,Manager → IT → Finance → Procurement,30.81,0,,0,Одобрена
13774,IT,119044.88,Operations,2026-12-23,Manager → IT → Procurement → Finance,41.94,0,,0,Одобрена
12800,IT,64750.04,Marketing,2026-12-23,Manager → IT → Finance → Procurement,21.08,0,,0,Одобрена
12597,Простая,6919.94,Marketing,2026-12-24,Manager → Procurement,11.51,0,,0,Одобрена
10016,Простая,3955.63,Marketing,2026-12-24,Manager → Procurement,13.74,0,,0,Одобрена
11873,Юридическая,597427.91,Sales,2026-12-24,Manager → Finance → Legal → Procurement,75.05,0,,0,Одобрена
14320,Простая,12376.86,IT,2026-12-24,Manager → Procurement,10.36,0,,1,Одобрена
13256,IT,51451.95,Marketing,2026-12-24,Manager → IT → Finance → Procurement,8.49,0,,0,Одобрена
14983,Простая,10888.35,Administration,2026-12-24,Manager → Procurement,9.59,0,,0,Одобрена
13789,Простая,12047.14,Marketing,2026-12-24,Manager → Procurement,15.11,0,,1,Одобрена
12415,Простая,16120.4,Finance,2026-12-24,Manager → Procurement,11.23,0,,0,Одобрена
14849,Простая,8976.95,Sales,2026-12-24,Manager → Procurement,4.98,0,,0,Одобрена
13207,Простая,38816.33,Sales,2026-12-24,Manager → Procurement,7.49,0,,0,Одобрена
11414,Юридическая,787553.19,Administration,2026-12-24,Manager → Finance → Legal → Procurement,65.43,0,,0,Одобрена
10493,IT,95331.77,Marketing,2026-12-24,Manager → IT → Finance → Procurement,24.42,0,,0,Одобрена
12993,Простая,5162.25,IT,2026-12-24,Manager → Procurement,13.4,0,,0,Одобрена
13507,Простая,25517.85,HR,2026-12-24,Manager → Procurement,12.23,0,,1,Одобрена
14211,IT,102730.44,Administration,2026-12-25,Manager → IT → Finance → Procurement,21.18,0,,0,Одобрена
14231,Юридическая,547424.77,IT,2026-12-25,Manager → Finance → Legal → Procurement,35.89,0,,1,Одобрена
13440,IT,54877.5,IT,2026-12-25,Manager → IT → Finance → Procurement,13.59,0,,1,Одобрена
13723,Юридическая,177521.59,Finance,2026-12-25,Manager → Finance → Legal → Procurement,64.42,0,,0,Одобрена
13838,Простая,8630.46,Finance,2026-12-25,Manager → Procurement,8.7,0,,1,Одобрена
10504,IT,300000.0,HR,2026-12-25,Manager → IT → Finance → Procurement,25.46,0,,0,Одобрена
13955,Простая,20938.98,Sales,2026-12-25,Manager → Procurement,15.65,0,,0,Одобрена
13203,Юридическая,216515.94,Marketing,2026-12-25,Manager → Finance → Legal → Procurement,36.23,0,Недостаточно бюджета,0,Отклонена
10163,Простая,21228.71,IT,2026-12-25,Manager → Procurement,11.03,0,,0,Одобрена
14041,Простая,50000.0,IT,2026-12-26,Manager → Procurement,7.38,0,,1,Одобрена
13830,IT,175503.84,Administration,2026-12-26,Manager → Finance → IT → Procurement,64.26,0,,0,Одобрена
14438,Простая,34280.88,Operations,2026-12-26,Manager → Procurement,17.61,0,,0,Одобрена
10560,Простая,4327.94,IT,2026-12-26,Manager → Procurement,7.06,0,,0,Одобрена
13165,IT,240976.97,Sales,2026-12-26,Manager → IT → Finance → Procurement,37.29,0,,0,Одобрена
12589,Простая,9455.86,HR,2026-12-26,Manager → Procurement,4.8,0,,0,Одобрена
11468,Простая,9442.9,Finance,2026-12-26,Manager → Procurement,2.42,0,,1,Одобрена
11380,Простая,8824.97,Sales,2026-12-26,Manager → Procurement,1.77,0,,0,Одобрена
13034,Простая,22481.78,Marketing,2026-12-26,Manager → Finance → Procurement,25.68,0,,0,Одобрена
12615,Простая,9342.38,Sales,2026-12-26,Manager → Procurement,11.98,0,Недостаточно бюджета,0,Отклонена
13177,Юридическая,596083.43,HR,2026-12-26,Manager → Finance → Legal → Procurement,60.28,1,Юридические риски,3,Отклонена
11450,Простая,6598.51,Operations,2026-12-27,Manager → Procurement,16.72,1,,2,Одобрена
13843,IT,242885.99,IT,2026-12-27,Manager → IT → Finance → Procurement,10.05,0,,1,Одобрена
10740,Простая,20401.04,Sales,2026-12-27,Manager → Procurement,1.39,0,,0,Одобрена
14253,Простая,13316.21,Finance,2026-12-27,Manager → Procurement,1.0,0,,0,Одобрена
11643,Простая,19109.52,Marketing,2026-12-27,Manager → Procurement,4.36,0,Недостаточно бюджета,0,Отклонена
11187,Простая,3513.99,Finance,2026-12-27,Manager → Procurement,23.98,1,,3,Одобрена
11491,Простая,5940.11,Marketing,2026-12-27,Manager → Procurement,12.89,0,Не согласовано руководителем,1,Отклонена
11249,Юридическая,428349.61,HR,2026-12-27,Manager → Finance → Legal → Procurement,72.87,1,,3,Одобрена
10600,IT,58653.3,Sales,2026-12-27,Manager → IT → Finance → Procurement,35.84,0,,1,В процессе
12996,Простая,10258.42,Marketing,2026-12-27,Manager → Procurement,2.01,0,,0,Одобрена
10375,Простая,20207.04,Finance,2026-12-27,Manager → Procurement,6.09,0,,0,Одобрена
12841,IT,96092.28,Operations,2026-12-27,Manager → IT → Finance → Procurement,40.19,1,,3,Одобрена
12604,IT,169303.89,HR,2026-12-27,Manager → IT → Finance → Procurement,37.36,0,,0,Одобрена
13425,Простая,11822.46,Marketing,2026-12-27,Manager → Procurement,5.48,0,,0,Одобрена
10687,Простая,19622.0,IT,2026-12-27,Manager → Procurement,1.0,0,,0,Одобрена
11920,Юридическая,273420.76,HR,2026-12-27,Manager → Finance → Legal → Procurement,38.44,0,,0,Одобрена
11903,IT,187901.4,Finance,2026-12-27,Manager → IT → Finance → Procurement,17.48,0,,0,Одобрена
13393,Юридическая,747915.62,Sales,2026-12-27,Manager → Finance → Legal → Procurement,30.64,3,,5,Одобрена
12803,Простая,43957.15,Sales,2026-12-28,Manager → Procurement,7.06,0,,0,Одобрена
10033,Простая,14983.0,IT,2026-12-28,Manager → Procurement,1.0,0,,0,Одобрена
13493,Юридическая,309904.38,Sales,2026-12-28,Manager → Finance → Legal → Procurement,28.48,0,,0,В процессе
13809,Юридическая,279119.33,Administration,2026-12-28,Manager → Finance → Legal → Procurement,67.43,0,,1,Одобрена
14008,Простая,35365.76,Sales,2026-12-28,Manager → Procurement,4.98,0,,0,В процессе
10417,Простая,21480.08,IT,2026-12-28,Manager → Procurement,14.79,0,Некорректные данные,0,Отклонена
11570,Простая,50000.0,Operations,2026-12-28,Manager → Procurement,7.47,0,,1,Одобрена
14156,Простая,14764.14,Administration,2026-12-28,Manager → Procurement,4.0,0,,0,Одобрена
14767,IT,114041.25,Marketing,2026-12-28,Manager → IT → Finance → Procurement,36.89,0,Недостаточно бюджета,0,Отклонена
11266,IT,62699.07,Operations,2026-12-28,Manager → IT → Finance → Procurement,33.65,0,,0,В процессе
12593,IT,155790.81,Operations,2026-12-28,Manager → IT → Finance → Procurement,52.53,1,,2,Одобрена
14371,Простая,9132.07,Operations,2026-12-28,Manager → Procurement,7.78,0,Не согласовано руководителем,1,Отклонена
10886,Простая,21292.14,IT,2026-12-28,Manager → Procurement,12.78,0,,1,Одобрена
14730,Простая,50000.0,Administration,2026-12-28,Manager → Procurement,3.34,0,,1,В процессе
12163,Простая,18530.25,HR,2026-12-28,Manager → Procurement,7.74,0,,1,Одобрена
14613,IT,182242.92,HR,2026-12-29,Manager → IT → Finance → Procurement,25.59,0,,0,Одобрена
13320,Простая,13316.16,Sales,2026-12-29,Manager → Procurement,10.33,0,,1,Одобрена
13908,Юридическая,274961.84,Operations,2026-12-29,Manager → Finance → Legal → Procurement,53.07,1,,1,Одобрена
12975,IT,30000.0,Operations,2026-12-29,Manager → IT → Finance → Procurement,18.28,0,,0,Одобрена
14605,IT,150237.34,IT,2026-12-29,Manager → IT → Finance → Procurement,15.73,0,,0,Одобрена
13486,IT,67742.91,Operations,2026-12-29,Manager → IT → Finance → Procurement,34.06,1,,2,Одобрена
10978,Простая,23155.25,Marketing,2026-12-29,Manager → Procurement,4.52,0,,0,Одобрена
14336,Простая,22642.97,Operations,2026-12-29,Manager → Procurement,2.94,0,,1,Одобрена
11326,Юридическая,848396.07,IT,2026-12-29,Manager → Finance → Legal → Procurement,77.68,0,,0,Одобрена
13144,Простая,10466.82,Marketing,2026-12-29,Manager → Procurement,15.47,0,,0,Одобрена
12679,IT,59666.48,Administration,2026-12-29,Manager → IT → Finance → Procurement,29.95,0,,1,Одобрена
11567,Простая,3825.63,HR,2026-12-29,Manager → Procurement,9.83,0,,0,Одобрена
13208,Простая,7475.91,Marketing,2026-12-29,Manager → Finance → Procurement,19.66,0,,0,Одобрена
14720,Простая,21645.78,IT,2026-12-29,Manager → Procurement,1.0,0,,0,Одобрена
13851,Простая,5298.95,Sales,2026-12-29,Manager → Procurement,2.82,0,,0,Одобрена
12464,IT,230922.48,Administration,2026-12-29,Manager → IT → Finance → Procurement,53.33,0,,1,Одобрена
13583,Простая,9724.6,Sales,2026-12-30,Manager → Procurement,5.42,0,,0,В процессе
14651,IT,71892.6,Operations,2026-12-30,Manager → IT → Finance → Procurement,62.16,2,,5,Одобрена
10397,IT,116391.6,Marketing,2026-12-30,Manager → IT → Finance → Procurement,42.61,0,,0,Одобрена
12066,Юридическая,593867.84,Operations,2026-12-30,Manager → Finance → Legal → Procurement,1.0,0,,0,Одобрена
10833,Простая,8951.93,Marketing,2026-12-30,Manager → Procurement,3.61,0,,0,Одобрена
10872,Простая,12592.59,Marketing,2026-12-30,Manager → Procurement,21.24,1,,3,Одобрена
10481,Простая,15239.73,IT,2026-12-30,Manager → Procurement,1.0,0,,0,Одобрена
10048,Простая,18819.34,Operations,2026-12-30,Manager → Procurement,21.32,0,,1,Одобрена
14152,IT,160739.54,Sales,2026-12-30,Manager → IT → Finance → Procurement,38.01,0,,0,Одобрена
11750,Простая,13362.95,Finance,2026-12-30,Manager → Procurement,12.17,0,,0,Одобрена
13724,Простая,9705.15,Operations,2026-12-30,Manager → Procurement,14.26,0,,1,Одобрена
11947,Простая,13025.2,Finance,2026-12-30,Manager → Finance → Procurement,21.01,0,,1,Одобрена
13401,Простая,7602.11,Sales,2026-12-31,Manager → Procurement,6.62,0,,0,Одобрена
14858,IT,99428.33,HR,2026-12-31,Manager → IT → Finance → Procurement,40.28,0,,0,Одобрена
14699,IT,88019.67,IT,2026-12-31,Manager → IT → Procurement → Finance,32.27,0,,0,Одобрена
14034,IT,54271.8,Operations,2026-12-31,Manager → IT → Finance → Procurement,26.96,0,,1,Одобрена
13876,Простая,11000.66,Marketing,2026-12-31,Manager → Procurement,7.73,0,,0,Одобрена
13628,IT,225563.42,Administration,2026-12-31,Manager → IT → Finance → Procurement,1.0,0,,0,Одобрена
11452,IT,184645.26,Marketing,2026-12-31,Manager → IT → Finance → Procurement,6.45,0,,0,Одобрена
13005,Простая,10275.9,Operations,2026-12-31,Manager → Procurement,3.2,0,,0,В процессе
14594,Простая,35831.12,HR,2026-12-31,Manager → Procurement,15.03,0,Некорректные данные,0,Отклонена
10628,Простая,15030.82,Operations,2026-12-31,Manager → Procurement,5.55,0,,0,Одобрена
11976,Простая,42199.37,IT,2026-12-31,Manager → Procurement,13.32,0,,0,Одобрена
10070,Простая,50000.0,Sales,2026-12-31,Manager → Procurement,3.74,0,,0,Одобрена
14250,IT,67642.61,Operations,2026-12-31,Manager → IT → Finance → Procurement,57.21,3,,3,Одобрена
13024,IT,82388.09,Sales,2026-12-31,Manager → IT → Finance → Procurement,55.09,0,,0,Одобрена
13455,Юридическая,490723.82,IT,2026-12-31,Manager → Legal → Finance → Procurement,41.93,0,,0,Одобрена
11505,IT,65781.54,Operations,2026-12-31,Manager → IT → Finance → Procurement,45.65,0,,0,Одобрена
13951,Простая,15802.68,Marketing,2026-12-31,Manager → Procurement,6.8,0,,0,Одобрена
12172,Простая,7180.27,Sales,2026-12-31,Manager → Procurement,7.15,0,,1,Одобрена
10817,Юридическая,191178.63,Marketing,2026-12-31,Manager → Finance → Legal → Procurement,84.02,0,,1,Одобрена
